  $ /opt/homebrew/bin/node -p require.resolve(     "@react-native-community/cli-platform-ios/native_modules.rb",     {paths: [process.argv[1]]},   ) /Users/bhagirathsuthar/Documents/projects/SaralGeeta/node_modules/react-native/scripts
  /Users/bhagirathsuthar/Documents/projects/SaralGeeta/node_modules/@react-native-community/cli-platform-ios/native_modules.rb
  $ /opt/homebrew/bin/node -e try {console.log(require('@react-native-community/cli').bin);} catch (e) {console.log(require('react-native/cli').bin);}
  /Users/bhagirathsuthar/Documents/projects/SaralGeeta/node_modules/@react-native-community/cli/build/bin.js
Adding a custom script phase for Pod RNFBApp: [RNFB] Core Configuration
[Lottie React Native] Using install_modules_dependencies
Auto-linking React Native modules for target `SaralGita`: BVLinearGradient, RNAudioRecorderPlayer, RNCAsyncStorage, RNCClipboard, RNDeviceInfo, RNFBApp, RNFBAuth, RNFS, RNFastImage, RNGestureHandler, RNGoogleSignin, RNPermissions, RNReanimated, RNSVG, RNScreens, RNSnackbar, RNSound, RNSoundRecorder, RNVectorIcons, ReactNativeLocalization, lottie-react-native, react-native-config, react-native-image-picker, react-native-orientation-locker, react-native-safe-area-context, react-native-splash-screen, react-native-video, and react-native-voice
Framework build type is static framework
[Codegen] Adding script_phases to React-Codegen.
  $ /bin/mkdir -p ./build/generated/ios
[Codegen] Generating ./build/generated/ios/React-Codegen.podspec.json
  $ /opt/homebrew/bin/node ./../node_modules/react-native/scripts/generate-codegen-artifacts.js -p .. -o /Users/bhagirathsuthar/Documents/projects/SaralGeeta/ios -t ios
  [Codegen] Analyzing ../package.json
  [Codegen] Searching for codegen-enabled libraries in the app.
  [Codegen] The "codegenConfig" field is not defined in package.json. Assuming there is nothing to generate at the app level.
  [Codegen] Searching for codegen-enabled libraries in the project dependencies.
  [Codegen] Found @react-native-async-storage/async-storage
  [Codegen] Found @react-native-clipboard/clipboard
  [Codegen] Found @react-native-google-signin/google-signin
  [Codegen] Found lottie-react-native
  [Codegen] Found react-native
  [Codegen] Found react-native-config
  [Codegen] Found react-native-gesture-handler
  [Codegen] Found react-native-image-picker
  [Codegen] Found react-native-permissions
  [Codegen] Found react-native-reanimated
  [Codegen] Found react-native-safe-area-context
  [Codegen] Found react-native-screens
  [Codegen] Found react-native-svg
  [Codegen] Found react-native-vector-icons
  
  
  [Codegen] >>>>> Searching for codegen-enabled libraries in react-native.config.js
  [Codegen] Processing rnasyncstorage
  [Codegen] Searching for podspec in the project dependencies.
  [Codegen] Supported Apple platforms: ios, macos, tvos, visionos for rnasyncstorage
  [Codegen] Processing rnclipboard
  [Codegen] Searching for podspec in the project dependencies.
  [Codegen] Supported Apple platforms: ios, macos, tvos, visionos for rnclipboard
  [Codegen] Processing RNGoogleSignInCGen
  [Codegen] Searching for podspec in the project dependencies.
  [Codegen] Supported Apple platforms: ios for RNGoogleSignInCGen
  [Codegen] Processing lottiereactnative
  [Codegen] Searching for podspec in the project dependencies.
  [Codegen] Supported Apple platforms: ios, macos, tvos, visionos for lottiereactnative
  [Codegen] Processing FBReactNativeSpec
  [Codegen] Searching for podspec in the project dependencies.
  [Codegen] Processing rncore
  [Codegen] Searching for podspec in the project dependencies.
  [Codegen] Processing RNCConfigModule
  [Codegen] Searching for podspec in the project dependencies.
  [Codegen] Supported Apple platforms: ios, tvos, visionos for RNCConfigModule
  [Codegen] Processing rngesturehandler_codegen
  [Codegen] Searching for podspec in the project dependencies.
  [Codegen] Supported Apple platforms: ios, macos, tvos, visionos for rngesturehandler_codegen
  [Codegen] Processing RNImagePickerSpec
  [Codegen] Searching for podspec in the project dependencies.
  [Codegen] Supported Apple platforms: ios for RNImagePickerSpec
  [Codegen] Processing rnpermissions
  [Codegen] Searching for podspec in the project dependencies.
  [Codegen] Supported Apple platforms: ios, tvos for rnpermissions
  [Codegen] Processing rnreanimated
  [Codegen] Searching for podspec in the project dependencies.
  [Codegen] Supported Apple platforms: ios, macos, tvos, visionos for rnreanimated
  [Codegen] Processing safeareacontext
  [Codegen] Searching for podspec in the project dependencies.
  [Codegen] Supported Apple platforms: ios, macos, tvos, visionos for safeareacontext
  [Codegen] Processing rnscreens
  [Codegen] Searching for podspec in the project dependencies.
  [Codegen] Supported Apple platforms: ios, tvos, visionos for rnscreens
  [Codegen] Processing rnsvg
  [Codegen] Searching for podspec in the project dependencies.
  [Codegen] Supported Apple platforms: ios, macos, tvos for rnsvg
  [Codegen] Processing RNVectorIconsSpec
  [Codegen] Searching for podspec in the project dependencies.
  [Codegen] Supported Apple platforms: ios, tvos, visionos for RNVectorIconsSpec
  [Codegen] Generating Native Code for ios
  [Codegen] Generated artifacts: /Users/bhagirathsuthar/Documents/projects/SaralGeeta/ios/build/generated/ios
  [Codegen] Generating Native Code for ios
  [Codegen] Generated artifacts: /Users/bhagirathsuthar/Documents/projects/SaralGeeta/ios/build/generated/ios
  [Codegen] Generating Native Code for ios
  [Codegen] Generated artifacts: /Users/bhagirathsuthar/Documents/projects/SaralGeeta/ios/build/generated/ios
  [Codegen] Generating Native Code for ios
  [Codegen] Generated artifacts: /Users/bhagirathsuthar/Documents/projects/SaralGeeta/ios/build/generated/ios
  [Codegen] Generating Native Code for ios
  [Codegen] Generated artifacts: /Users/bhagirathsuthar/Documents/projects/SaralGeeta/ios/build/generated/ios
  [Codegen] Generating Native Code for ios
  [Codegen] Generated artifacts: /Users/bhagirathsuthar/Documents/projects/SaralGeeta/node_modules/react-native/ReactCommon
  [Codegen] Generating Native Code for ios
  [Codegen] Generated artifacts: /Users/bhagirathsuthar/Documents/projects/SaralGeeta/ios/build/generated/ios
  [Codegen] Generating Native Code for ios
  [Codegen] Generated artifacts: /Users/bhagirathsuthar/Documents/projects/SaralGeeta/ios/build/generated/ios
  [Codegen] Generating Native Code for ios
  [Codegen] Generated artifacts: /Users/bhagirathsuthar/Documents/projects/SaralGeeta/ios/build/generated/ios
  [Codegen] Generating Native Code for ios
  [Codegen] Generated artifacts: /Users/bhagirathsuthar/Documents/projects/SaralGeeta/ios/build/generated/ios
  [Codegen] Generating Native Code for ios
  [Codegen] Generated artifacts: /Users/bhagirathsuthar/Documents/projects/SaralGeeta/ios/build/generated/ios
  [Codegen] Generating Native Code for ios
  [Codegen] Generated artifacts: /Users/bhagirathsuthar/Documents/projects/SaralGeeta/ios/build/generated/ios
  [Codegen] Generating Native Code for ios
  [Codegen] Generated artifacts: /Users/bhagirathsuthar/Documents/projects/SaralGeeta/ios/build/generated/ios
  [Codegen] Generating Native Code for ios
  [Codegen] Generated artifacts: /Users/bhagirathsuthar/Documents/projects/SaralGeeta/ios/build/generated/ios
  [Codegen] Generating Native Code for ios
  [Codegen] Generated artifacts: /Users/bhagirathsuthar/Documents/projects/SaralGeeta/ios/build/generated/ios
  [Codegen] Creating component provider.
  [Codegen] Generated provider in: /Users/bhagirathsuthar/Documents/projects/SaralGeeta/node_modules/react-native/React/Fabric
  [Codegen] Done.
[Codegen] Analyzing ../package.json
[Codegen] Searching for codegen-enabled libraries in the app.
[Codegen] The "codegenConfig" field is not defined in package.json. Assuming there is nothing to generate at the app level.
[Codegen] Searching for codegen-enabled libraries in the project dependencies.
[Codegen] Found @react-native-async-storage/async-storage
[Codegen] Found @react-native-clipboard/clipboard
[Codegen] Found @react-native-google-signin/google-signin
[Codegen] Found lottie-react-native
[Codegen] Found react-native
[Codegen] Found react-native-config
[Codegen] Found react-native-gesture-handler
[Codegen] Found react-native-image-picker
[Codegen] Found react-native-permissions
[Codegen] Found react-native-reanimated
[Codegen] Found react-native-safe-area-context
[Codegen] Found react-native-screens
[Codegen] Found react-native-svg
[Codegen] Found react-native-vector-icons


[Codegen] >>>>> Searching for codegen-enabled libraries in react-native.config.js
[Codegen] Processing rnasyncstorage
[Codegen] Searching for podspec in the project dependencies.
[Codegen] Supported Apple platforms: ios, macos, tvos, visionos for rnasyncstorage
[Codegen] Processing rnclipboard
[Codegen] Searching for podspec in the project dependencies.
[Codegen] Supported Apple platforms: ios, macos, tvos, visionos for rnclipboard
[Codegen] Processing RNGoogleSignInCGen
[Codegen] Searching for podspec in the project dependencies.
[Codegen] Supported Apple platforms: ios for RNGoogleSignInCGen
[Codegen] Processing lottiereactnative
[Codegen] Searching for podspec in the project dependencies.
[Codegen] Supported Apple platforms: ios, macos, tvos, visionos for lottiereactnative
[Codegen] Processing FBReactNativeSpec
[Codegen] Searching for podspec in the project dependencies.
[Codegen] Processing rncore
[Codegen] Searching for podspec in the project dependencies.
[Codegen] Processing RNCConfigModule
[Codegen] Searching for podspec in the project dependencies.
[Codegen] Supported Apple platforms: ios, tvos, visionos for RNCConfigModule
[Codegen] Processing rngesturehandler_codegen
[Codegen] Searching for podspec in the project dependencies.
[Codegen] Supported Apple platforms: ios, macos, tvos, visionos for rngesturehandler_codegen
[Codegen] Processing RNImagePickerSpec
[Codegen] Searching for podspec in the project dependencies.
[Codegen] Supported Apple platforms: ios for RNImagePickerSpec
[Codegen] Processing rnpermissions
[Codegen] Searching for podspec in the project dependencies.
[Codegen] Supported Apple platforms: ios, tvos for rnpermissions
[Codegen] Processing rnreanimated
[Codegen] Searching for podspec in the project dependencies.
[Codegen] Supported Apple platforms: ios, macos, tvos, visionos for rnreanimated
[Codegen] Processing safeareacontext
[Codegen] Searching for podspec in the project dependencies.
[Codegen] Supported Apple platforms: ios, macos, tvos, visionos for safeareacontext
[Codegen] Processing rnscreens
[Codegen] Searching for podspec in the project dependencies.
[Codegen] Supported Apple platforms: ios, tvos, visionos for rnscreens
[Codegen] Processing rnsvg
[Codegen] Searching for podspec in the project dependencies.
[Codegen] Supported Apple platforms: ios, macos, tvos for rnsvg
[Codegen] Processing RNVectorIconsSpec
[Codegen] Searching for podspec in the project dependencies.
[Codegen] Supported Apple platforms: ios, tvos, visionos for RNVectorIconsSpec
[Codegen] Generating Native Code for ios
[Codegen] Generated artifacts: /Users/bhagirathsuthar/Documents/projects/SaralGeeta/ios/build/generated/ios
[Codegen] Generating Native Code for ios
[Codegen] Generated artifacts: /Users/bhagirathsuthar/Documents/projects/SaralGeeta/ios/build/generated/ios
[Codegen] Generating Native Code for ios
[Codegen] Generated artifacts: /Users/bhagirathsuthar/Documents/projects/SaralGeeta/ios/build/generated/ios
[Codegen] Generating Native Code for ios
[Codegen] Generated artifacts: /Users/bhagirathsuthar/Documents/projects/SaralGeeta/ios/build/generated/ios
[Codegen] Generating Native Code for ios
[Codegen] Generated artifacts: /Users/bhagirathsuthar/Documents/projects/SaralGeeta/ios/build/generated/ios
[Codegen] Generating Native Code for ios
[Codegen] Generated artifacts: /Users/bhagirathsuthar/Documents/projects/SaralGeeta/node_modules/react-native/ReactCommon
[Codegen] Generating Native Code for ios
[Codegen] Generated artifacts: /Users/bhagirathsuthar/Documents/projects/SaralGeeta/ios/build/generated/ios
[Codegen] Generating Native Code for ios
[Codegen] Generated artifacts: /Users/bhagirathsuthar/Documents/projects/SaralGeeta/ios/build/generated/ios
[Codegen] Generating Native Code for ios
[Codegen] Generated artifacts: /Users/bhagirathsuthar/Documents/projects/SaralGeeta/ios/build/generated/ios
[Codegen] Generating Native Code for ios
[Codegen] Generated artifacts: /Users/bhagirathsuthar/Documents/projects/SaralGeeta/ios/build/generated/ios
[Codegen] Generating Native Code for ios
[Codegen] Generated artifacts: /Users/bhagirathsuthar/Documents/projects/SaralGeeta/ios/build/generated/ios
[Codegen] Generating Native Code for ios
[Codegen] Generated artifacts: /Users/bhagirathsuthar/Documents/projects/SaralGeeta/ios/build/generated/ios
[Codegen] Generating Native Code for ios
[Codegen] Generated artifacts: /Users/bhagirathsuthar/Documents/projects/SaralGeeta/ios/build/generated/ios
[Codegen] Generating Native Code for ios
[Codegen] Generated artifacts: /Users/bhagirathsuthar/Documents/projects/SaralGeeta/ios/build/generated/ios
[Codegen] Generating Native Code for ios
[Codegen] Generated artifacts: /Users/bhagirathsuthar/Documents/projects/SaralGeeta/ios/build/generated/ios
[Codegen] Creating component provider.
[Codegen] Generated provider in: /Users/bhagirathsuthar/Documents/projects/SaralGeeta/node_modules/react-native/React/Fabric
[Codegen] Done.
  Preparing

Analyzing dependencies

Inspecting targets to integrate
  Using `ARCHS` setting to build architectures of target `Pods-SaralGita`: (``)
  Using `ARCHS` setting to build architectures of target `Pods-SaralGita-SaralGitaTests`: (``)

Fetching external sources
-> Fetching podspec for `BVLinearGradient` from `../node_modules/react-native-linear-gradient`
-> Fetching podspec for `DoubleConversion` from `../node_modules/react-native/third-party-podspecs/DoubleConversion.podspec`
-> Fetching podspec for `FBLazyVector` from `../node_modules/react-native/Libraries/FBLazyVector`
-> Fetching podspec for `Permission-Camera` from `../node_modules/react-native-permissions/ios/Camera`
-> Fetching podspec for `Permission-MediaLibrary` from `../node_modules/react-native-permissions/ios/MediaLibrary`
-> Fetching podspec for `Permission-Microphone` from `../node_modules/react-native-permissions/ios/Microphone`
-> Fetching podspec for `Permission-PhotoLibrary` from `../node_modules/react-native-permissions/ios/PhotoLibrary`
-> Fetching podspec for `RCT-Folly` from `../node_modules/react-native/third-party-podspecs/RCT-Folly.podspec`
-> Fetching podspec for `RCTDeprecation` from `../node_modules/react-native/ReactApple/Libraries/RCTFoundation/RCTDeprecation`
-> Fetching podspec for `RCTRequired` from `../node_modules/react-native/Libraries/Required`
-> Fetching podspec for `RCTTypeSafety` from `../node_modules/react-native/Libraries/TypeSafety`
-> Fetching podspec for `RNAudioRecorderPlayer` from `../node_modules/react-native-audio-recorder-player`
-> Fetching podspec for `RNCAsyncStorage` from `../node_modules/@react-native-async-storage/async-storage`
-> Fetching podspec for `RNCClipboard` from `../node_modules/@react-native-clipboard/clipboard`
-> Fetching podspec for `RNDeviceInfo` from `../node_modules/react-native-device-info`
-> Fetching podspec for `RNFBApp` from `../node_modules/@react-native-firebase/app`
-> Fetching podspec for `RNFBAuth` from `../node_modules/@react-native-firebase/auth`
-> Fetching podspec for `RNFS` from `../node_modules/react-native-fs`
-> Fetching podspec for `RNFastImage` from `../node_modules/react-native-fast-image`
-> Fetching podspec for `RNGestureHandler` from `../node_modules/react-native-gesture-handler`
-> Fetching podspec for `RNGoogleSignin` from `../node_modules/@react-native-google-signin/google-signin`
-> Fetching podspec for `RNPermissions` from `../node_modules/react-native-permissions`
-> Fetching podspec for `RNReanimated` from `../node_modules/react-native-reanimated`
-> Fetching podspec for `RNSVG` from `../node_modules/react-native-svg`
-> Fetching podspec for `RNScreens` from `../node_modules/react-native-screens`
-> Fetching podspec for `RNSnackbar` from `../node_modules/react-native-snackbar`
-> Fetching podspec for `RNSound` from `../node_modules/react-native-sound`
-> Fetching podspec for `RNSoundRecorder` from `../node_modules/react-native-sound-recorder`
-> Fetching podspec for `RNVectorIcons` from `../node_modules/react-native-vector-icons`
-> Fetching podspec for `React` from `../node_modules/react-native/`
-> Fetching podspec for `React-Codegen` from `build/generated/ios`
-> Fetching podspec for `React-Core` from `../node_modules/react-native/`
-> Fetching podspec for `React-CoreModules` from `../node_modules/react-native/React/CoreModules`
-> Fetching podspec for `React-Fabric` from `../node_modules/react-native/ReactCommon`
-> Fetching podspec for `React-FabricImage` from `../node_modules/react-native/ReactCommon`
-> Fetching podspec for `React-ImageManager` from `../node_modules/react-native/ReactCommon/react/renderer/imagemanager/platform/ios`
-> Fetching podspec for `React-Mapbuffer` from `../node_modules/react-native/ReactCommon`
-> Fetching podspec for `React-NativeModulesApple` from `../node_modules/react-native/ReactCommon/react/nativemodule/core/platform/ios`
-> Fetching podspec for `React-RCTActionSheet` from `../node_modules/react-native/Libraries/ActionSheetIOS`
-> Fetching podspec for `React-RCTAnimation` from `../node_modules/react-native/Libraries/NativeAnimation`
-> Fetching podspec for `React-RCTAppDelegate` from `../node_modules/react-native/Libraries/AppDelegate`
-> Fetching podspec for `React-RCTBlob` from `../node_modules/react-native/Libraries/Blob`
-> Fetching podspec for `React-RCTFabric` from `../node_modules/react-native/React`
-> Fetching podspec for `React-RCTImage` from `../node_modules/react-native/Libraries/Image`
-> Fetching podspec for `React-RCTLinking` from `../node_modules/react-native/Libraries/LinkingIOS`
-> Fetching podspec for `React-RCTNetwork` from `../node_modules/react-native/Libraries/Network`
-> Fetching podspec for `React-RCTSettings` from `../node_modules/react-native/Libraries/Settings`
-> Fetching podspec for `React-RCTText` from `../node_modules/react-native/Libraries/Text`
-> Fetching podspec for `React-RCTVibration` from `../node_modules/react-native/Libraries/Vibration`
-> Fetching podspec for `React-RuntimeApple` from `../node_modules/react-native/ReactCommon/react/runtime/platform/ios`
-> Fetching podspec for `React-RuntimeCore` from `../node_modules/react-native/ReactCommon/react/runtime`
-> Fetching podspec for `React-callinvoker` from `../node_modules/react-native/ReactCommon/callinvoker`
-> Fetching podspec for `React-cxxreact` from `../node_modules/react-native/ReactCommon/cxxreact`
-> Fetching podspec for `React-debug` from `../node_modules/react-native/ReactCommon/react/debug`
-> Fetching podspec for `React-featureflags` from `../node_modules/react-native/ReactCommon/react/featureflags`
-> Fetching podspec for `React-graphics` from `../node_modules/react-native/ReactCommon/react/renderer/graphics`
-> Fetching podspec for `React-jsc` from `../node_modules/react-native/ReactCommon/jsc`
-> Fetching podspec for `React-jserrorhandler` from `../node_modules/react-native/ReactCommon/jserrorhandler`
-> Fetching podspec for `React-jsi` from `../node_modules/react-native/ReactCommon/jsi`
-> Fetching podspec for `React-jsiexecutor` from `../node_modules/react-native/ReactCommon/jsiexecutor`
-> Fetching podspec for `React-jsinspector` from `../node_modules/react-native/ReactCommon/jsinspector-modern`
-> Fetching podspec for `React-jsitracing` from `../node_modules/react-native/ReactCommon/hermes/executor/`
-> Fetching podspec for `React-logger` from `../node_modules/react-native/ReactCommon/logger`
-> Fetching podspec for `React-nativeconfig` from `../node_modules/react-native/ReactCommon`
-> Fetching podspec for `React-perflogger` from `../node_modules/react-native/ReactCommon/reactperflogger`
-> Fetching podspec for `React-rendererdebug` from `../node_modules/react-native/ReactCommon/react/renderer/debug`
-> Fetching podspec for `React-rncore` from `../node_modules/react-native/ReactCommon`
-> Fetching podspec for `React-runtimeexecutor` from `../node_modules/react-native/ReactCommon/runtimeexecutor`
-> Fetching podspec for `React-runtimescheduler` from `../node_modules/react-native/ReactCommon/react/renderer/runtimescheduler`
-> Fetching podspec for `React-utils` from `../node_modules/react-native/ReactCommon/react/utils`
-> Fetching podspec for `ReactCommon` from `../node_modules/react-native/ReactCommon`
-> Fetching podspec for `ReactNativeLocalization` from `../node_modules/react-native-localization`
-> Fetching podspec for `Yoga` from `../node_modules/react-native/ReactCommon/yoga`
-> Fetching podspec for `boost` from `../node_modules/react-native/third-party-podspecs/boost.podspec`
-> Fetching podspec for `fmt` from `../node_modules/react-native/third-party-podspecs/fmt.podspec`
-> Fetching podspec for `glog` from `../node_modules/react-native/third-party-podspecs/glog.podspec`
-> Fetching podspec for `lottie-react-native` from `../node_modules/lottie-react-native`
[Lottie React Native] Using install_modules_dependencies
-> Fetching podspec for `react-native-config` from `../node_modules/react-native-config`
-> Fetching podspec for `react-native-image-picker` from `../node_modules/react-native-image-picker`
-> Fetching podspec for `react-native-orientation-locker` from `../node_modules/react-native-orientation-locker`
-> Fetching podspec for `react-native-safe-area-context` from `../node_modules/react-native-safe-area-context`
-> Fetching podspec for `react-native-splash-screen` from `../node_modules/react-native-splash-screen`
-> Fetching podspec for `react-native-video` from `../node_modules/react-native-video`
-> Fetching podspec for `react-native-voice` from `../node_modules/@react-native-voice/voice`

Resolving dependencies of `Podfile`
  CDN: trunk Relative path: CocoaPods-version.yml exists! Returning local because checking is only performed in repo update
  CDN: trunk Relative path: all_pods_versions_0_3_5.txt exists! Returning local because checking is only performed in repo update
  CDN: trunk Relative path: Specs/0/3/5/Firebase/12.5.0/Firebase.podspec.json exists! Returning local because checking is only performed in repo update
  CDN: trunk Relative path: Specs/0/3/5/Firebase/11.15.0/Firebase.podspec.json exists! Returning local because checking is only performed in repo update
  CDN: trunk Relative path: all_pods_versions_d_4_0.txt exists! Returning local because checking is only performed in repo update
  CDN: trunk Relative path: Specs/d/4/0/GoogleSignIn/9.0.0/GoogleSignIn.podspec.json exists! Returning local because checking is only performed in repo update
  CDN: trunk Relative path: all_pods_versions_7_1_d.txt exists! Returning local because checking is only performed in repo update
  CDN: trunk Relative path: Specs/7/1/d/lottie-ios/4.5.2/lottie-ios.podspec.json exists! Returning local because checking is only performed in repo update
  CDN: trunk Relative path: all_pods_versions_a_9_3.txt exists! Returning local because checking is only performed in repo update
  CDN: trunk Relative path: Specs/a/9/3/SocketRocket/0.7.1/SocketRocket.podspec.json exists! Returning local because checking is only performed in repo update
  CDN: trunk Relative path: all_pods_versions_1_1_7.txt exists! Returning local because checking is only performed in repo update
  CDN: trunk Relative path: Specs/1/1/7/SDWebImage/5.21.3/SDWebImage.podspec.json exists! Returning local because checking is only performed in repo update
  CDN: trunk Relative path: all_pods_versions_e_9_d.txt exists! Returning local because checking is only performed in repo update
  CDN: trunk Relative path: Specs/e/9/d/SDWebImageWebPCoder/0.15.0/SDWebImageWebPCoder.podspec.json exists! Returning local because checking is only performed in repo update
  CDN: trunk Relative path: Specs/0/3/5/Firebase/11.15.0/Firebase.podspec.json exists! Returning local because checking is only performed in repo update
  CDN: trunk Relative path: Specs/d/4/0/GoogleSignIn/8.0.0/GoogleSignIn.podspec.json exists! Returning local because checking is only performed in repo update
  CDN: trunk Relative path: all_pods_versions_3_b_6.txt exists! Returning local because checking is only performed in repo update
  CDN: trunk Relative path: Specs/3/b/6/AppCheckCore/11.2.0/AppCheckCore.podspec.json exists! Returning local because checking is only performed in repo update
  CDN: trunk Relative path: all_pods_versions_b_b_9.txt exists! Returning local because checking is only performed in repo update
  CDN: trunk Relative path: Specs/b/b/9/AppAuth/2.0.0/AppAuth.podspec.json exists! Returning local because checking is only performed in repo update
  CDN: trunk Relative path: all_pods_versions_2_c_c.txt exists! Returning local because checking is only performed in repo update
  CDN: trunk Relative path: Specs/2/c/c/GTMAppAuth/5.0.0/GTMAppAuth.podspec.json exists! Returning local because checking is only performed in repo update
  CDN: trunk Relative path: all_pods_versions_c_e_3.txt exists! Returning local because checking is only performed in repo update
  CDN: trunk Relative path: Specs/c/e/3/GTMSessionFetcher/5.0.0/GTMSessionFetcher.podspec.json exists! Returning local because checking is only performed in repo update
  CDN: trunk Relative path: Specs/c/e/3/GTMSessionFetcher/3.3.0/GTMSessionFetcher.podspec.json exists! Returning local because checking is only performed in repo update
  CDN: trunk Relative path: Specs/c/e/3/GTMSessionFetcher/3.3.1/GTMSessionFetcher.podspec.json exists! Returning local because checking is only performed in repo update
  CDN: trunk Relative path: Specs/c/e/3/GTMSessionFetcher/3.3.2/GTMSessionFetcher.podspec.json exists! Returning local because checking is only performed in repo update
  CDN: trunk Relative path: Specs/c/e/3/GTMSessionFetcher/3.4.0/GTMSessionFetcher.podspec.json exists! Returning local because checking is only performed in repo update
  CDN: trunk Relative path: Specs/c/e/3/GTMSessionFetcher/3.4.1/GTMSessionFetcher.podspec.json exists! Returning local because checking is only performed in repo update
  CDN: trunk Relative path: Specs/c/e/3/GTMSessionFetcher/3.5.0/GTMSessionFetcher.podspec.json exists! Returning local because checking is only performed in repo update
  CDN: trunk Relative path: all_pods_versions_6_3_6.txt exists! Returning local because checking is only performed in repo update
  CDN: trunk Relative path: Specs/6/3/6/FirebaseAuth/12.5.0/FirebaseAuth.podspec.json exists! Returning local because checking is only performed in repo update
  CDN: trunk Relative path: Specs/6/3/6/FirebaseAuth/11.15.0/FirebaseAuth.podspec.json exists! Returning local because checking is only performed in repo update
  CDN: trunk Relative path: all_pods_versions_4_2_7.txt exists! Returning local because checking is only performed in repo update
  CDN: trunk Relative path: Specs/4/2/7/FirebaseAuthInterop/12.5.0/FirebaseAuthInterop.podspec.json exists! Returning local because checking is only performed in repo update
  CDN: trunk Relative path: all_pods_versions_e_9_8.txt exists! Returning local because checking is only performed in repo update
  CDN: trunk Relative path: Specs/e/9/8/FirebaseAppCheckInterop/12.5.0/FirebaseAppCheckInterop.podspec.json exists! Returning local because checking is only performed in repo update
  CDN: trunk Relative path: all_pods_versions_8_b_d.txt exists! Returning local because checking is only performed in repo update
  CDN: trunk Relative path: Specs/8/b/d/FirebaseCore/12.5.0/FirebaseCore.podspec.json exists! Returning local because checking is only performed in repo update
  CDN: trunk Relative path: all_pods_versions_4_7_f.txt exists! Returning local because checking is only performed in repo update
  CDN: trunk Relative path: Specs/4/7/f/FirebaseCoreExtension/12.5.0/FirebaseCoreExtension.podspec.json exists! Returning local because checking is only performed in repo update
  CDN: trunk Relative path: all_pods_versions_0_8_4.txt exists! Returning local because checking is only performed in repo update
  CDN: trunk Relative path: Specs/0/8/4/GoogleUtilities/8.1.0/GoogleUtilities.podspec.json exists! Returning local because checking is only performed in repo update
  CDN: trunk Relative path: Specs/0/8/4/GoogleUtilities/8.1.0/GoogleUtilities.podspec.json exists! Returning local because checking is only performed in repo update
  CDN: trunk Relative path: Specs/0/8/4/GoogleUtilities/8.1.0/GoogleUtilities.podspec.json exists! Returning local because checking is only performed in repo update
  CDN: trunk Relative path: Specs/c/e/3/GTMSessionFetcher/3.4.0/GTMSessionFetcher.podspec.json exists! Returning local because checking is only performed in repo update
  CDN: trunk Relative path: Specs/c/e/3/GTMSessionFetcher/3.4.1/GTMSessionFetcher.podspec.json exists! Returning local because checking is only performed in repo update
  CDN: trunk Relative path: Specs/c/e/3/GTMSessionFetcher/3.5.0/GTMSessionFetcher.podspec.json exists! Returning local because checking is only performed in repo update
  CDN: trunk Relative path: Specs/c/e/3/GTMSessionFetcher/4.0.0/GTMSessionFetcher.podspec.json exists! Returning local because checking is only performed in repo update
  CDN: trunk Relative path: Specs/c/e/3/GTMSessionFetcher/4.1.0/GTMSessionFetcher.podspec.json exists! Returning local because checking is only performed in repo update
  CDN: trunk Relative path: Specs/c/e/3/GTMSessionFetcher/4.2.0/GTMSessionFetcher.podspec.json exists! Returning local because checking is only performed in repo update
  CDN: trunk Relative path: Specs/c/e/3/GTMSessionFetcher/4.3.0/GTMSessionFetcher.podspec.json exists! Returning local because checking is only performed in repo update
  CDN: trunk Relative path: Specs/c/e/3/GTMSessionFetcher/4.4.0/GTMSessionFetcher.podspec.json exists! Returning local because checking is only performed in repo update
  CDN: trunk Relative path: Specs/c/e/3/GTMSessionFetcher/4.5.0/GTMSessionFetcher.podspec.json exists! Returning local because checking is only performed in repo update
  CDN: trunk Relative path: all_pods_versions_c_1_1.txt exists! Returning local because checking is only performed in repo update
  CDN: trunk Relative path: Specs/c/1/1/RecaptchaInterop/101.0.0/RecaptchaInterop.podspec.json exists! Returning local because checking is only performed in repo update
  CDN: trunk Relative path: Specs/a/9/3/SocketRocket/0.7.0/SocketRocket.podspec.json exists! Returning local because checking is only performed in repo update
  CDN: trunk Relative path: Specs/2/c/c/GTMAppAuth/4.1.1/GTMAppAuth.podspec.json exists! Returning local because checking is only performed in repo update
  CDN: trunk Relative path: Specs/c/e/3/GTMSessionFetcher/3.3.0/GTMSessionFetcher.podspec.json exists! Returning local because checking is only performed in repo update
  CDN: trunk Relative path: Specs/c/e/3/GTMSessionFetcher/3.3.1/GTMSessionFetcher.podspec.json exists! Returning local because checking is only performed in repo update
  CDN: trunk Relative path: Specs/c/e/3/GTMSessionFetcher/3.3.2/GTMSessionFetcher.podspec.json exists! Returning local because checking is only performed in repo update
  CDN: trunk Relative path: Specs/c/e/3/GTMSessionFetcher/3.4.0/GTMSessionFetcher.podspec.json exists! Returning local because checking is only performed in repo update
  CDN: trunk Relative path: Specs/c/e/3/GTMSessionFetcher/3.4.1/GTMSessionFetcher.podspec.json exists! Returning local because checking is only performed in repo update
  CDN: trunk Relative path: Specs/c/e/3/GTMSessionFetcher/3.5.0/GTMSessionFetcher.podspec.json exists! Returning local because checking is only performed in repo update
  CDN: trunk Relative path: Specs/b/b/9/AppAuth/1.7.0/AppAuth.podspec.json exists! Returning local because checking is only performed in repo update
  CDN: trunk Relative path: Specs/b/b/9/AppAuth/1.7.1/AppAuth.podspec.json exists! Returning local because checking is only performed in repo update
  CDN: trunk Relative path: Specs/b/b/9/AppAuth/1.7.2/AppAuth.podspec.json exists! Returning local because checking is only performed in repo update
  CDN: trunk Relative path: Specs/b/b/9/AppAuth/1.7.3/AppAuth.podspec.json exists! Returning local because checking is only performed in repo update
  CDN: trunk Relative path: Specs/b/b/9/AppAuth/1.7.4/AppAuth.podspec.json exists! Returning local because checking is only performed in repo update
  CDN: trunk Relative path: Specs/b/b/9/AppAuth/1.7.5/AppAuth.podspec.json exists! Returning local because checking is only performed in repo update
  CDN: trunk Relative path: Specs/b/b/9/AppAuth/1.7.6/AppAuth.podspec.json exists! Returning local because checking is only performed in repo update
  CDN: trunk Relative path: Specs/c/1/1/RecaptchaInterop/101.0.0/RecaptchaInterop.podspec.json exists! Returning local because checking is only performed in repo update
  CDN: trunk Relative path: Specs/8/b/d/FirebaseCore/11.15.0/FirebaseCore.podspec.json exists! Returning local because checking is only performed in repo update
  CDN: trunk Relative path: Specs/0/8/4/GoogleUtilities/8.1.0/GoogleUtilities.podspec.json exists! Returning local because checking is only performed in repo update
  CDN: trunk Relative path: all_pods_versions_7_9_1.txt exists! Returning local because checking is only performed in repo update
  CDN: trunk Relative path: Specs/7/9/1/FirebaseCoreInternal/12.5.0/FirebaseCoreInternal.podspec.json exists! Returning local because checking is only performed in repo update
  CDN: trunk Relative path: Specs/7/9/1/FirebaseCoreInternal/11.15.0/FirebaseCoreInternal.podspec.json exists! Returning local because checking is only performed in repo update
  CDN: trunk Relative path: Specs/0/8/4/GoogleUtilities/8.1.0/GoogleUtilities.podspec.json exists! Returning local because checking is only performed in repo update
  CDN: trunk Relative path: Specs/0/8/4/GoogleUtilities/8.1.0/GoogleUtilities.podspec.json exists! Returning local because checking is only performed in repo update
  CDN: trunk Relative path: Specs/1/1/7/SDWebImage/5.11.1/SDWebImage.podspec.json exists! Returning local because checking is only performed in repo update
  CDN: trunk Relative path: Specs/1/1/7/SDWebImage/5.11.1/SDWebImage.podspec.json exists! Returning local because checking is only performed in repo update
  CDN: trunk Relative path: Specs/7/1/d/lottie-ios/4.5.0/lottie-ios.podspec.json exists! Returning local because checking is only performed in repo update
  CDN: trunk Relative path: Specs/4/7/f/FirebaseCoreExtension/11.15.0/FirebaseCoreExtension.podspec.json exists! Returning local because checking is only performed in repo update
  CDN: trunk Relative path: Specs/0/8/4/GoogleUtilities/8.1.0/GoogleUtilities.podspec.json exists! Returning local because checking is only performed in repo update
  CDN: trunk Relative path: Specs/0/8/4/GoogleUtilities/8.1.0/GoogleUtilities.podspec.json exists! Returning local because checking is only performed in repo update
  CDN: trunk Relative path: Specs/0/8/4/GoogleUtilities/8.1.0/GoogleUtilities.podspec.json exists! Returning local because checking is only performed in repo update
  CDN: trunk Relative path: Specs/0/8/4/GoogleUtilities/8.1.0/GoogleUtilities.podspec.json exists! Returning local because checking is only performed in repo update
  CDN: trunk Relative path: Specs/0/8/4/GoogleUtilities/8.1.0/GoogleUtilities.podspec.json exists! Returning local because checking is only performed in repo update
  CDN: trunk Relative path: Specs/e/9/d/SDWebImageWebPCoder/0.8.5/SDWebImageWebPCoder.podspec.json exists! Returning local because checking is only performed in repo update
  CDN: trunk Relative path: Specs/e/9/d/SDWebImageWebPCoder/0.8.4/SDWebImageWebPCoder.podspec.json exists! Returning local because checking is only performed in repo update
  CDN: trunk Relative path: Specs/1/1/7/SDWebImage/5.10.0/SDWebImage.podspec.json exists! Returning local because checking is only performed in repo update
  CDN: trunk Relative path: Specs/1/1/7/SDWebImage/5.10.1/SDWebImage.podspec.json exists! Returning local because checking is only performed in repo update
  CDN: trunk Relative path: Specs/1/1/7/SDWebImage/5.10.2/SDWebImage.podspec.json exists! Returning local because checking is only performed in repo update
  CDN: trunk Relative path: Specs/1/1/7/SDWebImage/5.10.3/SDWebImage.podspec.json exists! Returning local because checking is only performed in repo update
  CDN: trunk Relative path: Specs/1/1/7/SDWebImage/5.10.4/SDWebImage.podspec.json exists! Returning local because checking is only performed in repo update
  CDN: trunk Relative path: Specs/1/1/7/SDWebImage/5.11.0/SDWebImage.podspec.json exists! Returning local because checking is only performed in repo update
  CDN: trunk Relative path: Specs/1/1/7/SDWebImage/5.11.1/SDWebImage.podspec.json exists! Returning local because checking is only performed in repo update
  CDN: trunk Relative path: Specs/1/1/7/SDWebImage/5.12.0/SDWebImage.podspec.json exists! Returning local because checking is only performed in repo update
  CDN: trunk Relative path: Specs/1/1/7/SDWebImage/5.12.1/SDWebImage.podspec.json exists! Returning local because checking is only performed in repo update
  CDN: trunk Relative path: Specs/1/1/7/SDWebImage/5.12.2/SDWebImage.podspec.json exists! Returning local because checking is only performed in repo update
  CDN: trunk Relative path: Specs/1/1/7/SDWebImage/5.12.3/SDWebImage.podspec.json exists! Returning local because checking is only performed in repo update
  CDN: trunk Relative path: Specs/1/1/7/SDWebImage/5.12.4/SDWebImage.podspec.json exists! Returning local because checking is only performed in repo update
  CDN: trunk Relative path: Specs/1/1/7/SDWebImage/5.12.5/SDWebImage.podspec.json exists! Returning local because checking is only performed in repo update
  CDN: trunk Relative path: Specs/1/1/7/SDWebImage/5.12.6/SDWebImage.podspec.json exists! Returning local because checking is only performed in repo update
  CDN: trunk Relative path: Specs/1/1/7/SDWebImage/5.13.0/SDWebImage.podspec.json exists! Returning local because checking is only performed in repo update
  CDN: trunk Relative path: Specs/1/1/7/SDWebImage/5.13.1/SDWebImage.podspec.json exists! Returning local because checking is only performed in repo update
  CDN: trunk Relative path: Specs/1/1/7/SDWebImage/5.13.2/SDWebImage.podspec.json exists! Returning local because checking is only performed in repo update
  CDN: trunk Relative path: Specs/1/1/7/SDWebImage/5.13.3/SDWebImage.podspec.json exists! Returning local because checking is only performed in repo update
  CDN: trunk Relative path: Specs/1/1/7/SDWebImage/5.13.4/SDWebImage.podspec.json exists! Returning local because checking is only performed in repo update
  CDN: trunk Relative path: Specs/1/1/7/SDWebImage/5.13.5/SDWebImage.podspec.json exists! Returning local because checking is only performed in repo update
  CDN: trunk Relative path: Specs/1/1/7/SDWebImage/5.14.0/SDWebImage.podspec.json exists! Returning local because checking is only performed in repo update
  CDN: trunk Relative path: Specs/1/1/7/SDWebImage/5.14.1/SDWebImage.podspec.json exists! Returning local because checking is only performed in repo update
  CDN: trunk Relative path: Specs/1/1/7/SDWebImage/5.14.2/SDWebImage.podspec.json exists! Returning local because checking is only performed in repo update
  CDN: trunk Relative path: Specs/1/1/7/SDWebImage/5.14.3/SDWebImage.podspec.json exists! Returning local because checking is only performed in repo update
  CDN: trunk Relative path: Specs/1/1/7/SDWebImage/5.15.0/SDWebImage.podspec.json exists! Returning local because checking is only performed in repo update
  CDN: trunk Relative path: Specs/1/1/7/SDWebImage/5.15.1/SDWebImage.podspec.json exists! Returning local because checking is only performed in repo update
  CDN: trunk Relative path: Specs/1/1/7/SDWebImage/5.15.2/SDWebImage.podspec.json exists! Returning local because checking is only performed in repo update
  CDN: trunk Relative path: Specs/1/1/7/SDWebImage/5.15.3/SDWebImage.podspec.json exists! Returning local because checking is only performed in repo update
  CDN: trunk Relative path: Specs/1/1/7/SDWebImage/5.15.4/SDWebImage.podspec.json exists! Returning local because checking is only performed in repo update
  CDN: trunk Relative path: Specs/1/1/7/SDWebImage/5.15.5/SDWebImage.podspec.json exists! Returning local because checking is only performed in repo update
  CDN: trunk Relative path: Specs/1/1/7/SDWebImage/5.15.6/SDWebImage.podspec.json exists! Returning local because checking is only performed in repo update
  CDN: trunk Relative path: Specs/1/1/7/SDWebImage/5.15.7/SDWebImage.podspec.json exists! Returning local because checking is only performed in repo update
  CDN: trunk Relative path: Specs/1/1/7/SDWebImage/5.15.8/SDWebImage.podspec.json exists! Returning local because checking is only performed in repo update
  CDN: trunk Relative path: Specs/1/1/7/SDWebImage/5.16.0/SDWebImage.podspec.json exists! Returning local because checking is only performed in repo update
  CDN: trunk Relative path: Specs/1/1/7/SDWebImage/5.17.0/SDWebImage.podspec.json exists! Returning local because checking is only performed in repo update
  CDN: trunk Relative path: Specs/1/1/7/SDWebImage/5.18.0/SDWebImage.podspec.json exists! Returning local because checking is only performed in repo update
  CDN: trunk Relative path: Specs/1/1/7/SDWebImage/5.18.1/SDWebImage.podspec.json exists! Returning local because checking is only performed in repo update
  CDN: trunk Relative path: Specs/1/1/7/SDWebImage/5.18.2/SDWebImage.podspec.json exists! Returning local because checking is only performed in repo update
  CDN: trunk Relative path: Specs/1/1/7/SDWebImage/5.18.3/SDWebImage.podspec.json exists! Returning local because checking is only performed in repo update
  CDN: trunk Relative path: Specs/1/1/7/SDWebImage/5.18.4/SDWebImage.podspec.json exists! Returning local because checking is only performed in repo update
  CDN: trunk Relative path: Specs/1/1/7/SDWebImage/5.18.5/SDWebImage.podspec.json exists! Returning local because checking is only performed in repo update
  CDN: trunk Relative path: Specs/1/1/7/SDWebImage/5.18.6/SDWebImage.podspec.json exists! Returning local because checking is only performed in repo update
  CDN: trunk Relative path: Specs/1/1/7/SDWebImage/5.18.7/SDWebImage.podspec.json exists! Returning local because checking is only performed in repo update
  CDN: trunk Relative path: Specs/1/1/7/SDWebImage/5.18.8/SDWebImage.podspec.json exists! Returning local because checking is only performed in repo update
  CDN: trunk Relative path: Specs/1/1/7/SDWebImage/5.18.9/SDWebImage.podspec.json exists! Returning local because checking is only performed in repo update
  CDN: trunk Relative path: Specs/1/1/7/SDWebImage/5.18.10/SDWebImage.podspec.json exists! Returning local because checking is only performed in repo update
  CDN: trunk Relative path: Specs/1/1/7/SDWebImage/5.18.11/SDWebImage.podspec.json exists! Returning local because checking is only performed in repo update
  CDN: trunk Relative path: Specs/1/1/7/SDWebImage/5.18.12/SDWebImage.podspec.json exists! Returning local because checking is only performed in repo update
  CDN: trunk Relative path: Specs/1/1/7/SDWebImage/5.19.0/SDWebImage.podspec.json exists! Returning local because checking is only performed in repo update
  CDN: trunk Relative path: Specs/1/1/7/SDWebImage/5.19.1/SDWebImage.podspec.json exists! Returning local because checking is only performed in repo update
  CDN: trunk Relative path: Specs/1/1/7/SDWebImage/5.19.2/SDWebImage.podspec.json exists! Returning local because checking is only performed in repo update
  CDN: trunk Relative path: Specs/1/1/7/SDWebImage/5.19.4/SDWebImage.podspec.json exists! Returning local because checking is only performed in repo update
  CDN: trunk Relative path: Specs/1/1/7/SDWebImage/5.19.5/SDWebImage.podspec.json exists! Returning local because checking is only performed in repo update
  CDN: trunk Relative path: Specs/1/1/7/SDWebImage/5.19.6/SDWebImage.podspec.json exists! Returning local because checking is only performed in repo update
  CDN: trunk Relative path: Specs/1/1/7/SDWebImage/5.19.7/SDWebImage.podspec.json exists! Returning local because checking is only performed in repo update
  CDN: trunk Relative path: Specs/1/1/7/SDWebImage/5.20.0/SDWebImage.podspec.json exists! Returning local because checking is only performed in repo update
  CDN: trunk Relative path: Specs/1/1/7/SDWebImage/5.20.1/SDWebImage.podspec.json exists! Returning local because checking is only performed in repo update
  CDN: trunk Relative path: Specs/1/1/7/SDWebImage/5.21.0/SDWebImage.podspec.json exists! Returning local because checking is only performed in repo update
  CDN: trunk Relative path: Specs/1/1/7/SDWebImage/5.21.1/SDWebImage.podspec.json exists! Returning local because checking is only performed in repo update
  CDN: trunk Relative path: Specs/1/1/7/SDWebImage/5.21.2/SDWebImage.podspec.json exists! Returning local because checking is only performed in repo update
  CDN: trunk Relative path: Specs/1/1/7/SDWebImage/5.21.3/SDWebImage.podspec.json exists! Returning local because checking is only performed in repo update
  CDN: trunk Relative path: all_pods_versions_1_9_2.txt exists! Returning local because checking is only performed in repo update
  CDN: trunk Relative path: Specs/1/9/2/libwebp/1.5.0/libwebp.podspec.json exists! Returning local because checking is only performed in repo update
  CDN: trunk Relative path: Specs/3/b/6/AppCheckCore/11.2.0/AppCheckCore.podspec.json exists! Returning local because checking is only performed in repo update
  CDN: trunk Relative path: Specs/3/b/6/AppCheckCore/11.1.0/AppCheckCore.podspec.json exists! Returning local because checking is only performed in repo update
  CDN: trunk Relative path: Specs/3/b/6/AppCheckCore/11.0.0/AppCheckCore.podspec.json exists! Returning local because checking is only performed in repo update
  CDN: trunk Relative path: all_pods_versions_0_b_5.txt exists! Returning local because checking is only performed in repo update
  CDN: trunk Relative path: Specs/0/b/5/PromisesObjC/2.4.0/PromisesObjC.podspec.json exists! Returning local because checking is only performed in repo update
  CDN: trunk Relative path: Specs/0/8/4/GoogleUtilities/8.0.0/GoogleUtilities.podspec.json exists! Returning local because checking is only performed in repo update
  CDN: trunk Relative path: Specs/0/8/4/GoogleUtilities/8.0.1/GoogleUtilities.podspec.json exists! Returning local because checking is only performed in repo update
  CDN: trunk Relative path: Specs/0/8/4/GoogleUtilities/8.0.2/GoogleUtilities.podspec.json exists! Returning local because checking is only performed in repo update
  CDN: trunk Relative path: Specs/0/8/4/GoogleUtilities/8.1.0/GoogleUtilities.podspec.json exists! Returning local because checking is only performed in repo update
  CDN: trunk Relative path: Specs/0/8/4/GoogleUtilities/8.0.0/GoogleUtilities.podspec.json exists! Returning local because checking is only performed in repo update
  CDN: trunk Relative path: Specs/0/8/4/GoogleUtilities/8.0.1/GoogleUtilities.podspec.json exists! Returning local because checking is only performed in repo update
  CDN: trunk Relative path: Specs/0/8/4/GoogleUtilities/8.0.2/GoogleUtilities.podspec.json exists! Returning local because checking is only performed in repo update
  CDN: trunk Relative path: Specs/0/8/4/GoogleUtilities/8.1.0/GoogleUtilities.podspec.json exists! Returning local because checking is only performed in repo update
  CDN: trunk Relative path: Specs/0/b/5/PromisesObjC/2.4.0/PromisesObjC.podspec.json exists! Returning local because checking is only performed in repo update
  CDN: trunk Relative path: Specs/b/b/9/AppAuth/1.7.6/AppAuth.podspec.json exists! Returning local because checking is only performed in repo update
  CDN: trunk Relative path: Specs/b/b/9/AppAuth/1.7.5/AppAuth.podspec.json exists! Returning local because checking is only performed in repo update
  CDN: trunk Relative path: Specs/b/b/9/AppAuth/1.7.4/AppAuth.podspec.json exists! Returning local because checking is only performed in repo update
  CDN: trunk Relative path: Specs/b/b/9/AppAuth/1.7.3/AppAuth.podspec.json exists! Returning local because checking is only performed in repo update
  CDN: trunk Relative path: Specs/b/b/9/AppAuth/1.7.6/AppAuth.podspec.json exists! Returning local because checking is only performed in repo update
  CDN: trunk Relative path: Specs/b/b/9/AppAuth/1.7.6/AppAuth.podspec.json exists! Returning local because checking is only performed in repo update
  CDN: trunk Relative path: Specs/4/2/7/FirebaseAuthInterop/11.15.0/FirebaseAuthInterop.podspec.json exists! Returning local because checking is only performed in repo update
  CDN: trunk Relative path: Specs/4/2/7/FirebaseAuthInterop/11.14.0/FirebaseAuthInterop.podspec.json exists! Returning local because checking is only performed in repo update
  CDN: trunk Relative path: Specs/4/2/7/FirebaseAuthInterop/11.13.0/FirebaseAuthInterop.podspec.json exists! Returning local because checking is only performed in repo update
  CDN: trunk Relative path: Specs/4/2/7/FirebaseAuthInterop/11.12.0/FirebaseAuthInterop.podspec.json exists! Returning local because checking is only performed in repo update
  CDN: trunk Relative path: Specs/4/2/7/FirebaseAuthInterop/11.11.0/FirebaseAuthInterop.podspec.json exists! Returning local because checking is only performed in repo update
  CDN: trunk Relative path: Specs/4/2/7/FirebaseAuthInterop/11.10.0/FirebaseAuthInterop.podspec.json exists! Returning local because checking is only performed in repo update
  CDN: trunk Relative path: Specs/4/2/7/FirebaseAuthInterop/11.9.0/FirebaseAuthInterop.podspec.json exists! Returning local because checking is only performed in repo update
  CDN: trunk Relative path: Specs/4/2/7/FirebaseAuthInterop/11.8.0/FirebaseAuthInterop.podspec.json exists! Returning local because checking is only performed in repo update
  CDN: trunk Relative path: Specs/4/2/7/FirebaseAuthInterop/11.7.0/FirebaseAuthInterop.podspec.json exists! Returning local because checking is only performed in repo update
  CDN: trunk Relative path: Specs/4/2/7/FirebaseAuthInterop/11.6.0/FirebaseAuthInterop.podspec.json exists! Returning local because checking is only performed in repo update
  CDN: trunk Relative path: Specs/4/2/7/FirebaseAuthInterop/11.5.0/FirebaseAuthInterop.podspec.json exists! Returning local because checking is only performed in repo update
  CDN: trunk Relative path: Specs/4/2/7/FirebaseAuthInterop/11.4.0/FirebaseAuthInterop.podspec.json exists! Returning local because checking is only performed in repo update
  CDN: trunk Relative path: Specs/4/2/7/FirebaseAuthInterop/11.3.0/FirebaseAuthInterop.podspec.json exists! Returning local because checking is only performed in repo update
  CDN: trunk Relative path: Specs/4/2/7/FirebaseAuthInterop/11.2.0/FirebaseAuthInterop.podspec.json exists! Returning local because checking is only performed in repo update
  CDN: trunk Relative path: Specs/4/2/7/FirebaseAuthInterop/11.1.0/FirebaseAuthInterop.podspec.json exists! Returning local because checking is only performed in repo update
  CDN: trunk Relative path: Specs/4/2/7/FirebaseAuthInterop/11.0.0/FirebaseAuthInterop.podspec.json exists! Returning local because checking is only performed in repo update
  CDN: trunk Relative path: Specs/1/9/2/libwebp/1.5.0/libwebp.podspec.json exists! Returning local because checking is only performed in repo update
  CDN: trunk Relative path: Specs/1/9/2/libwebp/1.4.0/libwebp.podspec.json exists! Returning local because checking is only performed in repo update
  CDN: trunk Relative path: Specs/1/9/2/libwebp/1.3.2/libwebp.podspec.json exists! Returning local because checking is only performed in repo update
  CDN: trunk Relative path: Specs/1/9/2/libwebp/1.3.1/libwebp.podspec.json exists! Returning local because checking is only performed in repo update
  CDN: trunk Relative path: Specs/1/9/2/libwebp/1.3.0/libwebp.podspec.json exists! Returning local because checking is only performed in repo update
  CDN: trunk Relative path: Specs/1/9/2/libwebp/1.2.4/libwebp.podspec.json exists! Returning local because checking is only performed in repo update
  CDN: trunk Relative path: Specs/1/9/2/libwebp/1.2.3/libwebp.podspec.json exists! Returning local because checking is only performed in repo update
  CDN: trunk Relative path: Specs/1/9/2/libwebp/1.2.2/libwebp.podspec.json exists! Returning local because checking is only performed in repo update
  CDN: trunk Relative path: Specs/1/9/2/libwebp/1.2.1/libwebp.podspec.json exists! Returning local because checking is only performed in repo update
  CDN: trunk Relative path: Specs/1/9/2/libwebp/1.2.0/libwebp.podspec.json exists! Returning local because checking is only performed in repo update
  CDN: trunk Relative path: Specs/1/9/2/libwebp/1.1.0/libwebp.podspec.json exists! Returning local because checking is only performed in repo update
  CDN: trunk Relative path: Specs/1/9/2/libwebp/1.1.0-rc2/libwebp.podspec.json exists! Returning local because checking is only performed in repo update
  CDN: trunk Relative path: Specs/1/9/2/libwebp/1.0.3/libwebp.podspec.json exists! Returning local because checking is only performed in repo update
  CDN: trunk Relative path: Specs/1/9/2/libwebp/1.0.2/libwebp.podspec.json exists! Returning local because checking is only performed in repo update
  CDN: trunk Relative path: Specs/1/9/2/libwebp/1.0.1/libwebp.podspec.json exists! Returning local because checking is only performed in repo update
  CDN: trunk Relative path: Specs/1/9/2/libwebp/1.0.0/libwebp.podspec.json exists! Returning local because checking is only performed in repo update
  CDN: trunk Relative path: Specs/1/9/2/libwebp/1.5.0/libwebp.podspec.json exists! Returning local because checking is only performed in repo update
  CDN: trunk Relative path: Specs/1/9/2/libwebp/1.5.0/libwebp.podspec.json exists! Returning local because checking is only performed in repo update
  CDN: trunk Relative path: Specs/1/9/2/libwebp/1.5.0/libwebp.podspec.json exists! Returning local because checking is only performed in repo update
  CDN: trunk Relative path: Specs/1/9/2/libwebp/1.5.0/libwebp.podspec.json exists! Returning local because checking is only performed in repo update
  CDN: trunk Relative path: Specs/e/9/8/FirebaseAppCheckInterop/11.15.0/FirebaseAppCheckInterop.podspec.json exists! Returning local because checking is only performed in repo update
  CDN: trunk Relative path: Specs/e/9/8/FirebaseAppCheckInterop/11.14.0/FirebaseAppCheckInterop.podspec.json exists! Returning local because checking is only performed in repo update
  CDN: trunk Relative path: Specs/e/9/8/FirebaseAppCheckInterop/11.13.0/FirebaseAppCheckInterop.podspec.json exists! Returning local because checking is only performed in repo update
  CDN: trunk Relative path: Specs/e/9/8/FirebaseAppCheckInterop/11.12.0/FirebaseAppCheckInterop.podspec.json exists! Returning local because checking is only performed in repo update
  CDN: trunk Relative path: Specs/e/9/8/FirebaseAppCheckInterop/11.11.0/FirebaseAppCheckInterop.podspec.json exists! Returning local because checking is only performed in repo update
  CDN: trunk Relative path: Specs/e/9/8/FirebaseAppCheckInterop/11.10.0/FirebaseAppCheckInterop.podspec.json exists! Returning local because checking is only performed in repo update
  CDN: trunk Relative path: Specs/e/9/8/FirebaseAppCheckInterop/11.9.0/FirebaseAppCheckInterop.podspec.json exists! Returning local because checking is only performed in repo update
  CDN: trunk Relative path: Specs/e/9/8/FirebaseAppCheckInterop/11.8.0/FirebaseAppCheckInterop.podspec.json exists! Returning local because checking is only performed in repo update
  CDN: trunk Relative path: Specs/e/9/8/FirebaseAppCheckInterop/11.7.0/FirebaseAppCheckInterop.podspec.json exists! Returning local because checking is only performed in repo update
  CDN: trunk Relative path: Specs/e/9/8/FirebaseAppCheckInterop/11.6.0/FirebaseAppCheckInterop.podspec.json exists! Returning local because checking is only performed in repo update
  CDN: trunk Relative path: Specs/e/9/8/FirebaseAppCheckInterop/11.5.0/FirebaseAppCheckInterop.podspec.json exists! Returning local because checking is only performed in repo update
  CDN: trunk Relative path: Specs/e/9/8/FirebaseAppCheckInterop/11.4.0/FirebaseAppCheckInterop.podspec.json exists! Returning local because checking is only performed in repo update
  CDN: trunk Relative path: Specs/e/9/8/FirebaseAppCheckInterop/11.3.0/FirebaseAppCheckInterop.podspec.json exists! Returning local because checking is only performed in repo update
  CDN: trunk Relative path: Specs/e/9/8/FirebaseAppCheckInterop/11.2.0/FirebaseAppCheckInterop.podspec.json exists! Returning local because checking is only performed in repo update
  CDN: trunk Relative path: Specs/e/9/8/FirebaseAppCheckInterop/11.1.0/FirebaseAppCheckInterop.podspec.json exists! Returning local because checking is only performed in repo update
  CDN: trunk Relative path: Specs/e/9/8/FirebaseAppCheckInterop/11.0.0/FirebaseAppCheckInterop.podspec.json exists! Returning local because checking is only performed in repo update

Comparing resolved specification to the sandbox manifest
  A AppAuth
  A AppCheckCore
  A BVLinearGradient
  A DoubleConversion
  A FBLazyVector
  A Firebase
  A FirebaseAppCheckInterop
  A FirebaseAuth
  A FirebaseAuthInterop
  A FirebaseCore
  A FirebaseCoreExtension
  A FirebaseCoreInternal
  A GTMAppAuth
  A GTMSessionFetcher
  A GoogleSignIn
  A GoogleUtilities
  A Permission-Camera
  A Permission-MediaLibrary
  A Permission-Microphone
  A Permission-PhotoLibrary
  A PromisesObjC
  A RCT-Folly
  A RCTDeprecation
  A RCTRequired
  A RCTTypeSafety
  A RNAudioRecorderPlayer
  A RNCAsyncStorage
  A RNCClipboard
  A RNDeviceInfo
  A RNFBApp
  A RNFBAuth
  A RNFS
  A RNFastImage
  A RNGestureHandler
  A RNGoogleSignin
  A RNPermissions
  A RNReanimated
  A RNSVG
  A RNScreens
  A RNSnackbar
  A RNSound
  A RNSoundRecorder
  A RNVectorIcons
  A React
  A React-Codegen
  A React-Core
  A React-CoreModules
  A React-Fabric
  A React-FabricImage
  A React-ImageManager
  A React-Mapbuffer
  A React-NativeModulesApple
  A React-RCTActionSheet
  A React-RCTAnimation
  A React-RCTAppDelegate
  A React-RCTBlob
  A React-RCTFabric
  A React-RCTImage
  A React-RCTLinking
  A React-RCTNetwork
  A React-RCTSettings
  A React-RCTText
  A React-RCTVibration
  A React-RuntimeApple
  A React-RuntimeCore
  A React-callinvoker
  A React-cxxreact
  A React-debug
  A React-featureflags
  A React-graphics
  A React-jsc
  A React-jserrorhandler
  A React-jsi
  A React-jsiexecutor
  A React-jsinspector
  A React-jsitracing
  A React-logger
  A React-nativeconfig
  A React-perflogger
  A React-rendererdebug
  A React-rncore
  A React-runtimeexecutor
  A React-runtimescheduler
  A React-utils
  A ReactCommon
  A ReactNativeLocalization
  A RecaptchaInterop
  A SDWebImage
  A SDWebImageWebPCoder
  A SocketRocket
  A Yoga
  A boost
  A fmt
  A glog
  A libwebp
  A lottie-ios
  A lottie-react-native
  A react-native-config
  A react-native-image-picker
  A react-native-orientation-locker
  A react-native-safe-area-context
  A react-native-splash-screen
  A react-native-video
  A react-native-voice

Downloading dependencies

-> Installing AppAuth (1.7.6)
  > Copying AppAuth from `/Users/bhagirathsuthar/Library/Caches/CocoaPods/Pods/Release/AppAuth/1.7.6-d4f13` to `Pods/AppAuth`

-> Installing AppCheckCore (11.2.0)
  > Copying AppCheckCore from `/Users/bhagirathsuthar/Library/Caches/CocoaPods/Pods/Release/AppCheckCore/11.2.0-cc8fd` to `Pods/AppCheckCore`

-> Installing BVLinearGradient (2.8.3)

-> Installing DoubleConversion (1.1.6)
  > Copying DoubleConversion from `/Users/bhagirathsuthar/Library/Caches/CocoaPods/Pods/External/DoubleConversion/77f51e588bfe0e5c4fa6e9c580da62c6-76ab8` to `Pods/DoubleConversion`

-> Installing FBLazyVector (0.74.7)

-> Installing Firebase (11.15.0)
  > Copying Firebase from `/Users/bhagirathsuthar/Library/Caches/CocoaPods/Pods/Release/Firebase/11.15.0-d99ac` to `Pods/Firebase`

-> Installing FirebaseAppCheckInterop (11.15.0)
  > Copying FirebaseAppCheckInterop from `/Users/bhagirathsuthar/Library/Caches/CocoaPods/Pods/Release/FirebaseAppCheckInterop/11.15.0-06fe5` to `Pods/FirebaseAppCheckInterop`

-> Installing FirebaseAuth (11.15.0)
  > Copying FirebaseAuth from `/Users/bhagirathsuthar/Library/Caches/CocoaPods/Pods/Release/FirebaseAuth/11.15.0-a6575` to `Pods/FirebaseAuth`

-> Installing FirebaseAuthInterop (11.15.0)
  > Copying FirebaseAuthInterop from `/Users/bhagirathsuthar/Library/Caches/CocoaPods/Pods/Release/FirebaseAuthInterop/11.15.0-7087d` to `Pods/FirebaseAuthInterop`

-> Installing FirebaseCore (11.15.0)
  > Copying FirebaseCore from `/Users/bhagirathsuthar/Library/Caches/CocoaPods/Pods/Release/FirebaseCore/11.15.0-efb38` to `Pods/FirebaseCore`

-> Installing FirebaseCoreExtension (11.15.0)
  > Copying FirebaseCoreExtension from `/Users/bhagirathsuthar/Library/Caches/CocoaPods/Pods/Release/FirebaseCoreExtension/11.15.0-edbd3` to `Pods/FirebaseCoreExtension`

-> Installing FirebaseCoreInternal (11.15.0)
  > Copying FirebaseCoreInternal from `/Users/bhagirathsuthar/Library/Caches/CocoaPods/Pods/Release/FirebaseCoreInternal/11.15.0-9afa4` to `Pods/FirebaseCoreInternal`

-> Installing GTMAppAuth (4.1.1)
  > Copying GTMAppAuth from `/Users/bhagirathsuthar/Library/Caches/CocoaPods/Pods/Release/GTMAppAuth/4.1.1-f69bd` to `Pods/GTMAppAuth`

-> Installing GTMSessionFetcher (3.5.0)
  > Copying GTMSessionFetcher from `/Users/bhagirathsuthar/Library/Caches/CocoaPods/Pods/Release/GTMSessionFetcher/3.5.0-5aea5` to `Pods/GTMSessionFetcher`

-> Installing GoogleSignIn (8.0.0)
  > Copying GoogleSignIn from `/Users/bhagirathsuthar/Library/Caches/CocoaPods/Pods/Release/GoogleSignIn/8.0.0-ce8c8` to `Pods/GoogleSignIn`

-> Installing GoogleUtilities (8.1.0)
  > Copying GoogleUtilities from `/Users/bhagirathsuthar/Library/Caches/CocoaPods/Pods/Release/GoogleUtilities/8.1.0-00c88` to `Pods/GoogleUtilities`

-> Installing Permission-Camera (3.10.1)

-> Installing Permission-MediaLibrary (3.10.1)

-> Installing Permission-Microphone (3.10.1)

-> Installing Permission-PhotoLibrary (3.10.1)

-> Installing PromisesObjC (2.4.0)
  > Copying PromisesObjC from `/Users/bhagirathsuthar/Library/Caches/CocoaPods/Pods/Release/PromisesObjC/2.4.0-f5707` to `Pods/PromisesObjC`

-> Installing RCT-Folly (2024.01.01.00)
  > Copying RCT-Folly from `/Users/bhagirathsuthar/Library/Caches/CocoaPods/Pods/External/RCT-Folly/fb007a32beb5800dda3e0c60ac4cde2f-02617` to `Pods/RCT-Folly`

-> Installing RCTDeprecation (0.74.7)

-> Installing RCTRequired (0.74.7)

-> Installing RCTTypeSafety (0.74.7)

-> Installing RNAudioRecorderPlayer (3.6.14)

-> Installing RNCAsyncStorage (1.24.0)

-> Installing RNCClipboard (1.16.3)

-> Installing RNDeviceInfo (14.1.1)

-> Installing RNFBApp (22.4.0)

-> Installing RNFBAuth (22.4.0)

-> Installing RNFS (2.20.0)

-> Installing RNFastImage (8.6.3)

-> Installing RNGestureHandler (2.15.0)

-> Installing RNGoogleSignin (15.0.0)

-> Installing RNPermissions (3.10.1)

-> Installing RNReanimated (3.12.0)

-> Installing RNSVG (13.14.0)

-> Installing RNScreens (4.5.0)

-> Installing RNSnackbar (2.9.0)

-> Installing RNSound (0.11.2)

-> Installing RNSoundRecorder (1.5.0)

-> Installing RNVectorIcons (10.3.0)

-> Installing React (0.74.7)

-> Installing React-Codegen (0.74.7)

-> Installing React-Core (0.74.7)

-> Installing React-CoreModules (0.74.7)

-> Installing React-Fabric (0.74.7)

-> Installing React-FabricImage (0.74.7)

-> Installing React-ImageManager (0.74.7)

-> Installing React-Mapbuffer (0.74.7)

-> Installing React-NativeModulesApple (0.74.7)

-> Installing React-RCTActionSheet (0.74.7)

-> Installing React-RCTAnimation (0.74.7)

-> Installing React-RCTAppDelegate (0.74.7)

-> Installing React-RCTBlob (0.74.7)

-> Installing React-RCTFabric (0.74.7)

-> Installing React-RCTImage (0.74.7)

-> Installing React-RCTLinking (0.74.7)

-> Installing React-RCTNetwork (0.74.7)

-> Installing React-RCTSettings (0.74.7)

-> Installing React-RCTText (0.74.7)

-> Installing React-RCTVibration (0.74.7)

-> Installing React-RuntimeApple (0.74.7)

-> Installing React-RuntimeCore (0.74.7)

-> Installing React-callinvoker (0.74.7)

-> Installing React-cxxreact (0.74.7)

-> Installing React-debug (0.74.7)

-> Installing React-featureflags (0.74.7)

-> Installing React-graphics (0.74.7)

-> Installing React-jsc (0.74.7)

-> Installing React-jserrorhandler (0.74.7)

-> Installing React-jsi (0.74.7)

-> Installing React-jsiexecutor (0.74.7)

-> Installing React-jsinspector (0.74.7)

-> Installing React-jsitracing (0.74.7)

-> Installing React-logger (0.74.7)

-> Installing React-nativeconfig (0.74.7)

-> Installing React-perflogger (0.74.7)

-> Installing React-rendererdebug (0.74.7)

-> Installing React-rncore (0.74.7)

-> Installing React-runtimeexecutor (0.74.7)

-> Installing React-runtimescheduler (0.74.7)

-> Installing React-utils (0.74.7)

-> Installing ReactCommon (0.74.7)

-> Installing ReactNativeLocalization (2.3.2)

-> Installing RecaptchaInterop (101.0.0)
  > Copying RecaptchaInterop from `/Users/bhagirathsuthar/Library/Caches/CocoaPods/Pods/Release/RecaptchaInterop/101.0.0-11e0b` to `Pods/RecaptchaInterop`

-> Installing SDWebImage (5.11.1)
  > Copying SDWebImage from `/Users/bhagirathsuthar/Library/Caches/CocoaPods/Pods/Release/SDWebImage/5.11.1-a7f83` to `Pods/SDWebImage`

-> Installing SDWebImageWebPCoder (0.8.5)
  > Copying SDWebImageWebPCoder from `/Users/bhagirathsuthar/Library/Caches/CocoaPods/Pods/Release/SDWebImageWebPCoder/0.8.5-908b8` to `Pods/SDWebImageWebPCoder`

-> Installing SocketRocket (0.7.0)
  > Copying SocketRocket from `/Users/bhagirathsuthar/Library/Caches/CocoaPods/Pods/Release/SocketRocket/0.7.0-abac6` to `Pods/SocketRocket`

-> Installing Yoga (0.0.0)

-> Installing boost (1.83.0)
  > Copying boost from `/Users/bhagirathsuthar/Library/Caches/CocoaPods/Pods/External/boost/ccefc9f25244efe667f81fc45e29559a-d3f49` to `Pods/boost`

-> Installing fmt (9.1.0)
  > Copying fmt from `/Users/bhagirathsuthar/Library/Caches/CocoaPods/Pods/External/fmt/ea07d964aedddd7b6ece7a21b75ee9ed-4c274` to `Pods/fmt`

-> Installing glog (0.3.5)
  > Copying glog from `/Users/bhagirathsuthar/Library/Caches/CocoaPods/Pods/External/glog/2263bd123499e5b93b5efe24871be317-fdfdf` to `Pods/glog`

-> Installing libwebp (1.5.0)
  > Copying libwebp from `/Users/bhagirathsuthar/Library/Caches/CocoaPods/Pods/Release/libwebp/1.5.0-02b23` to `Pods/libwebp`

-> Installing lottie-ios (4.5.0)
  > Copying lottie-ios from `/Users/bhagirathsuthar/Library/Caches/CocoaPods/Pods/Release/lottie-ios/4.5.0-a8810` to `Pods/lottie-ios`

-> Installing lottie-react-native (7.3.4)

-> Installing react-native-config (1.5.9)

-> Installing react-native-image-picker (8.2.1)

-> Installing react-native-orientation-locker (1.7.0)

-> Installing react-native-safe-area-context (4.14.1)

-> Installing react-native-splash-screen (3.3.0)

-> Installing react-native-video (6.0.0)

-> Installing react-native-voice (3.2.4)
  - Running pre install hooks
  - Running pre integrate hooks

Generating Pods project
  - Creating Pods project
  - Installing files into Pods project
    - Adding source files
    - Adding frameworks
    - Adding libraries
    - Adding resources
    - Adding development pod helper files
    - Linking headers
  - Installing Pod Targets
    - Installing target `AppAuth` iOS 9.0
      - Generating Info.plist file at `Pods/Target Support Files/AppAuth/ResourceBundle-AppAuthCore_Privacy-AppAuth-Info.plist`
      - Generating module map file at `Pods/Target Support Files/AppAuth/AppAuth.modulemap`
      - Generating umbrella header at `Pods/Target Support Files/AppAuth/AppAuth-umbrella.h`
      - Generating Info.plist file at `Pods/Target Support Files/AppAuth/AppAuth-Info.plist`
      - Generating dummy source at `Pods/Target Support Files/AppAuth/AppAuth-dummy.m`
    - Installing target `AppCheckCore` iOS 12.0
      - Generating module map file at `Pods/Target Support Files/AppCheckCore/AppCheckCore.modulemap`
      - Generating umbrella header at `Pods/Target Support Files/AppCheckCore/AppCheckCore-umbrella.h`
      - Generating Info.plist file at `Pods/Target Support Files/AppCheckCore/AppCheckCore-Info.plist`
      - Generating dummy source at `Pods/Target Support Files/AppCheckCore/AppCheckCore-dummy.m`
    - Installing target `BVLinearGradient` iOS 9.0
      - Generating module map file at `Pods/Target Support Files/BVLinearGradient/BVLinearGradient.modulemap`
      - Generating umbrella header at `Pods/Target Support Files/BVLinearGradient/BVLinearGradient-umbrella.h`
      - Generating Info.plist file at `Pods/Target Support Files/BVLinearGradient/BVLinearGradient-Info.plist`
      - Generating dummy source at `Pods/Target Support Files/BVLinearGradient/BVLinearGradient-dummy.m`
    - Installing target `DoubleConversion` iOS 13.4
      - Generating module map file at `Pods/Target Support Files/DoubleConversion/DoubleConversion.modulemap`
      - Generating umbrella header at `Pods/Target Support Files/DoubleConversion/DoubleConversion-umbrella.h`
      - Generating Info.plist file at `Pods/Target Support Files/DoubleConversion/DoubleConversion-Info.plist`
      - Generating dummy source at `Pods/Target Support Files/DoubleConversion/DoubleConversion-dummy.m`
    - Installing target `FBLazyVector` iOS 13.4
    - Installing target `Firebase` iOS 13.0
    - Installing target `FirebaseAppCheckInterop` iOS 13.0
      - Generating module map file at `Pods/Target Support Files/FirebaseAppCheckInterop/FirebaseAppCheckInterop.modulemap`
      - Generating umbrella header at `Pods/Target Support Files/FirebaseAppCheckInterop/FirebaseAppCheckInterop-umbrella.h`
      - Generating Info.plist file at `Pods/Target Support Files/FirebaseAppCheckInterop/FirebaseAppCheckInterop-Info.plist`
      - Generating dummy source at `Pods/Target Support Files/FirebaseAppCheckInterop/FirebaseAppCheckInterop-dummy.m`
    - Installing target `FirebaseAuth` iOS 13.0
      - Generating Info.plist file at `Pods/Target Support Files/FirebaseAuth/ResourceBundle-FirebaseAuth_Privacy-FirebaseAuth-Info.plist`
      - Generating module map file at `Pods/Target Support Files/FirebaseAuth/FirebaseAuth.modulemap`
      - Generating umbrella header at `Pods/Target Support Files/FirebaseAuth/FirebaseAuth-umbrella.h`
      - Generating Info.plist file at `Pods/Target Support Files/FirebaseAuth/FirebaseAuth-Info.plist`
      - Generating dummy source at `Pods/Target Support Files/FirebaseAuth/FirebaseAuth-dummy.m`
    - Installing target `FirebaseAuthInterop` iOS 13.0
      - Generating module map file at `Pods/Target Support Files/FirebaseAuthInterop/FirebaseAuthInterop.modulemap`
      - Generating umbrella header at `Pods/Target Support Files/FirebaseAuthInterop/FirebaseAuthInterop-umbrella.h`
      - Generating Info.plist file at `Pods/Target Support Files/FirebaseAuthInterop/FirebaseAuthInterop-Info.plist`
      - Generating dummy source at `Pods/Target Support Files/FirebaseAuthInterop/FirebaseAuthInterop-dummy.m`
    - Installing target `FirebaseCore` iOS 12.0
      - Generating Info.plist file at `Pods/Target Support Files/FirebaseCore/ResourceBundle-FirebaseCore_Privacy-FirebaseCore-Info.plist`
      - Generating module map file at `Pods/Target Support Files/FirebaseCore/FirebaseCore.modulemap`
      - Generating umbrella header at `Pods/Target Support Files/FirebaseCore/FirebaseCore-umbrella.h`
      - Generating Info.plist file at `Pods/Target Support Files/FirebaseCore/FirebaseCore-Info.plist`
      - Generating dummy source at `Pods/Target Support Files/FirebaseCore/FirebaseCore-dummy.m`
    - Installing target `FirebaseCoreExtension` iOS 12.0
      - Generating Info.plist file at `Pods/Target Support Files/FirebaseCoreExtension/ResourceBundle-FirebaseCoreExtension_Privacy-FirebaseCoreExtension-Info.plist`
      - Generating module map file at `Pods/Target Support Files/FirebaseCoreExtension/FirebaseCoreExtension.modulemap`
      - Generating umbrella header at `Pods/Target Support Files/FirebaseCoreExtension/FirebaseCoreExtension-umbrella.h`
      - Generating Info.plist file at `Pods/Target Support Files/FirebaseCoreExtension/FirebaseCoreExtension-Info.plist`
      - Generating dummy source at `Pods/Target Support Files/FirebaseCoreExtension/FirebaseCoreExtension-dummy.m`
    - Installing target `FirebaseCoreInternal` iOS 12.0
      - Generating Info.plist file at `Pods/Target Support Files/FirebaseCoreInternal/ResourceBundle-FirebaseCoreInternal_Privacy-FirebaseCoreInternal-Info.plist`
      - Generating module map file at `Pods/Target Support Files/FirebaseCoreInternal/FirebaseCoreInternal.modulemap`
      - Generating umbrella header at `Pods/Target Support Files/FirebaseCoreInternal/FirebaseCoreInternal-umbrella.h`
      - Generating Info.plist file at `Pods/Target Support Files/FirebaseCoreInternal/FirebaseCoreInternal-Info.plist`
      - Generating dummy source at `Pods/Target Support Files/FirebaseCoreInternal/FirebaseCoreInternal-dummy.m`
    - Installing target `GTMAppAuth` iOS 10.0
      - Generating Info.plist file at `Pods/Target Support Files/GTMAppAuth/ResourceBundle-GTMAppAuth_Privacy-GTMAppAuth-Info.plist`
      - Generating module map file at `Pods/Target Support Files/GTMAppAuth/GTMAppAuth.modulemap`
      - Generating umbrella header at `Pods/Target Support Files/GTMAppAuth/GTMAppAuth-umbrella.h`
      - Generating Info.plist file at `Pods/Target Support Files/GTMAppAuth/GTMAppAuth-Info.plist`
      - Generating dummy source at `Pods/Target Support Files/GTMAppAuth/GTMAppAuth-dummy.m`
    - Installing target `GTMSessionFetcher` iOS 10.0
      - Generating Info.plist file at `Pods/Target Support Files/GTMSessionFetcher/ResourceBundle-GTMSessionFetcher_Core_Privacy-GTMSessionFetcher-Info.plist`
      - Generating module map file at `Pods/Target Support Files/GTMSessionFetcher/GTMSessionFetcher.modulemap`
      - Generating umbrella header at `Pods/Target Support Files/GTMSessionFetcher/GTMSessionFetcher-umbrella.h`
      - Generating Info.plist file at `Pods/Target Support Files/GTMSessionFetcher/GTMSessionFetcher-Info.plist`
      - Generating dummy source at `Pods/Target Support Files/GTMSessionFetcher/GTMSessionFetcher-dummy.m`
    - Installing target `GoogleSignIn` iOS 12.0
      - Generating Info.plist file at `Pods/Target Support Files/GoogleSignIn/ResourceBundle-GoogleSignIn-GoogleSignIn-Info.plist`
      - Generating module map file at `Pods/Target Support Files/GoogleSignIn/GoogleSignIn.modulemap`
      - Generating umbrella header at `Pods/Target Support Files/GoogleSignIn/GoogleSignIn-umbrella.h`
      - Generating Info.plist file at `Pods/Target Support Files/GoogleSignIn/GoogleSignIn-Info.plist`
      - Generating dummy source at `Pods/Target Support Files/GoogleSignIn/GoogleSignIn-dummy.m`
    - Installing target `GoogleUtilities` iOS 12.0
      - Generating Info.plist file at `Pods/Target Support Files/GoogleUtilities/ResourceBundle-GoogleUtilities_Privacy-GoogleUtilities-Info.plist`
      - Generating module map file at `Pods/Target Support Files/GoogleUtilities/GoogleUtilities.modulemap`
      - Generating umbrella header at `Pods/Target Support Files/GoogleUtilities/GoogleUtilities-umbrella.h`
      - Generating Info.plist file at `Pods/Target Support Files/GoogleUtilities/GoogleUtilities-Info.plist`
      - Generating dummy source at `Pods/Target Support Files/GoogleUtilities/GoogleUtilities-dummy.m`
    - Installing target `Permission-Camera` iOS 10.0
      - Generating module map file at `Pods/Target Support Files/Permission-Camera/Permission-Camera.modulemap`
      - Generating umbrella header at `Pods/Target Support Files/Permission-Camera/Permission-Camera-umbrella.h`
      - Generating Info.plist file at `Pods/Target Support Files/Permission-Camera/Permission-Camera-Info.plist`
      - Generating dummy source at `Pods/Target Support Files/Permission-Camera/Permission-Camera-dummy.m`
    - Installing target `Permission-MediaLibrary` iOS 10.0
      - Generating module map file at `Pods/Target Support Files/Permission-MediaLibrary/Permission-MediaLibrary.modulemap`
      - Generating umbrella header at `Pods/Target Support Files/Permission-MediaLibrary/Permission-MediaLibrary-umbrella.h`
      - Generating Info.plist file at `Pods/Target Support Files/Permission-MediaLibrary/Permission-MediaLibrary-Info.plist`
      - Generating dummy source at `Pods/Target Support Files/Permission-MediaLibrary/Permission-MediaLibrary-dummy.m`
    - Installing target `Permission-Microphone` iOS 10.0
      - Generating module map file at `Pods/Target Support Files/Permission-Microphone/Permission-Microphone.modulemap`
      - Generating umbrella header at `Pods/Target Support Files/Permission-Microphone/Permission-Microphone-umbrella.h`
      - Generating Info.plist file at `Pods/Target Support Files/Permission-Microphone/Permission-Microphone-Info.plist`
      - Generating dummy source at `Pods/Target Support Files/Permission-Microphone/Permission-Microphone-dummy.m`
    - Installing target `Permission-PhotoLibrary` iOS 10.0
      - Generating module map file at `Pods/Target Support Files/Permission-PhotoLibrary/Permission-PhotoLibrary.modulemap`
      - Generating umbrella header at `Pods/Target Support Files/Permission-PhotoLibrary/Permission-PhotoLibrary-umbrella.h`
      - Generating Info.plist file at `Pods/Target Support Files/Permission-PhotoLibrary/Permission-PhotoLibrary-Info.plist`
      - Generating dummy source at `Pods/Target Support Files/Permission-PhotoLibrary/Permission-PhotoLibrary-dummy.m`
    - Installing target `PromisesObjC` iOS 9.0
      - Generating Info.plist file at `Pods/Target Support Files/PromisesObjC/ResourceBundle-FBLPromises_Privacy-PromisesObjC-Info.plist`
      - Generating module map file at `Pods/Target Support Files/PromisesObjC/PromisesObjC.modulemap`
      - Generating umbrella header at `Pods/Target Support Files/PromisesObjC/PromisesObjC-umbrella.h`
      - Generating Info.plist file at `Pods/Target Support Files/PromisesObjC/PromisesObjC-Info.plist`
      - Generating dummy source at `Pods/Target Support Files/PromisesObjC/PromisesObjC-dummy.m`
    - Installing target `RCT-Folly` iOS 13.4
      - Generating module map file at `Pods/Target Support Files/RCT-Folly/RCT-Folly.modulemap`
      - Generating umbrella header at `Pods/Target Support Files/RCT-Folly/RCT-Folly-umbrella.h`
      - Generating Info.plist file at `Pods/Target Support Files/RCT-Folly/RCT-Folly-Info.plist`
      - Generating dummy source at `Pods/Target Support Files/RCT-Folly/RCT-Folly-dummy.m`
    - Installing target `RCTDeprecation` iOS 8.0
      - Generating module map file at `Pods/Target Support Files/RCTDeprecation/RCTDeprecation.modulemap`
      - Generating umbrella header at `Pods/Target Support Files/RCTDeprecation/RCTDeprecation-umbrella.h`
      - Generating Info.plist file at `Pods/Target Support Files/RCTDeprecation/RCTDeprecation-Info.plist`
      - Generating dummy source at `Pods/Target Support Files/RCTDeprecation/RCTDeprecation-dummy.m`
    - Installing target `RCTRequired` iOS 13.4
    - Installing target `RCTTypeSafety` iOS 13.4
      - Generating module map file at `Pods/Target Support Files/RCTTypeSafety/RCTTypeSafety.modulemap`
      - Generating umbrella header at `Pods/Target Support Files/RCTTypeSafety/RCTTypeSafety-umbrella.h`
      - Generating Info.plist file at `Pods/Target Support Files/RCTTypeSafety/RCTTypeSafety-Info.plist`
      - Generating dummy source at `Pods/Target Support Files/RCTTypeSafety/RCTTypeSafety-dummy.m`
    - Installing target `RNAudioRecorderPlayer` iOS 10.0
      - Generating module map file at `Pods/Target Support Files/RNAudioRecorderPlayer/RNAudioRecorderPlayer.modulemap`
      - Generating umbrella header at `Pods/Target Support Files/RNAudioRecorderPlayer/RNAudioRecorderPlayer-umbrella.h`
      - Generating Info.plist file at `Pods/Target Support Files/RNAudioRecorderPlayer/RNAudioRecorderPlayer-Info.plist`
      - Generating dummy source at `Pods/Target Support Files/RNAudioRecorderPlayer/RNAudioRecorderPlayer-dummy.m`
    - Installing target `RNCAsyncStorage` iOS 9.0
      - Generating Info.plist file at `Pods/Target Support Files/RNCAsyncStorage/ResourceBundle-RNCAsyncStorage_resources-RNCAsyncStorage-Info.plist`
      - Generating module map file at `Pods/Target Support Files/RNCAsyncStorage/RNCAsyncStorage.modulemap`
      - Generating umbrella header at `Pods/Target Support Files/RNCAsyncStorage/RNCAsyncStorage-umbrella.h`
      - Generating Info.plist file at `Pods/Target Support Files/RNCAsyncStorage/RNCAsyncStorage-Info.plist`
      - Generating dummy source at `Pods/Target Support Files/RNCAsyncStorage/RNCAsyncStorage-dummy.m`
    - Installing target `RNCClipboard` iOS 9.0
      - Generating module map file at `Pods/Target Support Files/RNCClipboard/RNCClipboard.modulemap`
      - Generating umbrella header at `Pods/Target Support Files/RNCClipboard/RNCClipboard-umbrella.h`
      - Generating Info.plist file at `Pods/Target Support Files/RNCClipboard/RNCClipboard-Info.plist`
      - Generating dummy source at `Pods/Target Support Files/RNCClipboard/RNCClipboard-dummy.m`
    - Installing target `RNDeviceInfo` iOS 9.0
      - Generating Info.plist file at `Pods/Target Support Files/RNDeviceInfo/ResourceBundle-RNDeviceInfoPrivacyInfo-RNDeviceInfo-Info.plist`
      - Generating module map file at `Pods/Target Support Files/RNDeviceInfo/RNDeviceInfo.modulemap`
      - Generating umbrella header at `Pods/Target Support Files/RNDeviceInfo/RNDeviceInfo-umbrella.h`
      - Generating Info.plist file at `Pods/Target Support Files/RNDeviceInfo/RNDeviceInfo-Info.plist`
      - Generating dummy source at `Pods/Target Support Files/RNDeviceInfo/RNDeviceInfo-dummy.m`
    - Installing target `RNFBApp` iOS 13.0
      - Generating module map file at `Pods/Target Support Files/RNFBApp/RNFBApp.modulemap`
      - Generating umbrella header at `Pods/Target Support Files/RNFBApp/RNFBApp-umbrella.h`
      - Generating Info.plist file at `Pods/Target Support Files/RNFBApp/RNFBApp-Info.plist`
      - Generating dummy source at `Pods/Target Support Files/RNFBApp/RNFBApp-dummy.m`
    - Installing target `RNFBAuth` iOS 13.0
      - Generating module map file at `Pods/Target Support Files/RNFBAuth/RNFBAuth.modulemap`
      - Generating umbrella header at `Pods/Target Support Files/RNFBAuth/RNFBAuth-umbrella.h`
      - Generating Info.plist file at `Pods/Target Support Files/RNFBAuth/RNFBAuth-Info.plist`
      - Generating dummy source at `Pods/Target Support Files/RNFBAuth/RNFBAuth-dummy.m`
    - Installing target `RNFS` iOS 8.0
      - Generating module map file at `Pods/Target Support Files/RNFS/RNFS.modulemap`
      - Generating umbrella header at `Pods/Target Support Files/RNFS/RNFS-umbrella.h`
      - Generating Info.plist file at `Pods/Target Support Files/RNFS/RNFS-Info.plist`
      - Generating dummy source at `Pods/Target Support Files/RNFS/RNFS-dummy.m`
    - Installing target `RNFastImage` iOS 8.0
      - Generating module map file at `Pods/Target Support Files/RNFastImage/RNFastImage.modulemap`
      - Generating umbrella header at `Pods/Target Support Files/RNFastImage/RNFastImage-umbrella.h`
      - Generating Info.plist file at `Pods/Target Support Files/RNFastImage/RNFastImage-Info.plist`
      - Generating dummy source at `Pods/Target Support Files/RNFastImage/RNFastImage-dummy.m`
    - Installing target `RNGestureHandler` iOS 9.0
      - Generating module map file at `Pods/Target Support Files/RNGestureHandler/RNGestureHandler.modulemap`
      - Generating umbrella header at `Pods/Target Support Files/RNGestureHandler/RNGestureHandler-umbrella.h`
      - Generating Info.plist file at `Pods/Target Support Files/RNGestureHandler/RNGestureHandler-Info.plist`
      - Generating dummy source at `Pods/Target Support Files/RNGestureHandler/RNGestureHandler-dummy.m`
    - Installing target `RNGoogleSignin` iOS 10.0
      - Generating module map file at `Pods/Target Support Files/RNGoogleSignin/RNGoogleSignin.modulemap`
      - Generating umbrella header at `Pods/Target Support Files/RNGoogleSignin/RNGoogleSignin-umbrella.h`
      - Generating Info.plist file at `Pods/Target Support Files/RNGoogleSignin/RNGoogleSignin-Info.plist`
      - Generating dummy source at `Pods/Target Support Files/RNGoogleSignin/RNGoogleSignin-dummy.m`
    - Installing target `RNPermissions` iOS 10.0
      - Generating module map file at `Pods/Target Support Files/RNPermissions/RNPermissions.modulemap`
      - Generating umbrella header at `Pods/Target Support Files/RNPermissions/RNPermissions-umbrella.h`
      - Generating Info.plist file at `Pods/Target Support Files/RNPermissions/RNPermissions-Info.plist`
      - Generating dummy source at `Pods/Target Support Files/RNPermissions/RNPermissions-dummy.m`
    - Installing target `RNReanimated` iOS 13.4
      - Generating module map file at `Pods/Target Support Files/RNReanimated/RNReanimated.modulemap`
      - Generating umbrella header at `Pods/Target Support Files/RNReanimated/RNReanimated-umbrella.h`
      - Generating Info.plist file at `Pods/Target Support Files/RNReanimated/RNReanimated-Info.plist`
      - Generating dummy source at `Pods/Target Support Files/RNReanimated/RNReanimated-dummy.m`
    - Installing target `RNSVG` iOS 10.0
      - Generating module map file at `Pods/Target Support Files/RNSVG/RNSVG.modulemap`
      - Generating umbrella header at `Pods/Target Support Files/RNSVG/RNSVG-umbrella.h`
      - Generating Info.plist file at `Pods/Target Support Files/RNSVG/RNSVG-Info.plist`
      - Generating dummy source at `Pods/Target Support Files/RNSVG/RNSVG-dummy.m`
    - Installing target `RNScreens` iOS 9.0
      - Generating module map file at `Pods/Target Support Files/RNScreens/RNScreens.modulemap`
      - Generating umbrella header at `Pods/Target Support Files/RNScreens/RNScreens-umbrella.h`
      - Generating Info.plist file at `Pods/Target Support Files/RNScreens/RNScreens-Info.plist`
      - Generating dummy source at `Pods/Target Support Files/RNScreens/RNScreens-dummy.m`
    - Installing target `RNSnackbar` iOS 9.0
      - Generating module map file at `Pods/Target Support Files/RNSnackbar/RNSnackbar.modulemap`
      - Generating umbrella header at `Pods/Target Support Files/RNSnackbar/RNSnackbar-umbrella.h`
      - Generating Info.plist file at `Pods/Target Support Files/RNSnackbar/RNSnackbar-Info.plist`
      - Generating dummy source at `Pods/Target Support Files/RNSnackbar/RNSnackbar-dummy.m`
    - Installing target `RNSound` iOS 8.0
      - Generating module map file at `Pods/Target Support Files/RNSound/RNSound.modulemap`
      - Generating umbrella header at `Pods/Target Support Files/RNSound/RNSound-umbrella.h`
      - Generating Info.plist file at `Pods/Target Support Files/RNSound/RNSound-Info.plist`
      - Generating dummy source at `Pods/Target Support Files/RNSound/RNSound-dummy.m`
    - Installing target `RNSoundRecorder` iOS 8.0
      - Generating module map file at `Pods/Target Support Files/RNSoundRecorder/RNSoundRecorder.modulemap`
      - Generating umbrella header at `Pods/Target Support Files/RNSoundRecorder/RNSoundRecorder-umbrella.h`
      - Generating Info.plist file at `Pods/Target Support Files/RNSoundRecorder/RNSoundRecorder-Info.plist`
      - Generating dummy source at `Pods/Target Support Files/RNSoundRecorder/RNSoundRecorder-dummy.m`
    - Installing target `RNVectorIcons` iOS 12.0
      - Generating module map file at `Pods/Target Support Files/RNVectorIcons/RNVectorIcons.modulemap`
      - Generating umbrella header at `Pods/Target Support Files/RNVectorIcons/RNVectorIcons-umbrella.h`
      - Generating Info.plist file at `Pods/Target Support Files/RNVectorIcons/RNVectorIcons-Info.plist`
      - Generating dummy source at `Pods/Target Support Files/RNVectorIcons/RNVectorIcons-dummy.m`
    - Installing target `React` iOS 13.4
    - Installing target `React-Codegen` iOS 13.4
      - Generating module map file at `Pods/Target Support Files/React-Codegen/React-Codegen.modulemap`
      - Generating umbrella header at `Pods/Target Support Files/React-Codegen/React-Codegen-umbrella.h`
      - Generating Info.plist file at `Pods/Target Support Files/React-Codegen/React-Codegen-Info.plist`
      - Generating dummy source at `Pods/Target Support Files/React-Codegen/React-Codegen-dummy.m`
    - Installing target `React-Core` iOS 13.4
      - Generating Info.plist file at `Pods/Target Support Files/React-Core/ResourceBundle-RCTI18nStrings-React-Core-Info.plist`
      - Generating module map file at `Pods/Target Support Files/React-Core/React-Core.modulemap`
      - Generating umbrella header at `Pods/Target Support Files/React-Core/React-Core-umbrella.h`
      - Generating Info.plist file at `Pods/Target Support Files/React-Core/React-Core-Info.plist`
      - Generating dummy source at `Pods/Target Support Files/React-Core/React-Core-dummy.m`
    - Installing target `React-CoreModules` iOS 13.4
      - Generating module map file at `Pods/Target Support Files/React-CoreModules/React-CoreModules.modulemap`
      - Generating umbrella header at `Pods/Target Support Files/React-CoreModules/React-CoreModules-umbrella.h`
      - Generating Info.plist file at `Pods/Target Support Files/React-CoreModules/React-CoreModules-Info.plist`
      - Generating dummy source at `Pods/Target Support Files/React-CoreModules/React-CoreModules-dummy.m`
    - Installing target `React-Fabric` iOS 13.4
      - Generating module map file at `Pods/Target Support Files/React-Fabric/React-Fabric.modulemap`
      - Generating umbrella header at `Pods/Target Support Files/React-Fabric/React-Fabric-umbrella.h`
      - Generating Info.plist file at `Pods/Target Support Files/React-Fabric/React-Fabric-Info.plist`
      - Generating dummy source at `Pods/Target Support Files/React-Fabric/React-Fabric-dummy.m`
    - Installing target `React-FabricImage` iOS 13.4
      - Generating module map file at `Pods/Target Support Files/React-FabricImage/React-FabricImage.modulemap`
      - Generating umbrella header at `Pods/Target Support Files/React-FabricImage/React-FabricImage-umbrella.h`
      - Generating Info.plist file at `Pods/Target Support Files/React-FabricImage/React-FabricImage-Info.plist`
      - Generating dummy source at `Pods/Target Support Files/React-FabricImage/React-FabricImage-dummy.m`
    - Installing target `React-ImageManager` iOS 13.4
      - Generating module map file at `Pods/Target Support Files/React-ImageManager/React-ImageManager.modulemap`
      - Generating umbrella header at `Pods/Target Support Files/React-ImageManager/React-ImageManager-umbrella.h`
      - Generating Info.plist file at `Pods/Target Support Files/React-ImageManager/React-ImageManager-Info.plist`
      - Generating dummy source at `Pods/Target Support Files/React-ImageManager/React-ImageManager-dummy.m`
    - Installing target `React-Mapbuffer` iOS 13.4
      - Generating module map file at `Pods/Target Support Files/React-Mapbuffer/React-Mapbuffer.modulemap`
      - Generating umbrella header at `Pods/Target Support Files/React-Mapbuffer/React-Mapbuffer-umbrella.h`
      - Generating Info.plist file at `Pods/Target Support Files/React-Mapbuffer/React-Mapbuffer-Info.plist`
      - Generating dummy source at `Pods/Target Support Files/React-Mapbuffer/React-Mapbuffer-dummy.m`
    - Installing target `React-NativeModulesApple` iOS 13.4
      - Generating module map file at `Pods/Target Support Files/React-NativeModulesApple/React-NativeModulesApple.modulemap`
      - Generating umbrella header at `Pods/Target Support Files/React-NativeModulesApple/React-NativeModulesApple-umbrella.h`
      - Generating Info.plist file at `Pods/Target Support Files/React-NativeModulesApple/React-NativeModulesApple-Info.plist`
      - Generating dummy source at `Pods/Target Support Files/React-NativeModulesApple/React-NativeModulesApple-dummy.m`
    - Installing target `React-RCTActionSheet` iOS 13.4
    - Installing target `React-RCTAnimation` iOS 13.4
      - Generating module map file at `Pods/Target Support Files/React-RCTAnimation/React-RCTAnimation.modulemap`
      - Generating umbrella header at `Pods/Target Support Files/React-RCTAnimation/React-RCTAnimation-umbrella.h`
      - Generating Info.plist file at `Pods/Target Support Files/React-RCTAnimation/React-RCTAnimation-Info.plist`
      - Generating dummy source at `Pods/Target Support Files/React-RCTAnimation/React-RCTAnimation-dummy.m`
    - Installing target `React-RCTAppDelegate` iOS 13.4
      - Generating module map file at `Pods/Target Support Files/React-RCTAppDelegate/React-RCTAppDelegate.modulemap`
      - Generating umbrella header at `Pods/Target Support Files/React-RCTAppDelegate/React-RCTAppDelegate-umbrella.h`
      - Generating Info.plist file at `Pods/Target Support Files/React-RCTAppDelegate/React-RCTAppDelegate-Info.plist`
      - Generating dummy source at `Pods/Target Support Files/React-RCTAppDelegate/React-RCTAppDelegate-dummy.m`
    - Installing target `React-RCTBlob` iOS 13.4
      - Generating module map file at `Pods/Target Support Files/React-RCTBlob/React-RCTBlob.modulemap`
      - Generating umbrella header at `Pods/Target Support Files/React-RCTBlob/React-RCTBlob-umbrella.h`
      - Generating Info.plist file at `Pods/Target Support Files/React-RCTBlob/React-RCTBlob-Info.plist`
      - Generating dummy source at `Pods/Target Support Files/React-RCTBlob/React-RCTBlob-dummy.m`
    - Installing target `React-RCTFabric` iOS 13.4
      - Generating module map file at `Pods/Target Support Files/React-RCTFabric/React-RCTFabric.modulemap`
      - Generating umbrella header at `Pods/Target Support Files/React-RCTFabric/React-RCTFabric-umbrella.h`
      - Generating Info.plist file at `Pods/Target Support Files/React-RCTFabric/React-RCTFabric-Info.plist`
      - Generating dummy source at `Pods/Target Support Files/React-RCTFabric/React-RCTFabric-dummy.m`
    - Installing target `React-RCTImage` iOS 13.4
      - Generating module map file at `Pods/Target Support Files/React-RCTImage/React-RCTImage.modulemap`
      - Generating umbrella header at `Pods/Target Support Files/React-RCTImage/React-RCTImage-umbrella.h`
      - Generating Info.plist file at `Pods/Target Support Files/React-RCTImage/React-RCTImage-Info.plist`
      - Generating dummy source at `Pods/Target Support Files/React-RCTImage/React-RCTImage-dummy.m`
    - Installing target `React-RCTLinking` iOS 13.4
      - Generating module map file at `Pods/Target Support Files/React-RCTLinking/React-RCTLinking.modulemap`
      - Generating umbrella header at `Pods/Target Support Files/React-RCTLinking/React-RCTLinking-umbrella.h`
      - Generating Info.plist file at `Pods/Target Support Files/React-RCTLinking/React-RCTLinking-Info.plist`
      - Generating dummy source at `Pods/Target Support Files/React-RCTLinking/React-RCTLinking-dummy.m`
    - Installing target `React-RCTNetwork` iOS 13.4
      - Generating module map file at `Pods/Target Support Files/React-RCTNetwork/React-RCTNetwork.modulemap`
      - Generating umbrella header at `Pods/Target Support Files/React-RCTNetwork/React-RCTNetwork-umbrella.h`
      - Generating Info.plist file at `Pods/Target Support Files/React-RCTNetwork/React-RCTNetwork-Info.plist`
      - Generating dummy source at `Pods/Target Support Files/React-RCTNetwork/React-RCTNetwork-dummy.m`
    - Installing target `React-RCTSettings` iOS 13.4
      - Generating module map file at `Pods/Target Support Files/React-RCTSettings/React-RCTSettings.modulemap`
      - Generating umbrella header at `Pods/Target Support Files/React-RCTSettings/React-RCTSettings-umbrella.h`
      - Generating Info.plist file at `Pods/Target Support Files/React-RCTSettings/React-RCTSettings-Info.plist`
      - Generating dummy source at `Pods/Target Support Files/React-RCTSettings/React-RCTSettings-dummy.m`
    - Installing target `React-RCTText` iOS 13.4
      - Generating module map file at `Pods/Target Support Files/React-RCTText/React-RCTText.modulemap`
      - Generating umbrella header at `Pods/Target Support Files/React-RCTText/React-RCTText-umbrella.h`
      - Generating Info.plist file at `Pods/Target Support Files/React-RCTText/React-RCTText-Info.plist`
      - Generating dummy source at `Pods/Target Support Files/React-RCTText/React-RCTText-dummy.m`
    - Installing target `React-RCTVibration` iOS 13.4
      - Generating module map file at `Pods/Target Support Files/React-RCTVibration/React-RCTVibration.modulemap`
      - Generating umbrella header at `Pods/Target Support Files/React-RCTVibration/React-RCTVibration-umbrella.h`
      - Generating Info.plist file at `Pods/Target Support Files/React-RCTVibration/React-RCTVibration-Info.plist`
      - Generating dummy source at `Pods/Target Support Files/React-RCTVibration/React-RCTVibration-dummy.m`
    - Installing target `React-RuntimeApple` iOS 13.4
      - Generating module map file at `Pods/Target Support Files/React-RuntimeApple/React-RuntimeApple.modulemap`
      - Generating umbrella header at `Pods/Target Support Files/React-RuntimeApple/React-RuntimeApple-umbrella.h`
      - Generating Info.plist file at `Pods/Target Support Files/React-RuntimeApple/React-RuntimeApple-Info.plist`
      - Generating dummy source at `Pods/Target Support Files/React-RuntimeApple/React-RuntimeApple-dummy.m`
    - Installing target `React-RuntimeCore` iOS 13.4
      - Generating module map file at `Pods/Target Support Files/React-RuntimeCore/React-RuntimeCore.modulemap`
      - Generating umbrella header at `Pods/Target Support Files/React-RuntimeCore/React-RuntimeCore-umbrella.h`
      - Generating Info.plist file at `Pods/Target Support Files/React-RuntimeCore/React-RuntimeCore-Info.plist`
      - Generating dummy source at `Pods/Target Support Files/React-RuntimeCore/React-RuntimeCore-dummy.m`
    - Installing target `React-callinvoker` iOS 13.4
    - Installing target `React-cxxreact` iOS 13.4
      - Generating module map file at `Pods/Target Support Files/React-cxxreact/React-cxxreact.modulemap`
      - Generating umbrella header at `Pods/Target Support Files/React-cxxreact/React-cxxreact-umbrella.h`
      - Generating Info.plist file at `Pods/Target Support Files/React-cxxreact/React-cxxreact-Info.plist`
      - Generating dummy source at `Pods/Target Support Files/React-cxxreact/React-cxxreact-dummy.m`
    - Installing target `React-debug` iOS 13.4
      - Generating module map file at `Pods/Target Support Files/React-debug/React-debug.modulemap`
      - Generating umbrella header at `Pods/Target Support Files/React-debug/React-debug-umbrella.h`
      - Generating Info.plist file at `Pods/Target Support Files/React-debug/React-debug-Info.plist`
      - Generating dummy source at `Pods/Target Support Files/React-debug/React-debug-dummy.m`
    - Installing target `React-featureflags` iOS 13.4
      - Generating module map file at `Pods/Target Support Files/React-featureflags/React-featureflags.modulemap`
      - Generating umbrella header at `Pods/Target Support Files/React-featureflags/React-featureflags-umbrella.h`
      - Generating Info.plist file at `Pods/Target Support Files/React-featureflags/React-featureflags-Info.plist`
      - Generating dummy source at `Pods/Target Support Files/React-featureflags/React-featureflags-dummy.m`
    - Installing target `React-graphics` iOS 13.4
      - Generating module map file at `Pods/Target Support Files/React-graphics/React-graphics.modulemap`
      - Generating umbrella header at `Pods/Target Support Files/React-graphics/React-graphics-umbrella.h`
      - Generating Info.plist file at `Pods/Target Support Files/React-graphics/React-graphics-Info.plist`
      - Generating dummy source at `Pods/Target Support Files/React-graphics/React-graphics-dummy.m`
    - Installing target `React-jsc` iOS 13.4
      - Generating module map file at `Pods/Target Support Files/React-jsc/React-jsc.modulemap`
      - Generating umbrella header at `Pods/Target Support Files/React-jsc/React-jsc-umbrella.h`
      - Generating Info.plist file at `Pods/Target Support Files/React-jsc/React-jsc-Info.plist`
      - Generating dummy source at `Pods/Target Support Files/React-jsc/React-jsc-dummy.m`
    - Installing target `React-jserrorhandler` iOS 13.4
      - Generating module map file at `Pods/Target Support Files/React-jserrorhandler/React-jserrorhandler.modulemap`
      - Generating umbrella header at `Pods/Target Support Files/React-jserrorhandler/React-jserrorhandler-umbrella.h`
      - Generating Info.plist file at `Pods/Target Support Files/React-jserrorhandler/React-jserrorhandler-Info.plist`
      - Generating dummy source at `Pods/Target Support Files/React-jserrorhandler/React-jserrorhandler-dummy.m`
    - Installing target `React-jsi` iOS 13.4
      - Generating module map file at `Pods/Target Support Files/React-jsi/React-jsi.modulemap`
      - Generating umbrella header at `Pods/Target Support Files/React-jsi/React-jsi-umbrella.h`
      - Generating Info.plist file at `Pods/Target Support Files/React-jsi/React-jsi-Info.plist`
      - Generating dummy source at `Pods/Target Support Files/React-jsi/React-jsi-dummy.m`
    - Installing target `React-jsiexecutor` iOS 13.4
      - Generating module map file at `Pods/Target Support Files/React-jsiexecutor/React-jsiexecutor.modulemap`
      - Generating umbrella header at `Pods/Target Support Files/React-jsiexecutor/React-jsiexecutor-umbrella.h`
      - Generating Info.plist file at `Pods/Target Support Files/React-jsiexecutor/React-jsiexecutor-Info.plist`
      - Generating dummy source at `Pods/Target Support Files/React-jsiexecutor/React-jsiexecutor-dummy.m`
    - Installing target `React-jsinspector` iOS 13.4
      - Generating module map file at `Pods/Target Support Files/React-jsinspector/React-jsinspector.modulemap`
      - Generating umbrella header at `Pods/Target Support Files/React-jsinspector/React-jsinspector-umbrella.h`
      - Generating Info.plist file at `Pods/Target Support Files/React-jsinspector/React-jsinspector-Info.plist`
      - Generating dummy source at `Pods/Target Support Files/React-jsinspector/React-jsinspector-dummy.m`
    - Installing target `React-jsitracing` iOS 13.4
    - Installing target `React-logger` iOS 13.4
      - Generating module map file at `Pods/Target Support Files/React-logger/React-logger.modulemap`
      - Generating umbrella header at `Pods/Target Support Files/React-logger/React-logger-umbrella.h`
      - Generating Info.plist file at `Pods/Target Support Files/React-logger/React-logger-Info.plist`
      - Generating dummy source at `Pods/Target Support Files/React-logger/React-logger-dummy.m`
    - Installing target `React-nativeconfig` iOS 13.4
      - Generating module map file at `Pods/Target Support Files/React-nativeconfig/React-nativeconfig.modulemap`
      - Generating umbrella header at `Pods/Target Support Files/React-nativeconfig/React-nativeconfig-umbrella.h`
      - Generating Info.plist file at `Pods/Target Support Files/React-nativeconfig/React-nativeconfig-Info.plist`
      - Generating dummy source at `Pods/Target Support Files/React-nativeconfig/React-nativeconfig-dummy.m`
    - Installing target `React-perflogger` iOS 13.4
      - Generating module map file at `Pods/Target Support Files/React-perflogger/React-perflogger.modulemap`
      - Generating umbrella header at `Pods/Target Support Files/React-perflogger/React-perflogger-umbrella.h`
      - Generating Info.plist file at `Pods/Target Support Files/React-perflogger/React-perflogger-Info.plist`
      - Generating dummy source at `Pods/Target Support Files/React-perflogger/React-perflogger-dummy.m`
    - Installing target `React-rendererdebug` iOS 13.4
      - Generating module map file at `Pods/Target Support Files/React-rendererdebug/React-rendererdebug.modulemap`
      - Generating umbrella header at `Pods/Target Support Files/React-rendererdebug/React-rendererdebug-umbrella.h`
      - Generating Info.plist file at `Pods/Target Support Files/React-rendererdebug/React-rendererdebug-Info.plist`
      - Generating dummy source at `Pods/Target Support Files/React-rendererdebug/React-rendererdebug-dummy.m`
    - Installing target `React-rncore` iOS 13.4
    - Installing target `React-runtimeexecutor` iOS 13.4
    - Installing target `React-runtimescheduler` iOS 13.4
      - Generating module map file at `Pods/Target Support Files/React-runtimescheduler/React-runtimescheduler.modulemap`
      - Generating umbrella header at `Pods/Target Support Files/React-runtimescheduler/React-runtimescheduler-umbrella.h`
      - Generating Info.plist file at `Pods/Target Support Files/React-runtimescheduler/React-runtimescheduler-Info.plist`
      - Generating dummy source at `Pods/Target Support Files/React-runtimescheduler/React-runtimescheduler-dummy.m`
    - Installing target `React-utils` iOS 13.4
      - Generating module map file at `Pods/Target Support Files/React-utils/React-utils.modulemap`
      - Generating umbrella header at `Pods/Target Support Files/React-utils/React-utils-umbrella.h`
      - Generating Info.plist file at `Pods/Target Support Files/React-utils/React-utils-Info.plist`
      - Generating dummy source at `Pods/Target Support Files/React-utils/React-utils-dummy.m`
    - Installing target `ReactCommon` iOS 13.4
      - Generating module map file at `Pods/Target Support Files/ReactCommon/ReactCommon.modulemap`
      - Generating umbrella header at `Pods/Target Support Files/ReactCommon/ReactCommon-umbrella.h`
      - Generating Info.plist file at `Pods/Target Support Files/ReactCommon/ReactCommon-Info.plist`
      - Generating dummy source at `Pods/Target Support Files/ReactCommon/ReactCommon-dummy.m`
    - Installing target `ReactNativeLocalization` iOS 8.0
      - Generating module map file at `Pods/Target Support Files/ReactNativeLocalization/ReactNativeLocalization.modulemap`
      - Generating umbrella header at `Pods/Target Support Files/ReactNativeLocalization/ReactNativeLocalization-umbrella.h`
      - Generating Info.plist file at `Pods/Target Support Files/ReactNativeLocalization/ReactNativeLocalization-Info.plist`
      - Generating dummy source at `Pods/Target Support Files/ReactNativeLocalization/ReactNativeLocalization-dummy.m`
    - Installing target `RecaptchaInterop` iOS 11.0
      - Generating module map file at `Pods/Target Support Files/RecaptchaInterop/RecaptchaInterop.modulemap`
      - Generating umbrella header at `Pods/Target Support Files/RecaptchaInterop/RecaptchaInterop-umbrella.h`
      - Generating Info.plist file at `Pods/Target Support Files/RecaptchaInterop/RecaptchaInterop-Info.plist`
      - Generating dummy source at `Pods/Target Support Files/RecaptchaInterop/RecaptchaInterop-dummy.m`
    - Installing target `SDWebImage` iOS 9.0
      - Generating module map file at `Pods/Target Support Files/SDWebImage/SDWebImage.modulemap`
      - Generating umbrella header at `Pods/Target Support Files/SDWebImage/SDWebImage-umbrella.h`
      - Generating Info.plist file at `Pods/Target Support Files/SDWebImage/SDWebImage-Info.plist`
      - Generating dummy source at `Pods/Target Support Files/SDWebImage/SDWebImage-dummy.m`
    - Installing target `SDWebImageWebPCoder` iOS 9.0
      - Copying module map file to `Pods/Target Support Files/SDWebImageWebPCoder/SDWebImageWebPCoder.modulemap`
      - Generating Info.plist file at `Pods/Target Support Files/SDWebImageWebPCoder/SDWebImageWebPCoder-Info.plist`
      - Generating dummy source at `Pods/Target Support Files/SDWebImageWebPCoder/SDWebImageWebPCoder-dummy.m`
    - Installing target `SocketRocket` iOS 11.0
      - Generating module map file at `Pods/Target Support Files/SocketRocket/SocketRocket.modulemap`
      - Generating umbrella header at `Pods/Target Support Files/SocketRocket/SocketRocket-umbrella.h`
      - Generating Info.plist file at `Pods/Target Support Files/SocketRocket/SocketRocket-Info.plist`
      - Generating dummy source at `Pods/Target Support Files/SocketRocket/SocketRocket-dummy.m`
    - Installing target `Yoga` iOS 13.4
      - Generating module map file at `Pods/Target Support Files/Yoga/Yoga.modulemap`
      - Generating umbrella header at `Pods/Target Support Files/Yoga/Yoga-umbrella.h`
      - Generating Info.plist file at `Pods/Target Support Files/Yoga/Yoga-Info.plist`
      - Generating dummy source at `Pods/Target Support Files/Yoga/Yoga-dummy.m`
    - Installing target `boost` iOS 13.4
    - Installing target `fmt` iOS 13.4
      - Generating module map file at `Pods/Target Support Files/fmt/fmt.modulemap`
      - Generating umbrella header at `Pods/Target Support Files/fmt/fmt-umbrella.h`
      - Generating Info.plist file at `Pods/Target Support Files/fmt/fmt-Info.plist`
      - Generating dummy source at `Pods/Target Support Files/fmt/fmt-dummy.m`
    - Installing target `glog` iOS 13.4
      - Generating module map file at `Pods/Target Support Files/glog/glog.modulemap`
      - Generating umbrella header at `Pods/Target Support Files/glog/glog-umbrella.h`
      - Generating Info.plist file at `Pods/Target Support Files/glog/glog-Info.plist`
      - Generating dummy source at `Pods/Target Support Files/glog/glog-dummy.m`
    - Installing target `libwebp` iOS 9.0
      - Generating module map file at `Pods/Target Support Files/libwebp/libwebp.modulemap`
      - Generating umbrella header at `Pods/Target Support Files/libwebp/libwebp-umbrella.h`
      - Generating Info.plist file at `Pods/Target Support Files/libwebp/libwebp-Info.plist`
      - Generating dummy source at `Pods/Target Support Files/libwebp/libwebp-dummy.m`
    - Installing target `lottie-ios` iOS 13.0
      - Generating Info.plist file at `Pods/Target Support Files/lottie-ios/ResourceBundle-LottiePrivacyInfo-lottie-ios-Info.plist`
      - Generating module map file at `Pods/Target Support Files/lottie-ios/lottie-ios.modulemap`
      - Generating umbrella header at `Pods/Target Support Files/lottie-ios/lottie-ios-umbrella.h`
      - Generating Info.plist file at `Pods/Target Support Files/lottie-ios/lottie-ios-Info.plist`
      - Generating dummy source at `Pods/Target Support Files/lottie-ios/lottie-ios-dummy.m`
    - Installing target `lottie-react-native` iOS 13.4
      - Generating Info.plist file at `Pods/Target Support Files/lottie-react-native/ResourceBundle-Lottie_React_Native_Privacy-lottie-react-native-Info.plist`
      - Generating module map file at `Pods/Target Support Files/lottie-react-native/lottie-react-native.modulemap`
      - Generating umbrella header at `Pods/Target Support Files/lottie-react-native/lottie-react-native-umbrella.h`
      - Generating Info.plist file at `Pods/Target Support Files/lottie-react-native/lottie-react-native-Info.plist`
      - Generating dummy source at `Pods/Target Support Files/lottie-react-native/lottie-react-native-dummy.m`
    - Installing target `react-native-config` iOS 9.0
      - Generating module map file at `Pods/Target Support Files/react-native-config/react-native-config.modulemap`
      - Generating umbrella header at `Pods/Target Support Files/react-native-config/react-native-config-umbrella.h`
      - Generating Info.plist file at `Pods/Target Support Files/react-native-config/react-native-config-Info.plist`
      - Generating dummy source at `Pods/Target Support Files/react-native-config/react-native-config-dummy.m`
    - Installing target `react-native-image-picker` iOS 9.0
      - Generating Info.plist file at `Pods/Target Support Files/react-native-image-picker/ResourceBundle-RNImagePickerPrivacyInfo-react-native-image-picker-Info.plist`
      - Generating module map file at `Pods/Target Support Files/react-native-image-picker/react-native-image-picker.modulemap`
      - Generating umbrella header at `Pods/Target Support Files/react-native-image-picker/react-native-image-picker-umbrella.h`
      - Generating Info.plist file at `Pods/Target Support Files/react-native-image-picker/react-native-image-picker-Info.plist`
      - Generating dummy source at `Pods/Target Support Files/react-native-image-picker/react-native-image-picker-dummy.m`
    - Installing target `react-native-orientation-locker` iOS 8.0
      - Generating module map file at `Pods/Target Support Files/react-native-orientation-locker/react-native-orientation-locker.modulemap`
      - Generating umbrella header at `Pods/Target Support Files/react-native-orientation-locker/react-native-orientation-locker-umbrella.h`
      - Generating Info.plist file at `Pods/Target Support Files/react-native-orientation-locker/react-native-orientation-locker-Info.plist`
      - Generating dummy source at `Pods/Target Support Files/react-native-orientation-locker/react-native-orientation-locker-dummy.m`
    - Installing target `react-native-safe-area-context` iOS 12.4
      - Generating module map file at `Pods/Target Support Files/react-native-safe-area-context/react-native-safe-area-context.modulemap`
      - Generating umbrella header at `Pods/Target Support Files/react-native-safe-area-context/react-native-safe-area-context-umbrella.h`
      - Generating Info.plist file at `Pods/Target Support Files/react-native-safe-area-context/react-native-safe-area-context-Info.plist`
      - Generating dummy source at `Pods/Target Support Files/react-native-safe-area-context/react-native-safe-area-context-dummy.m`
    - Installing target `react-native-splash-screen` iOS 8.0
      - Generating module map file at `Pods/Target Support Files/react-native-splash-screen/react-native-splash-screen.modulemap`
      - Generating umbrella header at `Pods/Target Support Files/react-native-splash-screen/react-native-splash-screen-umbrella.h`
      - Generating Info.plist file at `Pods/Target Support Files/react-native-splash-screen/react-native-splash-screen-Info.plist`
      - Generating dummy source at `Pods/Target Support Files/react-native-splash-screen/react-native-splash-screen-dummy.m`
    - Installing target `react-native-video` iOS 13.0
      - Generating module map file at `Pods/Target Support Files/react-native-video/react-native-video.modulemap`
      - Generating umbrella header at `Pods/Target Support Files/react-native-video/react-native-video-umbrella.h`
      - Generating Info.plist file at `Pods/Target Support Files/react-native-video/react-native-video-Info.plist`
      - Generating dummy source at `Pods/Target Support Files/react-native-video/react-native-video-dummy.m`
    - Installing target `react-native-voice` iOS 9.0
      - Generating module map file at `Pods/Target Support Files/react-native-voice/react-native-voice.modulemap`
      - Generating umbrella header at `Pods/Target Support Files/react-native-voice/react-native-voice-umbrella.h`
      - Generating Info.plist file at `Pods/Target Support Files/react-native-voice/react-native-voice-Info.plist`
      - Generating dummy source at `Pods/Target Support Files/react-native-voice/react-native-voice-dummy.m`
  - Installing Aggregate Targets
    - Installing target `Pods-SaralGita` iOS 14.0
      - Generating Info.plist file at `Pods/Target Support Files/Pods-SaralGita/Pods-SaralGita-Info.plist`
      - Generating module map file at `Pods/Target Support Files/Pods-SaralGita/Pods-SaralGita.modulemap`
      - Generating umbrella header at `Pods/Target Support Files/Pods-SaralGita/Pods-SaralGita-umbrella.h`
      - Generating dummy source at `Pods/Target Support Files/Pods-SaralGita/Pods-SaralGita-dummy.m`
    - Installing target `Pods-SaralGita-SaralGitaTests` iOS 14.0
      - Generating Info.plist file at `Pods/Target Support Files/Pods-SaralGita-SaralGitaTests/Pods-SaralGita-SaralGitaTests-Info.plist`
      - Generating module map file at `Pods/Target Support Files/Pods-SaralGita-SaralGitaTests/Pods-SaralGita-SaralGitaTests.modulemap`
      - Generating umbrella header at `Pods/Target Support Files/Pods-SaralGita-SaralGitaTests/Pods-SaralGita-SaralGitaTests-umbrella.h`
      - Generating dummy source at `Pods/Target Support Files/Pods-SaralGita-SaralGitaTests/Pods-SaralGita-SaralGitaTests-dummy.m`
  - Integrating targets

Integrating target `React-Codegen`
    Adding Build Phase '[CP-User] Generate Specs' to project.

Integrating target `React-Fabric`
    Adding Build Phase '[CP-User] [RN]Check rncore' to project.

Integrating target `react-native-config`
    Adding Build Phase '[CP-User] Config codegen' to project.
  - Generating deterministic UUIDs
  - Stabilizing target UUIDs
  - Running post install hooks
Setting USE_HERMES build settings
Setting REACT_NATIVE build settings
[Ccache]: Removing Ccache from CC, LD, CXX & LDPLUSPLUS build settings
[Privacy Manifest Aggregation] Appending aggregated reasons to existing PrivacyInfo.xcprivacy file.
[Privacy Manifest Aggregation] Reading .xcprivacy files to aggregate all used Required Reason APIs.
Setting CLANG_CXX_LANGUAGE_STANDARD to c++20 on /Users/bhagirathsuthar/Documents/projects/SaralGeeta/ios/SaralGita.xcodeproj
Pod install took 12 [s] to run
    - Podfile
  - Writing Xcode project file to `Pods/Pods.xcodeproj`
  Cleaning up sandbox directory

Integrating client project

Integrating target `Pods-SaralGita` (`SaralGita.xcodeproj` project)

Integrating target `Pods-SaralGita-SaralGitaTests` (`SaralGita.xcodeproj` project)
  - Running post integrate hooks
  - Writing Lockfile in `Podfile.lock`
  - Writing Manifest in `Pods/Manifest.lock`
  CDN: trunk Relative path: CocoaPods-version.yml exists! Returning local because checking is only performed in repo update

-> Pod installation complete! There are 86 dependencies from the Podfile and 104 total pods installed.

[!] [Codegen] warn: using experimental new codegen integration

[!] [Xcodeproj] Generated duplicate UUIDs:

PBXBuildFile -- Pods.xcodeproj/targets/buildConfigurationList:buildConfigurations:baseConfigurationReference:|,buildSettings:|,displayName:|,isa:|,name:|,,baseConfigurationReference:|,buildSettings:|,displayName:|,isa:|,name:|,,defaultConfigurationIsVisible:0,defaultConfigurationName:Release,displayName:ConfigurationList,isa:XCConfigurationList,,buildPhases:buildActionMask:2147483647,displayName:Headers,files:|,|,|,|,|,|,|,|,|,|,|,|,|,|,|,|,|,|,|,|,|,|,|,|,|,|,|,|,isa:PBXHeadersBuildPhase,runOnlyForDeploymentPostprocessing:0,,buildActionMask:2147483647,displayName:Sources,files:|,|,|,|,|,|,|,|,|,|,|,|,|,|,|,|,|,|,|,|,|,|,|,isa:PBXSourcesBuildPhase,runOnlyForDeploymentPostprocessing:0,,buildActionMask:2147483647,displayName:Frameworks,files:|,isa:PBXFrameworksBuildPhase,runOnlyForDeploymentPostprocessing:0,,buildActionMask:2147483647,displayName:Resources,files:,isa:PBXResourcesBuildPhase,runOnlyForDeploymentPostprocessing:0,,buildRules:,dependencies:displayName:React-Core,isa:PBXTargetDependency,targetProxy:containerPortal:|,displayName:|,isa:|,proxyType:|,remoteGlobalIDString:|,remoteInfo:|,,,displayName:RCT-Folly,isa:PBXTargetDependency,targetProxy:containerPortal:|,displayName:|,isa:|,proxyType:|,remoteGlobalIDString:|,remoteInfo:|,,,displayName:glog,isa:PBXTargetDependency,targetProxy:containerPortal:|,displayName:|,isa:|,proxyType:|,remoteGlobalIDString:|,remoteInfo:|,,,displayName:React-RCTFabric,isa:PBXTargetDependency,targetProxy:containerPortal:|,displayName:|,isa:|,proxyType:|,remoteGlobalIDString:|,remoteInfo:|,,,displayName:React-Codegen,isa:PBXTargetDependency,targetProxy:containerPortal:|,displayName:|,isa:|,proxyType:|,remoteGlobalIDString:|,remoteInfo:|,,,displayName:RCTRequired,isa:PBXTargetDependency,targetProxy:containerPortal:|,displayName:|,isa:|,proxyType:|,remoteGlobalIDString:|,remoteInfo:|,,,displayName:RCTTypeSafety,isa:PBXTargetDependency,targetProxy:containerPortal:|,displayName:|,isa:|,proxyType:|,remoteGlobalIDString:|,remoteInfo:|,,,displayName:ReactCommon,isa:PBXTargetDependency,targetProxy:containerPortal:|,displayName:|,isa:|,proxyType:|,remoteGlobalIDString:|,remoteInfo:|,,,displayName:React-NativeModulesApple,isa:PBXTargetDependency,targetProxy:containerPortal:|,displayName:|,isa:|,proxyType:|,remoteGlobalIDString:|,remoteInfo:|,,,displayName:Yoga,isa:PBXTargetDependency,targetProxy:containerPortal:|,displayName:|,isa:|,proxyType:|,remoteGlobalIDString:|,remoteInfo:|,,,displayName:React-Fabric,isa:PBXTargetDependency,targetProxy:containerPortal:|,displayName:|,isa:|,proxyType:|,remoteGlobalIDString:|,remoteInfo:|,,,displayName:React-graphics,isa:PBXTargetDependency,targetProxy:containerPortal:|,displayName:|,isa:|,proxyType:|,remoteGlobalIDString:|,remoteInfo:|,,,displayName:React-utils,isa:PBXTargetDependency,targetProxy:containerPortal:|,displayName:|,isa:|,proxyType:|,remoteGlobalIDString:|,remoteInfo:|,,,displayName:React-featureflags,isa:PBXTargetDependency,targetProxy:containerPortal:|,displayName:|,isa:|,proxyType:|,remoteGlobalIDString:|,remoteInfo:|,,,displayName:React-debug,isa:PBXTargetDependency,targetProxy:containerPortal:|,displayName:|,isa:|,proxyType:|,remoteGlobalIDString:|,remoteInfo:|,,,displayName:React-ImageManager,isa:PBXTargetDependency,targetProxy:containerPortal:|,displayName:|,isa:|,proxyType:|,remoteGlobalIDString:|,remoteInfo:|,,,displayName:React-rendererdebug,isa:PBXTargetDependency,targetProxy:containerPortal:|,displayName:|,isa:|,proxyType:|,remoteGlobalIDString:|,remoteInfo:|,,,displayName:DoubleConversion,isa:PBXTargetDependency,targetProxy:containerPortal:|,displayName:|,isa:|,proxyType:|,remoteGlobalIDString:|,remoteInfo:|,,,displayName:React-jsi,isa:PBXTargetDependency,targetProxy:containerPortal:|,displayName:|,isa:|,proxyType:|,remoteGlobalIDString:|,remoteInfo:|,,,displayName:RNGestureHandler,fileSystemSynchronizedGroups:,isa:PBXNativeTarget,name:RNGestureHandler,packageProductDependencies:,productName:RNGestureHandler,productReference:displayName:RNGestureHandler,explicitFileType:wrapper.framework,includeInIndex:0,isa:PBXFileReference,name:RNGestureHandler,path:RNGestureHandler.framework,sourceTree:BUILT_PRODUCTS_DIR,,productType:com.apple.product-type.framework,/dependencies/displayName:React-RCTFabric,isa:PBXTargetDependency,targetProxy:containerPortal:46EB2E00000000,displayName:ContainerItemProxy,isa:PBXContainerItemProxy,proxyType:1,remoteGlobalIDString:46EB2E00020EA0,remoteInfo:React-RCTFabric,,/target/dependencies/displayName:React-RCTImage,isa:PBXTargetDependency,targetProxy:containerPortal:46EB2E00000000,displayName:ContainerItemProxy,isa:PBXContainerItemProxy,proxyType:1,remoteGlobalIDString:46EB2E000215E0,remoteInfo:React-RCTImage,,/target/dependencies/displayName:React-RCTNetwork,isa:PBXTargetDependency,targetProxy:containerPortal:46EB2E00000000,displayName:ContainerItemProxy,isa:PBXContainerItemProxy,proxyType:1,remoteGlobalIDString:46EB2E000219A0,remoteInfo:React-RCTNetwork,,/target/dependencies/displayName:React-Codegen,isa:PBXTargetDependency,targetProxy:containerPortal:46EB2E00000000,displayName:ContainerItemProxy,isa:PBXContainerItemProxy,proxyType:1,remoteGlobalIDString:46EB2E0001AAC0,remoteInfo:React-Codegen,,/target/buildPhases/buildActionMask:2147483647,displayName:Sources,files:displayName:FBReactNativeSpec-generated.mm,fileRef:displayName:|,includeInIndex:|,isa:|,path:|,sourceTree:|,,isa:PBXBuildFile,settings:COMPILER_FLAGS:|,,,displayName:FBReactNativeSpecJSI-generated.cpp,fileRef:displayName:|,includeInIndex:|,isa:|,lastKnownFileType:|,path:|,sourceTree:|,,isa:PBXBuildFile,settings:COMPILER_FLAGS:|,,,displayName:RCTModulesConformingToProtocolsProvider.mm,fileRef:displayName:|,includeInIndex:|,isa:|,path:|,sourceTree:|,,isa:PBXBuildFile,settings:COMPILER_FLAGS:|,,,displayName:ComponentDescriptors.cpp,fileRef:displayName:|,includeInIndex:|,isa:|,lastKnownFileType:|,path:|,sourceTree:|,,isa:PBXBuildFile,settings:COMPILER_FLAGS:|,,,displayName:EventEmitters.cpp,fileRef:displayName:|,includeInIndex:|,isa:|,lastKnownFileType:|,path:|,sourceTree:|,,isa:PBXBuildFile,settings:COMPILER_FLAGS:|,,,displayName:Props.cpp,fileRef:displayName:|,includeInIndex:|,isa:|,lastKnownFileType:|,path:|,sourceTree:|,,isa:PBXBuildFile,settings:COMPILER_FLAGS:|,,,displayName:ShadowNodes.cpp,fileRef:displayName:|,includeInIndex:|,isa:|,lastKnownFileType:|,path:|,sourceTree:|,,isa:PBXBuildFile,settings:COMPILER_FLAGS:|,,,displayName:States.cpp,fileRef:displayName:|,includeInIndex:|,isa:|,lastKnownFileType:|,path:|,sourceTree:|,,isa:PBXBuildFile,settings:COMPILER_FLAGS:|,,,displayName:ComponentDescriptors.cpp,fileRef:displayName:|,includeInIndex:|,isa:|,lastKnownFileType:|,path:|,sourceTree:|,,isa:PBXBuildFile,settings:COMPILER_FLAGS:|,,,displayName:EventEmitters.cpp,fileRef:displayName:|,includeInIndex:|,isa:|,lastKnownFileType:|,path:|,sourceTree:|,,isa:PBXBuildFile,settings:COMPILER_FLAGS:|,,,displayName:Props.cpp,fileRef:displayName:|,includeInIndex:|,isa:|,lastKnownFileType:|,path:|,sourceTree:|,,isa:PBXBuildFile,settings:COMPILER_FLAGS:|,,,displayName:ShadowNodes.cpp,fileRef:displayName:|,includeInIndex:|,isa:|,lastKnownFileType:|,path:|,sourceTree:|,,isa:PBXBuildFile,settings:COMPILER_FLAGS:|,,,displayName:States.cpp,fileRef:displayName:|,includeInIndex:|,isa:|,lastKnownFileType:|,path:|,sourceTree:|,,isa:PBXBuildFile,settings:COMPILER_FLAGS:|,,,displayName:ComponentDescriptors.cpp,fileRef:displayName:|,includeInIndex:|,isa:|,lastKnownFileType:|,path:|,sourceTree:|,,isa:PBXBuildFile,settings:COMPILER_FLAGS:|,,,displayName:EventEmitters.cpp,fileRef:displayName:|,includeInIndex:|,isa:|,lastKnownFileType:|,path:|,sourceTree:|,,isa:PBXBuildFile,settings:COMPILER_FLAGS:|,,,displayName:Props.cpp,fileRef:displayName:|,includeInIndex:|,isa:|,lastKnownFileType:|,path:|,sourceTree:|,,isa:PBXBuildFile,settings:COMPILER_FLAGS:|,,,displayName:ShadowNodes.cpp,fileRef:displayName:|,includeInIndex:|,isa:|,lastKnownFileType:|,path:|,sourceTree:|,,isa:PBXBuildFile,settings:COMPILER_FLAGS:|,,,displayName:States.cpp,fileRef:displayName:|,includeInIndex:|,isa:|,lastKnownFileType:|,path:|,sourceTree:|,,isa:PBXBuildFile,settings:COMPILER_FLAGS:|,,,displayName:ComponentDescriptors.cpp,fileRef:displayName:|,includeInIndex:|,isa:|,lastKnownFileType:|,path:|,sourceTree:|,,isa:PBXBuildFile,settings:COMPILER_FLAGS:|,,,displayName:EventEmitters.cpp,fileRef:displayName:|,includeInIndex:|,isa:|,lastKnownFileType:|,path:|,sourceTree:|,,isa:PBXBuildFile,settings:COMPILER_FLAGS:|,,,displayName:Props.cpp,fileRef:displayName:|,includeInIndex:|,isa:|,lastKnownFileType:|,path:|,sourceTree:|,,isa:PBXBuildFile,settings:COMPILER_FLAGS:|,,,displayName:ShadowNodes.cpp,fileRef:displayName:|,includeInIndex:|,isa:|,lastKnownFileType:|,path:|,sourceTree:|,,isa:PBXBuildFile,settings:COMPILER_FLAGS:|,,,displayName:States.cpp,fileRef:displayName:|,includeInIndex:|,isa:|,lastKnownFileType:|,path:|,sourceTree:|,,isa:PBXBuildFile,settings:COMPILER_FLAGS:|,,,displayName:ComponentDescriptors.cpp,fileRef:displayName:|,includeInIndex:|,isa:|,lastKnownFileType:|,path:|,sourceTree:|,,isa:PBXBuildFile,settings:COMPILER_FLAGS:|,,,displayName:EventEmitters.cpp,fileRef:displayName:|,includeInIndex:|,isa:|,lastKnownFileType:|,path:|,sourceTree:|,,isa:PBXBuildFile,settings:COMPILER_FLAGS:|,,,displayName:Props.cpp,fileRef:displayName:|,includeInIndex:|,isa:|,lastKnownFileType:|,path:|,sourceTree:|,,isa:PBXBuildFile,settings:COMPILER_FLAGS:|,,,displayName:ShadowNodes.cpp,fileRef:displayName:|,includeInIndex:|,isa:|,lastKnownFileType:|,path:|,sourceTree:|,,isa:PBXBuildFile,settings:COMPILER_FLAGS:|,,,displayName:States.cpp,fileRef:displayName:|,includeInIndex:|,isa:|,lastKnownFileType:|,path:|,sourceTree:|,,isa:PBXBuildFile,settings:COMPILER_FLAGS:|,,,displayName:ComponentDescriptors.cpp,fileRef:displayName:|,includeInIndex:|,isa:|,lastKnownFileType:|,path:|,sourceTree:|,,isa:PBXBuildFile,settings:COMPILER_FLAGS:|,,,displayName:EventEmitters.cpp,fileRef:displayName:|,includeInIndex:|,isa:|,lastKnownFileType:|,path:|,sourceTree:|,,isa:PBXBuildFile,settings:COMPILER_FLAGS:|,,,displayName:Props.cpp,fileRef:displayName:|,includeInIndex:|,isa:|,lastKnownFileType:|,path:|,sourceTree:|,,isa:PBXBuildFile,settings:COMPILER_FLAGS:|,,,displayName:ShadowNodes.cpp,fileRef:displayName:|,includeInIndex:|,isa:|,lastKnownFileType:|,path:|,sourceTree:|,,isa:PBXBuildFile,settings:COMPILER_FLAGS:|,,,displayName:States.cpp,fileRef:displayName:|,includeInIndex:|,isa:|,lastKnownFileType:|,path:|,sourceTree:|,,isa:PBXBuildFile,settings:COMPILER_FLAGS:|,,,displayName:rnasyncstorage-generated.mm,fileRef:displayName:|,includeInIndex:|,isa:|,path:|,sourceTree:|,,isa:PBXBuildFile,settings:COMPILER_FLAGS:|,,,displayName:rnasyncstorageJSI-generated.cpp,fileRef:displayName:|,includeInIndex:|,isa:|,lastKnownFileType:|,path:|,sourceTree:|,,isa:PBXBuildFile,settings:COMPILER_FLAGS:|,,,displayName:RNCConfigModule-generated.mm,fileRef:displayName:|,includeInIndex:|,isa:|,path:|,sourceTree:|,,isa:PBXBuildFile,settings:COMPILER_FLAGS:|,,,displayName:RNCConfigModuleJSI-generated.cpp,fileRef:displayName:|,includeInIndex:|,isa:|,lastKnownFileType:|,path:|,sourceTree:|,,isa:PBXBuildFile,settings:COMPILER_FLAGS:|,,,displayName:rnclipboard-generated.mm,fileRef:displayName:|,includeInIndex:|,isa:|,path:|,sourceTree:|,,isa:PBXBuildFile,settings:COMPILER_FLAGS:|,,,displayName:rnclipboardJSI-generated.cpp,fileRef:displayName:|,includeInIndex:|,isa:|,lastKnownFileType:|,path:|,sourceTree:|,,isa:PBXBuildFile,settings:COMPILER_FLAGS:|,,,displayName:rngesturehandler_codegen-generated.mm,fileRef:displayName:|,includeInIndex:|,isa:|,path:|,sourceTree:|,,isa:PBXBuildFile,settings:COMPILER_FLAGS:|,,,displayName:rngesturehandler_codegenJSI-generated.cpp,fileRef:displayName:|,includeInIndex:|,isa:|,lastKnownFileType:|,path:|,sourceTree:|,,isa:PBXBuildFile,settings:COMPILER_FLAGS:|,,,displayName:RNGoogleSignInCGen-generated.mm,fileRef:displayName:|,includeInIndex:|,isa:|,path:|,sourceTree:|,,isa:PBXBuildFile,settings:COMPILER_FLAGS:|,,,displayName:RNGoogleSignInCGenJSI-generated.cpp,fileRef:displayName:|,includeInIndex:|,isa:|,lastKnownFileType:|,path:|,sourceTree:|,,isa:PBXBuildFile,settings:COMPILER_FLAGS:|,,,displayName:RNImagePickerSpec-generated.mm,fileRef:displayName:|,includeInIndex:|,isa:|,path:|,sourceTree:|,,isa:PBXBuildFile,settings:COMPILER_FLAGS:|,,,displayName:RNImagePickerSpecJSI-generated.cpp,fileRef:displayName:|,includeInIndex:|,isa:|,lastKnownFileType:|,path:|,sourceTree:|,,isa:PBXBuildFile,settings:COMPILER_FLAGS:|,,,displayName:rnpermissions-generated.mm,fileRef:displayName:|,includeInIndex:|,isa:|,path:|,sourceTree:|,,isa:PBXBuildFile,settings:COMPILER_FLAGS:|,,,displayName:rnpermissionsJSI-generated.cpp,fileRef:displayName:|,includeInIndex:|,isa:|,lastKnownFileType:|,path:|,sourceTree:|,,isa:PBXBuildFile,settings:COMPILER_FLAGS:|,,,displayName:rnreanimated-generated.mm,fileRef:displayName:|,includeInIndex:|,isa:|,path:|,sourceTree:|,,isa:PBXBuildFile,settings:COMPILER_FLAGS:|,,,displayName:rnreanimatedJSI-generated.cpp,fileRef:displayName:|,includeInIndex:|,isa:|,lastKnownFileType:|,path:|,sourceTree:|,,isa:PBXBuildFile,settings:COMPILER_FLAGS:|,,,displayName:rnscreens-generated.mm,fileRef:displayName:|,includeInIndex:|,isa:|,path:|,sourceTree:|,,isa:PBXBuildFile,settings:COMPILER_FLAGS:|,,,displayName:rnscreensJSI-generated.cpp,fileRef:displayName:|,includeInIndex:|,isa:|,lastKnownFileType:|,path:|,sourceTree:|,,isa:PBXBuildFile,settings:COMPILER_FLAGS:|,,,displayName:rnsvg-generated.mm,fileRef:displayName:|,includeInIndex:|,isa:|,path:|,sourceTree:|,,isa:PBXBuildFile,settings:COMPILER_FLAGS:|,,,displayName:rnsvgJSI-generated.cpp,fileRef:displayName:|,includeInIndex:|,isa:|,lastKnownFileType:|,path:|,sourceTree:|,,isa:PBXBuildFile,settings:COMPILER_FLAGS:|,,,displayName:RNVectorIconsSpec-generated.mm,fileRef:displayName:|,includeInIndex:|,isa:|,path:|,sourceTree:|,,isa:PBXBuildFile,settings:COMPILER_FLAGS:|,,,displayName:RNVectorIconsSpecJSI-generated.cpp,fileRef:displayName:|,includeInIndex:|,isa:|,lastKnownFileType:|,path:|,sourceTree:|,,isa:PBXBuildFile,settings:COMPILER_FLAGS:|,,,displayName:safeareacontext-generated.mm,fileRef:displayName:|,includeInIndex:|,isa:|,path:|,sourceTree:|,,isa:PBXBuildFile,settings:COMPILER_FLAGS:|,,,displayName:safeareacontextJSI-generated.cpp,fileRef:displayName:|,includeInIndex:|,isa:|,lastKnownFileType:|,path:|,sourceTree:|,,isa:PBXBuildFile,settings:COMPILER_FLAGS:|,,,displayName:React-Codegen-dummy.m,fileRef:displayName:|,includeInIndex:|,isa:|,lastKnownFileType:|,path:|,sourceTree:|,,isa:PBXBuildFile,,isa:PBXSourcesBuildPhase,runOnlyForDeploymentPostprocessing:0,/files/displayName:ComponentDescriptors.cpp,fileRef:displayName:ComponentDescriptors.cpp,includeInIndex:1,isa:PBXFileReference,lastKnownFileType:sourcecode.cpp.cpp,path:ComponentDescriptors.cpp,sourceTree:<group>,,isa:PBXBuildFile,settings:COMPILER_FLAGS:-DFOLLY_NO_CONFIG -DFOLLY_MOBILE=1 -DFOLLY_USE_LIBCPP=1 -DFOLLY_CFG_NO_COROUTINES=1 -DFOLLY_HAVE_CLOCK_GETTIME=1 -Wno-comma -Wno-shorten-64-to-32 -Wno-documentation -Wno-nullability-completeness -std=c++20,,
PBXBuildFile -- Pods.xcodeproj/targets/buildConfigurationList:buildConfigurations:baseConfigurationReference:|,buildSettings:|,displayName:|,isa:|,name:|,,baseConfigurationReference:|,buildSettings:|,displayName:|,isa:|,name:|,,defaultConfigurationIsVisible:0,defaultConfigurationName:Release,displayName:ConfigurationList,isa:XCConfigurationList,,buildPhases:buildActionMask:2147483647,displayName:Headers,files:|,|,|,|,|,|,|,|,|,|,|,|,|,|,|,|,|,|,|,|,|,|,|,|,|,|,|,|,isa:PBXHeadersBuildPhase,runOnlyForDeploymentPostprocessing:0,,buildActionMask:2147483647,displayName:Sources,files:|,|,|,|,|,|,|,|,|,|,|,|,|,|,|,|,|,|,|,|,|,|,|,isa:PBXSourcesBuildPhase,runOnlyForDeploymentPostprocessing:0,,buildActionMask:2147483647,displayName:Frameworks,files:|,isa:PBXFrameworksBuildPhase,runOnlyForDeploymentPostprocessing:0,,buildActionMask:2147483647,displayName:Resources,files:,isa:PBXResourcesBuildPhase,runOnlyForDeploymentPostprocessing:0,,buildRules:,dependencies:displayName:React-Core,isa:PBXTargetDependency,targetProxy:containerPortal:|,displayName:|,isa:|,proxyType:|,remoteGlobalIDString:|,remoteInfo:|,,,displayName:RCT-Folly,isa:PBXTargetDependency,targetProxy:containerPortal:|,displayName:|,isa:|,proxyType:|,remoteGlobalIDString:|,remoteInfo:|,,,displayName:glog,isa:PBXTargetDependency,targetProxy:containerPortal:|,displayName:|,isa:|,proxyType:|,remoteGlobalIDString:|,remoteInfo:|,,,displayName:React-RCTFabric,isa:PBXTargetDependency,targetProxy:containerPortal:|,displayName:|,isa:|,proxyType:|,remoteGlobalIDString:|,remoteInfo:|,,,displayName:React-Codegen,isa:PBXTargetDependency,targetProxy:containerPortal:|,displayName:|,isa:|,proxyType:|,remoteGlobalIDString:|,remoteInfo:|,,,displayName:RCTRequired,isa:PBXTargetDependency,targetProxy:containerPortal:|,displayName:|,isa:|,proxyType:|,remoteGlobalIDString:|,remoteInfo:|,,,displayName:RCTTypeSafety,isa:PBXTargetDependency,targetProxy:containerPortal:|,displayName:|,isa:|,proxyType:|,remoteGlobalIDString:|,remoteInfo:|,,,displayName:ReactCommon,isa:PBXTargetDependency,targetProxy:containerPortal:|,displayName:|,isa:|,proxyType:|,remoteGlobalIDString:|,remoteInfo:|,,,displayName:React-NativeModulesApple,isa:PBXTargetDependency,targetProxy:containerPortal:|,displayName:|,isa:|,proxyType:|,remoteGlobalIDString:|,remoteInfo:|,,,displayName:Yoga,isa:PBXTargetDependency,targetProxy:containerPortal:|,displayName:|,isa:|,proxyType:|,remoteGlobalIDString:|,remoteInfo:|,,,displayName:React-Fabric,isa:PBXTargetDependency,targetProxy:containerPortal:|,displayName:|,isa:|,proxyType:|,remoteGlobalIDString:|,remoteInfo:|,,,displayName:React-graphics,isa:PBXTargetDependency,targetProxy:containerPortal:|,displayName:|,isa:|,proxyType:|,remoteGlobalIDString:|,remoteInfo:|,,,displayName:React-utils,isa:PBXTargetDependency,targetProxy:containerPortal:|,displayName:|,isa:|,proxyType:|,remoteGlobalIDString:|,remoteInfo:|,,,displayName:React-featureflags,isa:PBXTargetDependency,targetProxy:containerPortal:|,displayName:|,isa:|,proxyType:|,remoteGlobalIDString:|,remoteInfo:|,,,displayName:React-debug,isa:PBXTargetDependency,targetProxy:containerPortal:|,displayName:|,isa:|,proxyType:|,remoteGlobalIDString:|,remoteInfo:|,,,displayName:React-ImageManager,isa:PBXTargetDependency,targetProxy:containerPortal:|,displayName:|,isa:|,proxyType:|,remoteGlobalIDString:|,remoteInfo:|,,,displayName:React-rendererdebug,isa:PBXTargetDependency,targetProxy:containerPortal:|,displayName:|,isa:|,proxyType:|,remoteGlobalIDString:|,remoteInfo:|,,,displayName:DoubleConversion,isa:PBXTargetDependency,targetProxy:containerPortal:|,displayName:|,isa:|,proxyType:|,remoteGlobalIDString:|,remoteInfo:|,,,displayName:React-jsi,isa:PBXTargetDependency,targetProxy:containerPortal:|,displayName:|,isa:|,proxyType:|,remoteGlobalIDString:|,remoteInfo:|,,,displayName:RNGestureHandler,fileSystemSynchronizedGroups:,isa:PBXNativeTarget,name:RNGestureHandler,packageProductDependencies:,productName:RNGestureHandler,productReference:displayName:RNGestureHandler,explicitFileType:wrapper.framework,includeInIndex:0,isa:PBXFileReference,name:RNGestureHandler,path:RNGestureHandler.framework,sourceTree:BUILT_PRODUCTS_DIR,,productType:com.apple.product-type.framework,/dependencies/displayName:React-RCTFabric,isa:PBXTargetDependency,targetProxy:containerPortal:46EB2E00000000,displayName:ContainerItemProxy,isa:PBXContainerItemProxy,proxyType:1,remoteGlobalIDString:46EB2E00020EA0,remoteInfo:React-RCTFabric,,/target/dependencies/displayName:React-RCTImage,isa:PBXTargetDependency,targetProxy:containerPortal:46EB2E00000000,displayName:ContainerItemProxy,isa:PBXContainerItemProxy,proxyType:1,remoteGlobalIDString:46EB2E000215E0,remoteInfo:React-RCTImage,,/target/dependencies/displayName:React-RCTNetwork,isa:PBXTargetDependency,targetProxy:containerPortal:46EB2E00000000,displayName:ContainerItemProxy,isa:PBXContainerItemProxy,proxyType:1,remoteGlobalIDString:46EB2E000219A0,remoteInfo:React-RCTNetwork,,/target/dependencies/displayName:React-Codegen,isa:PBXTargetDependency,targetProxy:containerPortal:46EB2E00000000,displayName:ContainerItemProxy,isa:PBXContainerItemProxy,proxyType:1,remoteGlobalIDString:46EB2E0001AAC0,remoteInfo:React-Codegen,,/target/buildPhases/buildActionMask:2147483647,displayName:Sources,files:displayName:FBReactNativeSpec-generated.mm,fileRef:displayName:|,includeInIndex:|,isa:|,path:|,sourceTree:|,,isa:PBXBuildFile,settings:COMPILER_FLAGS:|,,,displayName:FBReactNativeSpecJSI-generated.cpp,fileRef:displayName:|,includeInIndex:|,isa:|,lastKnownFileType:|,path:|,sourceTree:|,,isa:PBXBuildFile,settings:COMPILER_FLAGS:|,,,displayName:RCTModulesConformingToProtocolsProvider.mm,fileRef:displayName:|,includeInIndex:|,isa:|,path:|,sourceTree:|,,isa:PBXBuildFile,settings:COMPILER_FLAGS:|,,,displayName:ComponentDescriptors.cpp,fileRef:displayName:|,includeInIndex:|,isa:|,lastKnownFileType:|,path:|,sourceTree:|,,isa:PBXBuildFile,settings:COMPILER_FLAGS:|,,,displayName:EventEmitters.cpp,fileRef:displayName:|,includeInIndex:|,isa:|,lastKnownFileType:|,path:|,sourceTree:|,,isa:PBXBuildFile,settings:COMPILER_FLAGS:|,,,displayName:Props.cpp,fileRef:displayName:|,includeInIndex:|,isa:|,lastKnownFileType:|,path:|,sourceTree:|,,isa:PBXBuildFile,settings:COMPILER_FLAGS:|,,,displayName:ShadowNodes.cpp,fileRef:displayName:|,includeInIndex:|,isa:|,lastKnownFileType:|,path:|,sourceTree:|,,isa:PBXBuildFile,settings:COMPILER_FLAGS:|,,,displayName:States.cpp,fileRef:displayName:|,includeInIndex:|,isa:|,lastKnownFileType:|,path:|,sourceTree:|,,isa:PBXBuildFile,settings:COMPILER_FLAGS:|,,,displayName:ComponentDescriptors.cpp,fileRef:displayName:|,includeInIndex:|,isa:|,lastKnownFileType:|,path:|,sourceTree:|,,isa:PBXBuildFile,settings:COMPILER_FLAGS:|,,,displayName:EventEmitters.cpp,fileRef:displayName:|,includeInIndex:|,isa:|,lastKnownFileType:|,path:|,sourceTree:|,,isa:PBXBuildFile,settings:COMPILER_FLAGS:|,,,displayName:Props.cpp,fileRef:displayName:|,includeInIndex:|,isa:|,lastKnownFileType:|,path:|,sourceTree:|,,isa:PBXBuildFile,settings:COMPILER_FLAGS:|,,,displayName:ShadowNodes.cpp,fileRef:displayName:|,includeInIndex:|,isa:|,lastKnownFileType:|,path:|,sourceTree:|,,isa:PBXBuildFile,settings:COMPILER_FLAGS:|,,,displayName:States.cpp,fileRef:displayName:|,includeInIndex:|,isa:|,lastKnownFileType:|,path:|,sourceTree:|,,isa:PBXBuildFile,settings:COMPILER_FLAGS:|,,,displayName:ComponentDescriptors.cpp,fileRef:displayName:|,includeInIndex:|,isa:|,lastKnownFileType:|,path:|,sourceTree:|,,isa:PBXBuildFile,settings:COMPILER_FLAGS:|,,,displayName:EventEmitters.cpp,fileRef:displayName:|,includeInIndex:|,isa:|,lastKnownFileType:|,path:|,sourceTree:|,,isa:PBXBuildFile,settings:COMPILER_FLAGS:|,,,displayName:Props.cpp,fileRef:displayName:|,includeInIndex:|,isa:|,lastKnownFileType:|,path:|,sourceTree:|,,isa:PBXBuildFile,settings:COMPILER_FLAGS:|,,,displayName:ShadowNodes.cpp,fileRef:displayName:|,includeInIndex:|,isa:|,lastKnownFileType:|,path:|,sourceTree:|,,isa:PBXBuildFile,settings:COMPILER_FLAGS:|,,,displayName:States.cpp,fileRef:displayName:|,includeInIndex:|,isa:|,lastKnownFileType:|,path:|,sourceTree:|,,isa:PBXBuildFile,settings:COMPILER_FLAGS:|,,,displayName:ComponentDescriptors.cpp,fileRef:displayName:|,includeInIndex:|,isa:|,lastKnownFileType:|,path:|,sourceTree:|,,isa:PBXBuildFile,settings:COMPILER_FLAGS:|,,,displayName:EventEmitters.cpp,fileRef:displayName:|,includeInIndex:|,isa:|,lastKnownFileType:|,path:|,sourceTree:|,,isa:PBXBuildFile,settings:COMPILER_FLAGS:|,,,displayName:Props.cpp,fileRef:displayName:|,includeInIndex:|,isa:|,lastKnownFileType:|,path:|,sourceTree:|,,isa:PBXBuildFile,settings:COMPILER_FLAGS:|,,,displayName:ShadowNodes.cpp,fileRef:displayName:|,includeInIndex:|,isa:|,lastKnownFileType:|,path:|,sourceTree:|,,isa:PBXBuildFile,settings:COMPILER_FLAGS:|,,,displayName:States.cpp,fileRef:displayName:|,includeInIndex:|,isa:|,lastKnownFileType:|,path:|,sourceTree:|,,isa:PBXBuildFile,settings:COMPILER_FLAGS:|,,,displayName:ComponentDescriptors.cpp,fileRef:displayName:|,includeInIndex:|,isa:|,lastKnownFileType:|,path:|,sourceTree:|,,isa:PBXBuildFile,settings:COMPILER_FLAGS:|,,,displayName:EventEmitters.cpp,fileRef:displayName:|,includeInIndex:|,isa:|,lastKnownFileType:|,path:|,sourceTree:|,,isa:PBXBuildFile,settings:COMPILER_FLAGS:|,,,displayName:Props.cpp,fileRef:displayName:|,includeInIndex:|,isa:|,lastKnownFileType:|,path:|,sourceTree:|,,isa:PBXBuildFile,settings:COMPILER_FLAGS:|,,,displayName:ShadowNodes.cpp,fileRef:displayName:|,includeInIndex:|,isa:|,lastKnownFileType:|,path:|,sourceTree:|,,isa:PBXBuildFile,settings:COMPILER_FLAGS:|,,,displayName:States.cpp,fileRef:displayName:|,includeInIndex:|,isa:|,lastKnownFileType:|,path:|,sourceTree:|,,isa:PBXBuildFile,settings:COMPILER_FLAGS:|,,,displayName:ComponentDescriptors.cpp,fileRef:displayName:|,includeInIndex:|,isa:|,lastKnownFileType:|,path:|,sourceTree:|,,isa:PBXBuildFile,settings:COMPILER_FLAGS:|,,,displayName:EventEmitters.cpp,fileRef:displayName:|,includeInIndex:|,isa:|,lastKnownFileType:|,path:|,sourceTree:|,,isa:PBXBuildFile,settings:COMPILER_FLAGS:|,,,displayName:Props.cpp,fileRef:displayName:|,includeInIndex:|,isa:|,lastKnownFileType:|,path:|,sourceTree:|,,isa:PBXBuildFile,settings:COMPILER_FLAGS:|,,,displayName:ShadowNodes.cpp,fileRef:displayName:|,includeInIndex:|,isa:|,lastKnownFileType:|,path:|,sourceTree:|,,isa:PBXBuildFile,settings:COMPILER_FLAGS:|,,,displayName:States.cpp,fileRef:displayName:|,includeInIndex:|,isa:|,lastKnownFileType:|,path:|,sourceTree:|,,isa:PBXBuildFile,settings:COMPILER_FLAGS:|,,,displayName:rnasyncstorage-generated.mm,fileRef:displayName:|,includeInIndex:|,isa:|,path:|,sourceTree:|,,isa:PBXBuildFile,settings:COMPILER_FLAGS:|,,,displayName:rnasyncstorageJSI-generated.cpp,fileRef:displayName:|,includeInIndex:|,isa:|,lastKnownFileType:|,path:|,sourceTree:|,,isa:PBXBuildFile,settings:COMPILER_FLAGS:|,,,displayName:RNCConfigModule-generated.mm,fileRef:displayName:|,includeInIndex:|,isa:|,path:|,sourceTree:|,,isa:PBXBuildFile,settings:COMPILER_FLAGS:|,,,displayName:RNCConfigModuleJSI-generated.cpp,fileRef:displayName:|,includeInIndex:|,isa:|,lastKnownFileType:|,path:|,sourceTree:|,,isa:PBXBuildFile,settings:COMPILER_FLAGS:|,,,displayName:rnclipboard-generated.mm,fileRef:displayName:|,includeInIndex:|,isa:|,path:|,sourceTree:|,,isa:PBXBuildFile,settings:COMPILER_FLAGS:|,,,displayName:rnclipboardJSI-generated.cpp,fileRef:displayName:|,includeInIndex:|,isa:|,lastKnownFileType:|,path:|,sourceTree:|,,isa:PBXBuildFile,settings:COMPILER_FLAGS:|,,,displayName:rngesturehandler_codegen-generated.mm,fileRef:displayName:|,includeInIndex:|,isa:|,path:|,sourceTree:|,,isa:PBXBuildFile,settings:COMPILER_FLAGS:|,,,displayName:rngesturehandler_codegenJSI-generated.cpp,fileRef:displayName:|,includeInIndex:|,isa:|,lastKnownFileType:|,path:|,sourceTree:|,,isa:PBXBuildFile,settings:COMPILER_FLAGS:|,,,displayName:RNGoogleSignInCGen-generated.mm,fileRef:displayName:|,includeInIndex:|,isa:|,path:|,sourceTree:|,,isa:PBXBuildFile,settings:COMPILER_FLAGS:|,,,displayName:RNGoogleSignInCGenJSI-generated.cpp,fileRef:displayName:|,includeInIndex:|,isa:|,lastKnownFileType:|,path:|,sourceTree:|,,isa:PBXBuildFile,settings:COMPILER_FLAGS:|,,,displayName:RNImagePickerSpec-generated.mm,fileRef:displayName:|,includeInIndex:|,isa:|,path:|,sourceTree:|,,isa:PBXBuildFile,settings:COMPILER_FLAGS:|,,,displayName:RNImagePickerSpecJSI-generated.cpp,fileRef:displayName:|,includeInIndex:|,isa:|,lastKnownFileType:|,path:|,sourceTree:|,,isa:PBXBuildFile,settings:COMPILER_FLAGS:|,,,displayName:rnpermissions-generated.mm,fileRef:displayName:|,includeInIndex:|,isa:|,path:|,sourceTree:|,,isa:PBXBuildFile,settings:COMPILER_FLAGS:|,,,displayName:rnpermissionsJSI-generated.cpp,fileRef:displayName:|,includeInIndex:|,isa:|,lastKnownFileType:|,path:|,sourceTree:|,,isa:PBXBuildFile,settings:COMPILER_FLAGS:|,,,displayName:rnreanimated-generated.mm,fileRef:displayName:|,includeInIndex:|,isa:|,path:|,sourceTree:|,,isa:PBXBuildFile,settings:COMPILER_FLAGS:|,,,displayName:rnreanimatedJSI-generated.cpp,fileRef:displayName:|,includeInIndex:|,isa:|,lastKnownFileType:|,path:|,sourceTree:|,,isa:PBXBuildFile,settings:COMPILER_FLAGS:|,,,displayName:rnscreens-generated.mm,fileRef:displayName:|,includeInIndex:|,isa:|,path:|,sourceTree:|,,isa:PBXBuildFile,settings:COMPILER_FLAGS:|,,,displayName:rnscreensJSI-generated.cpp,fileRef:displayName:|,includeInIndex:|,isa:|,lastKnownFileType:|,path:|,sourceTree:|,,isa:PBXBuildFile,settings:COMPILER_FLAGS:|,,,displayName:rnsvg-generated.mm,fileRef:displayName:|,includeInIndex:|,isa:|,path:|,sourceTree:|,,isa:PBXBuildFile,settings:COMPILER_FLAGS:|,,,displayName:rnsvgJSI-generated.cpp,fileRef:displayName:|,includeInIndex:|,isa:|,lastKnownFileType:|,path:|,sourceTree:|,,isa:PBXBuildFile,settings:COMPILER_FLAGS:|,,,displayName:RNVectorIconsSpec-generated.mm,fileRef:displayName:|,includeInIndex:|,isa:|,path:|,sourceTree:|,,isa:PBXBuildFile,settings:COMPILER_FLAGS:|,,,displayName:RNVectorIconsSpecJSI-generated.cpp,fileRef:displayName:|,includeInIndex:|,isa:|,lastKnownFileType:|,path:|,sourceTree:|,,isa:PBXBuildFile,settings:COMPILER_FLAGS:|,,,displayName:safeareacontext-generated.mm,fileRef:displayName:|,includeInIndex:|,isa:|,path:|,sourceTree:|,,isa:PBXBuildFile,settings:COMPILER_FLAGS:|,,,displayName:safeareacontextJSI-generated.cpp,fileRef:displayName:|,includeInIndex:|,isa:|,lastKnownFileType:|,path:|,sourceTree:|,,isa:PBXBuildFile,settings:COMPILER_FLAGS:|,,,displayName:React-Codegen-dummy.m,fileRef:displayName:|,includeInIndex:|,isa:|,lastKnownFileType:|,path:|,sourceTree:|,,isa:PBXBuildFile,,isa:PBXSourcesBuildPhase,runOnlyForDeploymentPostprocessing:0,/files/displayName:EventEmitters.cpp,fileRef:displayName:EventEmitters.cpp,includeInIndex:1,isa:PBXFileReference,lastKnownFileType:sourcecode.cpp.cpp,path:EventEmitters.cpp,sourceTree:<group>,,isa:PBXBuildFile,settings:COMPILER_FLAGS:-DFOLLY_NO_CONFIG -DFOLLY_MOBILE=1 -DFOLLY_USE_LIBCPP=1 -DFOLLY_CFG_NO_COROUTINES=1 -DFOLLY_HAVE_CLOCK_GETTIME=1 -Wno-comma -Wno-shorten-64-to-32 -Wno-documentation -Wno-nullability-completeness -std=c++20,,
PBXBuildFile -- Pods.xcodeproj/targets/buildConfigurationList:buildConfigurations:baseConfigurationReference:|,buildSettings:|,displayName:|,isa:|,name:|,,baseConfigurationReference:|,buildSettings:|,displayName:|,isa:|,name:|,,defaultConfigurationIsVisible:0,defaultConfigurationName:Release,displayName:ConfigurationList,isa:XCConfigurationList,,buildPhases:buildActionMask:2147483647,displayName:Headers,files:|,|,|,|,|,|,|,|,|,|,|,|,|,|,|,|,|,|,|,|,|,|,|,|,|,|,|,|,isa:PBXHeadersBuildPhase,runOnlyForDeploymentPostprocessing:0,,buildActionMask:2147483647,displayName:Sources,files:|,|,|,|,|,|,|,|,|,|,|,|,|,|,|,|,|,|,|,|,|,|,|,isa:PBXSourcesBuildPhase,runOnlyForDeploymentPostprocessing:0,,buildActionMask:2147483647,displayName:Frameworks,files:|,isa:PBXFrameworksBuildPhase,runOnlyForDeploymentPostprocessing:0,,buildActionMask:2147483647,displayName:Resources,files:,isa:PBXResourcesBuildPhase,runOnlyForDeploymentPostprocessing:0,,buildRules:,dependencies:displayName:React-Core,isa:PBXTargetDependency,targetProxy:containerPortal:|,displayName:|,isa:|,proxyType:|,remoteGlobalIDString:|,remoteInfo:|,,,displayName:RCT-Folly,isa:PBXTargetDependency,targetProxy:containerPortal:|,displayName:|,isa:|,proxyType:|,remoteGlobalIDString:|,remoteInfo:|,,,displayName:glog,isa:PBXTargetDependency,targetProxy:containerPortal:|,displayName:|,isa:|,proxyType:|,remoteGlobalIDString:|,remoteInfo:|,,,displayName:React-RCTFabric,isa:PBXTargetDependency,targetProxy:containerPortal:|,displayName:|,isa:|,proxyType:|,remoteGlobalIDString:|,remoteInfo:|,,,displayName:React-Codegen,isa:PBXTargetDependency,targetProxy:containerPortal:|,displayName:|,isa:|,proxyType:|,remoteGlobalIDString:|,remoteInfo:|,,,displayName:RCTRequired,isa:PBXTargetDependency,targetProxy:containerPortal:|,displayName:|,isa:|,proxyType:|,remoteGlobalIDString:|,remoteInfo:|,,,displayName:RCTTypeSafety,isa:PBXTargetDependency,targetProxy:containerPortal:|,displayName:|,isa:|,proxyType:|,remoteGlobalIDString:|,remoteInfo:|,,,displayName:ReactCommon,isa:PBXTargetDependency,targetProxy:containerPortal:|,displayName:|,isa:|,proxyType:|,remoteGlobalIDString:|,remoteInfo:|,,,displayName:React-NativeModulesApple,isa:PBXTargetDependency,targetProxy:containerPortal:|,displayName:|,isa:|,proxyType:|,remoteGlobalIDString:|,remoteInfo:|,,,displayName:Yoga,isa:PBXTargetDependency,targetProxy:containerPortal:|,displayName:|,isa:|,proxyType:|,remoteGlobalIDString:|,remoteInfo:|,,,displayName:React-Fabric,isa:PBXTargetDependency,targetProxy:containerPortal:|,displayName:|,isa:|,proxyType:|,remoteGlobalIDString:|,remoteInfo:|,,,displayName:React-graphics,isa:PBXTargetDependency,targetProxy:containerPortal:|,displayName:|,isa:|,proxyType:|,remoteGlobalIDString:|,remoteInfo:|,,,displayName:React-utils,isa:PBXTargetDependency,targetProxy:containerPortal:|,displayName:|,isa:|,proxyType:|,remoteGlobalIDString:|,remoteInfo:|,,,displayName:React-featureflags,isa:PBXTargetDependency,targetProxy:containerPortal:|,displayName:|,isa:|,proxyType:|,remoteGlobalIDString:|,remoteInfo:|,,,displayName:React-debug,isa:PBXTargetDependency,targetProxy:containerPortal:|,displayName:|,isa:|,proxyType:|,remoteGlobalIDString:|,remoteInfo:|,,,displayName:React-ImageManager,isa:PBXTargetDependency,targetProxy:containerPortal:|,displayName:|,isa:|,proxyType:|,remoteGlobalIDString:|,remoteInfo:|,,,displayName:React-rendererdebug,isa:PBXTargetDependency,targetProxy:containerPortal:|,displayName:|,isa:|,proxyType:|,remoteGlobalIDString:|,remoteInfo:|,,,displayName:DoubleConversion,isa:PBXTargetDependency,targetProxy:containerPortal:|,displayName:|,isa:|,proxyType:|,remoteGlobalIDString:|,remoteInfo:|,,,displayName:React-jsi,isa:PBXTargetDependency,targetProxy:containerPortal:|,displayName:|,isa:|,proxyType:|,remoteGlobalIDString:|,remoteInfo:|,,,displayName:RNGestureHandler,fileSystemSynchronizedGroups:,isa:PBXNativeTarget,name:RNGestureHandler,packageProductDependencies:,productName:RNGestureHandler,productReference:displayName:RNGestureHandler,explicitFileType:wrapper.framework,includeInIndex:0,isa:PBXFileReference,name:RNGestureHandler,path:RNGestureHandler.framework,sourceTree:BUILT_PRODUCTS_DIR,,productType:com.apple.product-type.framework,/dependencies/displayName:React-RCTFabric,isa:PBXTargetDependency,targetProxy:containerPortal:46EB2E00000000,displayName:ContainerItemProxy,isa:PBXContainerItemProxy,proxyType:1,remoteGlobalIDString:46EB2E00020EA0,remoteInfo:React-RCTFabric,,/target/dependencies/displayName:React-RCTImage,isa:PBXTargetDependency,targetProxy:containerPortal:46EB2E00000000,displayName:ContainerItemProxy,isa:PBXContainerItemProxy,proxyType:1,remoteGlobalIDString:46EB2E000215E0,remoteInfo:React-RCTImage,,/target/dependencies/displayName:React-RCTNetwork,isa:PBXTargetDependency,targetProxy:containerPortal:46EB2E00000000,displayName:ContainerItemProxy,isa:PBXContainerItemProxy,proxyType:1,remoteGlobalIDString:46EB2E000219A0,remoteInfo:React-RCTNetwork,,/target/dependencies/displayName:React-Codegen,isa:PBXTargetDependency,targetProxy:containerPortal:46EB2E00000000,displayName:ContainerItemProxy,isa:PBXContainerItemProxy,proxyType:1,remoteGlobalIDString:46EB2E0001AAC0,remoteInfo:React-Codegen,,/target/buildPhases/buildActionMask:2147483647,displayName:Sources,files:displayName:FBReactNativeSpec-generated.mm,fileRef:displayName:|,includeInIndex:|,isa:|,path:|,sourceTree:|,,isa:PBXBuildFile,settings:COMPILER_FLAGS:|,,,displayName:FBReactNativeSpecJSI-generated.cpp,fileRef:displayName:|,includeInIndex:|,isa:|,lastKnownFileType:|,path:|,sourceTree:|,,isa:PBXBuildFile,settings:COMPILER_FLAGS:|,,,displayName:RCTModulesConformingToProtocolsProvider.mm,fileRef:displayName:|,includeInIndex:|,isa:|,path:|,sourceTree:|,,isa:PBXBuildFile,settings:COMPILER_FLAGS:|,,,displayName:ComponentDescriptors.cpp,fileRef:displayName:|,includeInIndex:|,isa:|,lastKnownFileType:|,path:|,sourceTree:|,,isa:PBXBuildFile,settings:COMPILER_FLAGS:|,,,displayName:EventEmitters.cpp,fileRef:displayName:|,includeInIndex:|,isa:|,lastKnownFileType:|,path:|,sourceTree:|,,isa:PBXBuildFile,settings:COMPILER_FLAGS:|,,,displayName:Props.cpp,fileRef:displayName:|,includeInIndex:|,isa:|,lastKnownFileType:|,path:|,sourceTree:|,,isa:PBXBuildFile,settings:COMPILER_FLAGS:|,,,displayName:ShadowNodes.cpp,fileRef:displayName:|,includeInIndex:|,isa:|,lastKnownFileType:|,path:|,sourceTree:|,,isa:PBXBuildFile,settings:COMPILER_FLAGS:|,,,displayName:States.cpp,fileRef:displayName:|,includeInIndex:|,isa:|,lastKnownFileType:|,path:|,sourceTree:|,,isa:PBXBuildFile,settings:COMPILER_FLAGS:|,,,displayName:ComponentDescriptors.cpp,fileRef:displayName:|,includeInIndex:|,isa:|,lastKnownFileType:|,path:|,sourceTree:|,,isa:PBXBuildFile,settings:COMPILER_FLAGS:|,,,displayName:EventEmitters.cpp,fileRef:displayName:|,includeInIndex:|,isa:|,lastKnownFileType:|,path:|,sourceTree:|,,isa:PBXBuildFile,settings:COMPILER_FLAGS:|,,,displayName:Props.cpp,fileRef:displayName:|,includeInIndex:|,isa:|,lastKnownFileType:|,path:|,sourceTree:|,,isa:PBXBuildFile,settings:COMPILER_FLAGS:|,,,displayName:ShadowNodes.cpp,fileRef:displayName:|,includeInIndex:|,isa:|,lastKnownFileType:|,path:|,sourceTree:|,,isa:PBXBuildFile,settings:COMPILER_FLAGS:|,,,displayName:States.cpp,fileRef:displayName:|,includeInIndex:|,isa:|,lastKnownFileType:|,path:|,sourceTree:|,,isa:PBXBuildFile,settings:COMPILER_FLAGS:|,,,displayName:ComponentDescriptors.cpp,fileRef:displayName:|,includeInIndex:|,isa:|,lastKnownFileType:|,path:|,sourceTree:|,,isa:PBXBuildFile,settings:COMPILER_FLAGS:|,,,displayName:EventEmitters.cpp,fileRef:displayName:|,includeInIndex:|,isa:|,lastKnownFileType:|,path:|,sourceTree:|,,isa:PBXBuildFile,settings:COMPILER_FLAGS:|,,,displayName:Props.cpp,fileRef:displayName:|,includeInIndex:|,isa:|,lastKnownFileType:|,path:|,sourceTree:|,,isa:PBXBuildFile,settings:COMPILER_FLAGS:|,,,displayName:ShadowNodes.cpp,fileRef:displayName:|,includeInIndex:|,isa:|,lastKnownFileType:|,path:|,sourceTree:|,,isa:PBXBuildFile,settings:COMPILER_FLAGS:|,,,displayName:States.cpp,fileRef:displayName:|,includeInIndex:|,isa:|,lastKnownFileType:|,path:|,sourceTree:|,,isa:PBXBuildFile,settings:COMPILER_FLAGS:|,,,displayName:ComponentDescriptors.cpp,fileRef:displayName:|,includeInIndex:|,isa:|,lastKnownFileType:|,path:|,sourceTree:|,,isa:PBXBuildFile,settings:COMPILER_FLAGS:|,,,displayName:EventEmitters.cpp,fileRef:displayName:|,includeInIndex:|,isa:|,lastKnownFileType:|,path:|,sourceTree:|,,isa:PBXBuildFile,settings:COMPILER_FLAGS:|,,,displayName:Props.cpp,fileRef:displayName:|,includeInIndex:|,isa:|,lastKnownFileType:|,path:|,sourceTree:|,,isa:PBXBuildFile,settings:COMPILER_FLAGS:|,,,displayName:ShadowNodes.cpp,fileRef:displayName:|,includeInIndex:|,isa:|,lastKnownFileType:|,path:|,sourceTree:|,,isa:PBXBuildFile,settings:COMPILER_FLAGS:|,,,displayName:States.cpp,fileRef:displayName:|,includeInIndex:|,isa:|,lastKnownFileType:|,path:|,sourceTree:|,,isa:PBXBuildFile,settings:COMPILER_FLAGS:|,,,displayName:ComponentDescriptors.cpp,fileRef:displayName:|,includeInIndex:|,isa:|,lastKnownFileType:|,path:|,sourceTree:|,,isa:PBXBuildFile,settings:COMPILER_FLAGS:|,,,displayName:EventEmitters.cpp,fileRef:displayName:|,includeInIndex:|,isa:|,lastKnownFileType:|,path:|,sourceTree:|,,isa:PBXBuildFile,settings:COMPILER_FLAGS:|,,,displayName:Props.cpp,fileRef:displayName:|,includeInIndex:|,isa:|,lastKnownFileType:|,path:|,sourceTree:|,,isa:PBXBuildFile,settings:COMPILER_FLAGS:|,,,displayName:ShadowNodes.cpp,fileRef:displayName:|,includeInIndex:|,isa:|,lastKnownFileType:|,path:|,sourceTree:|,,isa:PBXBuildFile,settings:COMPILER_FLAGS:|,,,displayName:States.cpp,fileRef:displayName:|,includeInIndex:|,isa:|,lastKnownFileType:|,path:|,sourceTree:|,,isa:PBXBuildFile,settings:COMPILER_FLAGS:|,,,displayName:ComponentDescriptors.cpp,fileRef:displayName:|,includeInIndex:|,isa:|,lastKnownFileType:|,path:|,sourceTree:|,,isa:PBXBuildFile,settings:COMPILER_FLAGS:|,,,displayName:EventEmitters.cpp,fileRef:displayName:|,includeInIndex:|,isa:|,lastKnownFileType:|,path:|,sourceTree:|,,isa:PBXBuildFile,settings:COMPILER_FLAGS:|,,,displayName:Props.cpp,fileRef:displayName:|,includeInIndex:|,isa:|,lastKnownFileType:|,path:|,sourceTree:|,,isa:PBXBuildFile,settings:COMPILER_FLAGS:|,,,displayName:ShadowNodes.cpp,fileRef:displayName:|,includeInIndex:|,isa:|,lastKnownFileType:|,path:|,sourceTree:|,,isa:PBXBuildFile,settings:COMPILER_FLAGS:|,,,displayName:States.cpp,fileRef:displayName:|,includeInIndex:|,isa:|,lastKnownFileType:|,path:|,sourceTree:|,,isa:PBXBuildFile,settings:COMPILER_FLAGS:|,,,displayName:rnasyncstorage-generated.mm,fileRef:displayName:|,includeInIndex:|,isa:|,path:|,sourceTree:|,,isa:PBXBuildFile,settings:COMPILER_FLAGS:|,,,displayName:rnasyncstorageJSI-generated.cpp,fileRef:displayName:|,includeInIndex:|,isa:|,lastKnownFileType:|,path:|,sourceTree:|,,isa:PBXBuildFile,settings:COMPILER_FLAGS:|,,,displayName:RNCConfigModule-generated.mm,fileRef:displayName:|,includeInIndex:|,isa:|,path:|,sourceTree:|,,isa:PBXBuildFile,settings:COMPILER_FLAGS:|,,,displayName:RNCConfigModuleJSI-generated.cpp,fileRef:displayName:|,includeInIndex:|,isa:|,lastKnownFileType:|,path:|,sourceTree:|,,isa:PBXBuildFile,settings:COMPILER_FLAGS:|,,,displayName:rnclipboard-generated.mm,fileRef:displayName:|,includeInIndex:|,isa:|,path:|,sourceTree:|,,isa:PBXBuildFile,settings:COMPILER_FLAGS:|,,,displayName:rnclipboardJSI-generated.cpp,fileRef:displayName:|,includeInIndex:|,isa:|,lastKnownFileType:|,path:|,sourceTree:|,,isa:PBXBuildFile,settings:COMPILER_FLAGS:|,,,displayName:rngesturehandler_codegen-generated.mm,fileRef:displayName:|,includeInIndex:|,isa:|,path:|,sourceTree:|,,isa:PBXBuildFile,settings:COMPILER_FLAGS:|,,,displayName:rngesturehandler_codegenJSI-generated.cpp,fileRef:displayName:|,includeInIndex:|,isa:|,lastKnownFileType:|,path:|,sourceTree:|,,isa:PBXBuildFile,settings:COMPILER_FLAGS:|,,,displayName:RNGoogleSignInCGen-generated.mm,fileRef:displayName:|,includeInIndex:|,isa:|,path:|,sourceTree:|,,isa:PBXBuildFile,settings:COMPILER_FLAGS:|,,,displayName:RNGoogleSignInCGenJSI-generated.cpp,fileRef:displayName:|,includeInIndex:|,isa:|,lastKnownFileType:|,path:|,sourceTree:|,,isa:PBXBuildFile,settings:COMPILER_FLAGS:|,,,displayName:RNImagePickerSpec-generated.mm,fileRef:displayName:|,includeInIndex:|,isa:|,path:|,sourceTree:|,,isa:PBXBuildFile,settings:COMPILER_FLAGS:|,,,displayName:RNImagePickerSpecJSI-generated.cpp,fileRef:displayName:|,includeInIndex:|,isa:|,lastKnownFileType:|,path:|,sourceTree:|,,isa:PBXBuildFile,settings:COMPILER_FLAGS:|,,,displayName:rnpermissions-generated.mm,fileRef:displayName:|,includeInIndex:|,isa:|,path:|,sourceTree:|,,isa:PBXBuildFile,settings:COMPILER_FLAGS:|,,,displayName:rnpermissionsJSI-generated.cpp,fileRef:displayName:|,includeInIndex:|,isa:|,lastKnownFileType:|,path:|,sourceTree:|,,isa:PBXBuildFile,settings:COMPILER_FLAGS:|,,,displayName:rnreanimated-generated.mm,fileRef:displayName:|,includeInIndex:|,isa:|,path:|,sourceTree:|,,isa:PBXBuildFile,settings:COMPILER_FLAGS:|,,,displayName:rnreanimatedJSI-generated.cpp,fileRef:displayName:|,includeInIndex:|,isa:|,lastKnownFileType:|,path:|,sourceTree:|,,isa:PBXBuildFile,settings:COMPILER_FLAGS:|,,,displayName:rnscreens-generated.mm,fileRef:displayName:|,includeInIndex:|,isa:|,path:|,sourceTree:|,,isa:PBXBuildFile,settings:COMPILER_FLAGS:|,,,displayName:rnscreensJSI-generated.cpp,fileRef:displayName:|,includeInIndex:|,isa:|,lastKnownFileType:|,path:|,sourceTree:|,,isa:PBXBuildFile,settings:COMPILER_FLAGS:|,,,displayName:rnsvg-generated.mm,fileRef:displayName:|,includeInIndex:|,isa:|,path:|,sourceTree:|,,isa:PBXBuildFile,settings:COMPILER_FLAGS:|,,,displayName:rnsvgJSI-generated.cpp,fileRef:displayName:|,includeInIndex:|,isa:|,lastKnownFileType:|,path:|,sourceTree:|,,isa:PBXBuildFile,settings:COMPILER_FLAGS:|,,,displayName:RNVectorIconsSpec-generated.mm,fileRef:displayName:|,includeInIndex:|,isa:|,path:|,sourceTree:|,,isa:PBXBuildFile,settings:COMPILER_FLAGS:|,,,displayName:RNVectorIconsSpecJSI-generated.cpp,fileRef:displayName:|,includeInIndex:|,isa:|,lastKnownFileType:|,path:|,sourceTree:|,,isa:PBXBuildFile,settings:COMPILER_FLAGS:|,,,displayName:safeareacontext-generated.mm,fileRef:displayName:|,includeInIndex:|,isa:|,path:|,sourceTree:|,,isa:PBXBuildFile,settings:COMPILER_FLAGS:|,,,displayName:safeareacontextJSI-generated.cpp,fileRef:displayName:|,includeInIndex:|,isa:|,lastKnownFileType:|,path:|,sourceTree:|,,isa:PBXBuildFile,settings:COMPILER_FLAGS:|,,,displayName:React-Codegen-dummy.m,fileRef:displayName:|,includeInIndex:|,isa:|,lastKnownFileType:|,path:|,sourceTree:|,,isa:PBXBuildFile,,isa:PBXSourcesBuildPhase,runOnlyForDeploymentPostprocessing:0,/files/displayName:Props.cpp,fileRef:displayName:Props.cpp,includeInIndex:1,isa:PBXFileReference,lastKnownFileType:sourcecode.cpp.cpp,path:Props.cpp,sourceTree:<group>,,isa:PBXBuildFile,settings:COMPILER_FLAGS:-DFOLLY_NO_CONFIG -DFOLLY_MOBILE=1 -DFOLLY_USE_LIBCPP=1 -DFOLLY_CFG_NO_COROUTINES=1 -DFOLLY_HAVE_CLOCK_GETTIME=1 -Wno-comma -Wno-shorten-64-to-32 -Wno-documentation -Wno-nullability-completeness -std=c++20,,
PBXBuildFile -- Pods.xcodeproj/targets/buildConfigurationList:buildConfigurations:baseConfigurationReference:|,buildSettings:|,displayName:|,isa:|,name:|,,baseConfigurationReference:|,buildSettings:|,displayName:|,isa:|,name:|,,defaultConfigurationIsVisible:0,defaultConfigurationName:Release,displayName:ConfigurationList,isa:XCConfigurationList,,buildPhases:buildActionMask:2147483647,displayName:Headers,files:|,|,|,|,|,|,|,|,|,|,|,|,|,|,|,|,|,|,|,|,|,|,|,|,|,|,|,|,isa:PBXHeadersBuildPhase,runOnlyForDeploymentPostprocessing:0,,buildActionMask:2147483647,displayName:Sources,files:|,|,|,|,|,|,|,|,|,|,|,|,|,|,|,|,|,|,|,|,|,|,|,isa:PBXSourcesBuildPhase,runOnlyForDeploymentPostprocessing:0,,buildActionMask:2147483647,displayName:Frameworks,files:|,isa:PBXFrameworksBuildPhase,runOnlyForDeploymentPostprocessing:0,,buildActionMask:2147483647,displayName:Resources,files:,isa:PBXResourcesBuildPhase,runOnlyForDeploymentPostprocessing:0,,buildRules:,dependencies:displayName:React-Core,isa:PBXTargetDependency,targetProxy:containerPortal:|,displayName:|,isa:|,proxyType:|,remoteGlobalIDString:|,remoteInfo:|,,,displayName:RCT-Folly,isa:PBXTargetDependency,targetProxy:containerPortal:|,displayName:|,isa:|,proxyType:|,remoteGlobalIDString:|,remoteInfo:|,,,displayName:glog,isa:PBXTargetDependency,targetProxy:containerPortal:|,displayName:|,isa:|,proxyType:|,remoteGlobalIDString:|,remoteInfo:|,,,displayName:React-RCTFabric,isa:PBXTargetDependency,targetProxy:containerPortal:|,displayName:|,isa:|,proxyType:|,remoteGlobalIDString:|,remoteInfo:|,,,displayName:React-Codegen,isa:PBXTargetDependency,targetProxy:containerPortal:|,displayName:|,isa:|,proxyType:|,remoteGlobalIDString:|,remoteInfo:|,,,displayName:RCTRequired,isa:PBXTargetDependency,targetProxy:containerPortal:|,displayName:|,isa:|,proxyType:|,remoteGlobalIDString:|,remoteInfo:|,,,displayName:RCTTypeSafety,isa:PBXTargetDependency,targetProxy:containerPortal:|,displayName:|,isa:|,proxyType:|,remoteGlobalIDString:|,remoteInfo:|,,,displayName:ReactCommon,isa:PBXTargetDependency,targetProxy:containerPortal:|,displayName:|,isa:|,proxyType:|,remoteGlobalIDString:|,remoteInfo:|,,,displayName:React-NativeModulesApple,isa:PBXTargetDependency,targetProxy:containerPortal:|,displayName:|,isa:|,proxyType:|,remoteGlobalIDString:|,remoteInfo:|,,,displayName:Yoga,isa:PBXTargetDependency,targetProxy:containerPortal:|,displayName:|,isa:|,proxyType:|,remoteGlobalIDString:|,remoteInfo:|,,,displayName:React-Fabric,isa:PBXTargetDependency,targetProxy:containerPortal:|,displayName:|,isa:|,proxyType:|,remoteGlobalIDString:|,remoteInfo:|,,,displayName:React-graphics,isa:PBXTargetDependency,targetProxy:containerPortal:|,displayName:|,isa:|,proxyType:|,remoteGlobalIDString:|,remoteInfo:|,,,displayName:React-utils,isa:PBXTargetDependency,targetProxy:containerPortal:|,displayName:|,isa:|,proxyType:|,remoteGlobalIDString:|,remoteInfo:|,,,displayName:React-featureflags,isa:PBXTargetDependency,targetProxy:containerPortal:|,displayName:|,isa:|,proxyType:|,remoteGlobalIDString:|,remoteInfo:|,,,displayName:React-debug,isa:PBXTargetDependency,targetProxy:containerPortal:|,displayName:|,isa:|,proxyType:|,remoteGlobalIDString:|,remoteInfo:|,,,displayName:React-ImageManager,isa:PBXTargetDependency,targetProxy:containerPortal:|,displayName:|,isa:|,proxyType:|,remoteGlobalIDString:|,remoteInfo:|,,,displayName:React-rendererdebug,isa:PBXTargetDependency,targetProxy:containerPortal:|,displayName:|,isa:|,proxyType:|,remoteGlobalIDString:|,remoteInfo:|,,,displayName:DoubleConversion,isa:PBXTargetDependency,targetProxy:containerPortal:|,displayName:|,isa:|,proxyType:|,remoteGlobalIDString:|,remoteInfo:|,,,displayName:React-jsi,isa:PBXTargetDependency,targetProxy:containerPortal:|,displayName:|,isa:|,proxyType:|,remoteGlobalIDString:|,remoteInfo:|,,,displayName:RNGestureHandler,fileSystemSynchronizedGroups:,isa:PBXNativeTarget,name:RNGestureHandler,packageProductDependencies:,productName:RNGestureHandler,productReference:displayName:RNGestureHandler,explicitFileType:wrapper.framework,includeInIndex:0,isa:PBXFileReference,name:RNGestureHandler,path:RNGestureHandler.framework,sourceTree:BUILT_PRODUCTS_DIR,,productType:com.apple.product-type.framework,/dependencies/displayName:React-RCTFabric,isa:PBXTargetDependency,targetProxy:containerPortal:46EB2E00000000,displayName:ContainerItemProxy,isa:PBXContainerItemProxy,proxyType:1,remoteGlobalIDString:46EB2E00020EA0,remoteInfo:React-RCTFabric,,/target/dependencies/displayName:React-RCTImage,isa:PBXTargetDependency,targetProxy:containerPortal:46EB2E00000000,displayName:ContainerItemProxy,isa:PBXContainerItemProxy,proxyType:1,remoteGlobalIDString:46EB2E000215E0,remoteInfo:React-RCTImage,,/target/dependencies/displayName:React-RCTNetwork,isa:PBXTargetDependency,targetProxy:containerPortal:46EB2E00000000,displayName:ContainerItemProxy,isa:PBXContainerItemProxy,proxyType:1,remoteGlobalIDString:46EB2E000219A0,remoteInfo:React-RCTNetwork,,/target/dependencies/displayName:React-Codegen,isa:PBXTargetDependency,targetProxy:containerPortal:46EB2E00000000,displayName:ContainerItemProxy,isa:PBXContainerItemProxy,proxyType:1,remoteGlobalIDString:46EB2E0001AAC0,remoteInfo:React-Codegen,,/target/buildPhases/buildActionMask:2147483647,displayName:Sources,files:displayName:FBReactNativeSpec-generated.mm,fileRef:displayName:|,includeInIndex:|,isa:|,path:|,sourceTree:|,,isa:PBXBuildFile,settings:COMPILER_FLAGS:|,,,displayName:FBReactNativeSpecJSI-generated.cpp,fileRef:displayName:|,includeInIndex:|,isa:|,lastKnownFileType:|,path:|,sourceTree:|,,isa:PBXBuildFile,settings:COMPILER_FLAGS:|,,,displayName:RCTModulesConformingToProtocolsProvider.mm,fileRef:displayName:|,includeInIndex:|,isa:|,path:|,sourceTree:|,,isa:PBXBuildFile,settings:COMPILER_FLAGS:|,,,displayName:ComponentDescriptors.cpp,fileRef:displayName:|,includeInIndex:|,isa:|,lastKnownFileType:|,path:|,sourceTree:|,,isa:PBXBuildFile,settings:COMPILER_FLAGS:|,,,displayName:EventEmitters.cpp,fileRef:displayName:|,includeInIndex:|,isa:|,lastKnownFileType:|,path:|,sourceTree:|,,isa:PBXBuildFile,settings:COMPILER_FLAGS:|,,,displayName:Props.cpp,fileRef:displayName:|,includeInIndex:|,isa:|,lastKnownFileType:|,path:|,sourceTree:|,,isa:PBXBuildFile,settings:COMPILER_FLAGS:|,,,displayName:ShadowNodes.cpp,fileRef:displayName:|,includeInIndex:|,isa:|,lastKnownFileType:|,path:|,sourceTree:|,,isa:PBXBuildFile,settings:COMPILER_FLAGS:|,,,displayName:States.cpp,fileRef:displayName:|,includeInIndex:|,isa:|,lastKnownFileType:|,path:|,sourceTree:|,,isa:PBXBuildFile,settings:COMPILER_FLAGS:|,,,displayName:ComponentDescriptors.cpp,fileRef:displayName:|,includeInIndex:|,isa:|,lastKnownFileType:|,path:|,sourceTree:|,,isa:PBXBuildFile,settings:COMPILER_FLAGS:|,,,displayName:EventEmitters.cpp,fileRef:displayName:|,includeInIndex:|,isa:|,lastKnownFileType:|,path:|,sourceTree:|,,isa:PBXBuildFile,settings:COMPILER_FLAGS:|,,,displayName:Props.cpp,fileRef:displayName:|,includeInIndex:|,isa:|,lastKnownFileType:|,path:|,sourceTree:|,,isa:PBXBuildFile,settings:COMPILER_FLAGS:|,,,displayName:ShadowNodes.cpp,fileRef:displayName:|,includeInIndex:|,isa:|,lastKnownFileType:|,path:|,sourceTree:|,,isa:PBXBuildFile,settings:COMPILER_FLAGS:|,,,displayName:States.cpp,fileRef:displayName:|,includeInIndex:|,isa:|,lastKnownFileType:|,path:|,sourceTree:|,,isa:PBXBuildFile,settings:COMPILER_FLAGS:|,,,displayName:ComponentDescriptors.cpp,fileRef:displayName:|,includeInIndex:|,isa:|,lastKnownFileType:|,path:|,sourceTree:|,,isa:PBXBuildFile,settings:COMPILER_FLAGS:|,,,displayName:EventEmitters.cpp,fileRef:displayName:|,includeInIndex:|,isa:|,lastKnownFileType:|,path:|,sourceTree:|,,isa:PBXBuildFile,settings:COMPILER_FLAGS:|,,,displayName:Props.cpp,fileRef:displayName:|,includeInIndex:|,isa:|,lastKnownFileType:|,path:|,sourceTree:|,,isa:PBXBuildFile,settings:COMPILER_FLAGS:|,,,displayName:ShadowNodes.cpp,fileRef:displayName:|,includeInIndex:|,isa:|,lastKnownFileType:|,path:|,sourceTree:|,,isa:PBXBuildFile,settings:COMPILER_FLAGS:|,,,displayName:States.cpp,fileRef:displayName:|,includeInIndex:|,isa:|,lastKnownFileType:|,path:|,sourceTree:|,,isa:PBXBuildFile,settings:COMPILER_FLAGS:|,,,displayName:ComponentDescriptors.cpp,fileRef:displayName:|,includeInIndex:|,isa:|,lastKnownFileType:|,path:|,sourceTree:|,,isa:PBXBuildFile,settings:COMPILER_FLAGS:|,,,displayName:EventEmitters.cpp,fileRef:displayName:|,includeInIndex:|,isa:|,lastKnownFileType:|,path:|,sourceTree:|,,isa:PBXBuildFile,settings:COMPILER_FLAGS:|,,,displayName:Props.cpp,fileRef:displayName:|,includeInIndex:|,isa:|,lastKnownFileType:|,path:|,sourceTree:|,,isa:PBXBuildFile,settings:COMPILER_FLAGS:|,,,displayName:ShadowNodes.cpp,fileRef:displayName:|,includeInIndex:|,isa:|,lastKnownFileType:|,path:|,sourceTree:|,,isa:PBXBuildFile,settings:COMPILER_FLAGS:|,,,displayName:States.cpp,fileRef:displayName:|,includeInIndex:|,isa:|,lastKnownFileType:|,path:|,sourceTree:|,,isa:PBXBuildFile,settings:COMPILER_FLAGS:|,,,displayName:ComponentDescriptors.cpp,fileRef:displayName:|,includeInIndex:|,isa:|,lastKnownFileType:|,path:|,sourceTree:|,,isa:PBXBuildFile,settings:COMPILER_FLAGS:|,,,displayName:EventEmitters.cpp,fileRef:displayName:|,includeInIndex:|,isa:|,lastKnownFileType:|,path:|,sourceTree:|,,isa:PBXBuildFile,settings:COMPILER_FLAGS:|,,,displayName:Props.cpp,fileRef:displayName:|,includeInIndex:|,isa:|,lastKnownFileType:|,path:|,sourceTree:|,,isa:PBXBuildFile,settings:COMPILER_FLAGS:|,,,displayName:ShadowNodes.cpp,fileRef:displayName:|,includeInIndex:|,isa:|,lastKnownFileType:|,path:|,sourceTree:|,,isa:PBXBuildFile,settings:COMPILER_FLAGS:|,,,displayName:States.cpp,fileRef:displayName:|,includeInIndex:|,isa:|,lastKnownFileType:|,path:|,sourceTree:|,,isa:PBXBuildFile,settings:COMPILER_FLAGS:|,,,displayName:ComponentDescriptors.cpp,fileRef:displayName:|,includeInIndex:|,isa:|,lastKnownFileType:|,path:|,sourceTree:|,,isa:PBXBuildFile,settings:COMPILER_FLAGS:|,,,displayName:EventEmitters.cpp,fileRef:displayName:|,includeInIndex:|,isa:|,lastKnownFileType:|,path:|,sourceTree:|,,isa:PBXBuildFile,settings:COMPILER_FLAGS:|,,,displayName:Props.cpp,fileRef:displayName:|,includeInIndex:|,isa:|,lastKnownFileType:|,path:|,sourceTree:|,,isa:PBXBuildFile,settings:COMPILER_FLAGS:|,,,displayName:ShadowNodes.cpp,fileRef:displayName:|,includeInIndex:|,isa:|,lastKnownFileType:|,path:|,sourceTree:|,,isa:PBXBuildFile,settings:COMPILER_FLAGS:|,,,displayName:States.cpp,fileRef:displayName:|,includeInIndex:|,isa:|,lastKnownFileType:|,path:|,sourceTree:|,,isa:PBXBuildFile,settings:COMPILER_FLAGS:|,,,displayName:rnasyncstorage-generated.mm,fileRef:displayName:|,includeInIndex:|,isa:|,path:|,sourceTree:|,,isa:PBXBuildFile,settings:COMPILER_FLAGS:|,,,displayName:rnasyncstorageJSI-generated.cpp,fileRef:displayName:|,includeInIndex:|,isa:|,lastKnownFileType:|,path:|,sourceTree:|,,isa:PBXBuildFile,settings:COMPILER_FLAGS:|,,,displayName:RNCConfigModule-generated.mm,fileRef:displayName:|,includeInIndex:|,isa:|,path:|,sourceTree:|,,isa:PBXBuildFile,settings:COMPILER_FLAGS:|,,,displayName:RNCConfigModuleJSI-generated.cpp,fileRef:displayName:|,includeInIndex:|,isa:|,lastKnownFileType:|,path:|,sourceTree:|,,isa:PBXBuildFile,settings:COMPILER_FLAGS:|,,,displayName:rnclipboard-generated.mm,fileRef:displayName:|,includeInIndex:|,isa:|,path:|,sourceTree:|,,isa:PBXBuildFile,settings:COMPILER_FLAGS:|,,,displayName:rnclipboardJSI-generated.cpp,fileRef:displayName:|,includeInIndex:|,isa:|,lastKnownFileType:|,path:|,sourceTree:|,,isa:PBXBuildFile,settings:COMPILER_FLAGS:|,,,displayName:rngesturehandler_codegen-generated.mm,fileRef:displayName:|,includeInIndex:|,isa:|,path:|,sourceTree:|,,isa:PBXBuildFile,settings:COMPILER_FLAGS:|,,,displayName:rngesturehandler_codegenJSI-generated.cpp,fileRef:displayName:|,includeInIndex:|,isa:|,lastKnownFileType:|,path:|,sourceTree:|,,isa:PBXBuildFile,settings:COMPILER_FLAGS:|,,,displayName:RNGoogleSignInCGen-generated.mm,fileRef:displayName:|,includeInIndex:|,isa:|,path:|,sourceTree:|,,isa:PBXBuildFile,settings:COMPILER_FLAGS:|,,,displayName:RNGoogleSignInCGenJSI-generated.cpp,fileRef:displayName:|,includeInIndex:|,isa:|,lastKnownFileType:|,path:|,sourceTree:|,,isa:PBXBuildFile,settings:COMPILER_FLAGS:|,,,displayName:RNImagePickerSpec-generated.mm,fileRef:displayName:|,includeInIndex:|,isa:|,path:|,sourceTree:|,,isa:PBXBuildFile,settings:COMPILER_FLAGS:|,,,displayName:RNImagePickerSpecJSI-generated.cpp,fileRef:displayName:|,includeInIndex:|,isa:|,lastKnownFileType:|,path:|,sourceTree:|,,isa:PBXBuildFile,settings:COMPILER_FLAGS:|,,,displayName:rnpermissions-generated.mm,fileRef:displayName:|,includeInIndex:|,isa:|,path:|,sourceTree:|,,isa:PBXBuildFile,settings:COMPILER_FLAGS:|,,,displayName:rnpermissionsJSI-generated.cpp,fileRef:displayName:|,includeInIndex:|,isa:|,lastKnownFileType:|,path:|,sourceTree:|,,isa:PBXBuildFile,settings:COMPILER_FLAGS:|,,,displayName:rnreanimated-generated.mm,fileRef:displayName:|,includeInIndex:|,isa:|,path:|,sourceTree:|,,isa:PBXBuildFile,settings:COMPILER_FLAGS:|,,,displayName:rnreanimatedJSI-generated.cpp,fileRef:displayName:|,includeInIndex:|,isa:|,lastKnownFileType:|,path:|,sourceTree:|,,isa:PBXBuildFile,settings:COMPILER_FLAGS:|,,,displayName:rnscreens-generated.mm,fileRef:displayName:|,includeInIndex:|,isa:|,path:|,sourceTree:|,,isa:PBXBuildFile,settings:COMPILER_FLAGS:|,,,displayName:rnscreensJSI-generated.cpp,fileRef:displayName:|,includeInIndex:|,isa:|,lastKnownFileType:|,path:|,sourceTree:|,,isa:PBXBuildFile,settings:COMPILER_FLAGS:|,,,displayName:rnsvg-generated.mm,fileRef:displayName:|,includeInIndex:|,isa:|,path:|,sourceTree:|,,isa:PBXBuildFile,settings:COMPILER_FLAGS:|,,,displayName:rnsvgJSI-generated.cpp,fileRef:displayName:|,includeInIndex:|,isa:|,lastKnownFileType:|,path:|,sourceTree:|,,isa:PBXBuildFile,settings:COMPILER_FLAGS:|,,,displayName:RNVectorIconsSpec-generated.mm,fileRef:displayName:|,includeInIndex:|,isa:|,path:|,sourceTree:|,,isa:PBXBuildFile,settings:COMPILER_FLAGS:|,,,displayName:RNVectorIconsSpecJSI-generated.cpp,fileRef:displayName:|,includeInIndex:|,isa:|,lastKnownFileType:|,path:|,sourceTree:|,,isa:PBXBuildFile,settings:COMPILER_FLAGS:|,,,displayName:safeareacontext-generated.mm,fileRef:displayName:|,includeInIndex:|,isa:|,path:|,sourceTree:|,,isa:PBXBuildFile,settings:COMPILER_FLAGS:|,,,displayName:safeareacontextJSI-generated.cpp,fileRef:displayName:|,includeInIndex:|,isa:|,lastKnownFileType:|,path:|,sourceTree:|,,isa:PBXBuildFile,settings:COMPILER_FLAGS:|,,,displayName:React-Codegen-dummy.m,fileRef:displayName:|,includeInIndex:|,isa:|,lastKnownFileType:|,path:|,sourceTree:|,,isa:PBXBuildFile,,isa:PBXSourcesBuildPhase,runOnlyForDeploymentPostprocessing:0,/files/displayName:ShadowNodes.cpp,fileRef:displayName:ShadowNodes.cpp,includeInIndex:1,isa:PBXFileReference,lastKnownFileType:sourcecode.cpp.cpp,path:ShadowNodes.cpp,sourceTree:<group>,,isa:PBXBuildFile,settings:COMPILER_FLAGS:-DFOLLY_NO_CONFIG -DFOLLY_MOBILE=1 -DFOLLY_USE_LIBCPP=1 -DFOLLY_CFG_NO_COROUTINES=1 -DFOLLY_HAVE_CLOCK_GETTIME=1 -Wno-comma -Wno-shorten-64-to-32 -Wno-documentation -Wno-nullability-completeness -std=c++20,,
PBXBuildFile -- Pods.xcodeproj/targets/buildConfigurationList:buildConfigurations:baseConfigurationReference:|,buildSettings:|,displayName:|,isa:|,name:|,,baseConfigurationReference:|,buildSettings:|,displayName:|,isa:|,name:|,,defaultConfigurationIsVisible:0,defaultConfigurationName:Release,displayName:ConfigurationList,isa:XCConfigurationList,,buildPhases:buildActionMask:2147483647,displayName:Headers,files:|,|,|,|,|,|,|,|,|,|,|,|,|,|,|,|,|,|,|,|,|,|,|,|,|,|,|,|,isa:PBXHeadersBuildPhase,runOnlyForDeploymentPostprocessing:0,,buildActionMask:2147483647,displayName:Sources,files:|,|,|,|,|,|,|,|,|,|,|,|,|,|,|,|,|,|,|,|,|,|,|,isa:PBXSourcesBuildPhase,runOnlyForDeploymentPostprocessing:0,,buildActionMask:2147483647,displayName:Frameworks,files:|,isa:PBXFrameworksBuildPhase,runOnlyForDeploymentPostprocessing:0,,buildActionMask:2147483647,displayName:Resources,files:,isa:PBXResourcesBuildPhase,runOnlyForDeploymentPostprocessing:0,,buildRules:,dependencies:displayName:React-Core,isa:PBXTargetDependency,targetProxy:containerPortal:|,displayName:|,isa:|,proxyType:|,remoteGlobalIDString:|,remoteInfo:|,,,displayName:RCT-Folly,isa:PBXTargetDependency,targetProxy:containerPortal:|,displayName:|,isa:|,proxyType:|,remoteGlobalIDString:|,remoteInfo:|,,,displayName:glog,isa:PBXTargetDependency,targetProxy:containerPortal:|,displayName:|,isa:|,proxyType:|,remoteGlobalIDString:|,remoteInfo:|,,,displayName:React-RCTFabric,isa:PBXTargetDependency,targetProxy:containerPortal:|,displayName:|,isa:|,proxyType:|,remoteGlobalIDString:|,remoteInfo:|,,,displayName:React-Codegen,isa:PBXTargetDependency,targetProxy:containerPortal:|,displayName:|,isa:|,proxyType:|,remoteGlobalIDString:|,remoteInfo:|,,,displayName:RCTRequired,isa:PBXTargetDependency,targetProxy:containerPortal:|,displayName:|,isa:|,proxyType:|,remoteGlobalIDString:|,remoteInfo:|,,,displayName:RCTTypeSafety,isa:PBXTargetDependency,targetProxy:containerPortal:|,displayName:|,isa:|,proxyType:|,remoteGlobalIDString:|,remoteInfo:|,,,displayName:ReactCommon,isa:PBXTargetDependency,targetProxy:containerPortal:|,displayName:|,isa:|,proxyType:|,remoteGlobalIDString:|,remoteInfo:|,,,displayName:React-NativeModulesApple,isa:PBXTargetDependency,targetProxy:containerPortal:|,displayName:|,isa:|,proxyType:|,remoteGlobalIDString:|,remoteInfo:|,,,displayName:Yoga,isa:PBXTargetDependency,targetProxy:containerPortal:|,displayName:|,isa:|,proxyType:|,remoteGlobalIDString:|,remoteInfo:|,,,displayName:React-Fabric,isa:PBXTargetDependency,targetProxy:containerPortal:|,displayName:|,isa:|,proxyType:|,remoteGlobalIDString:|,remoteInfo:|,,,displayName:React-graphics,isa:PBXTargetDependency,targetProxy:containerPortal:|,displayName:|,isa:|,proxyType:|,remoteGlobalIDString:|,remoteInfo:|,,,displayName:React-utils,isa:PBXTargetDependency,targetProxy:containerPortal:|,displayName:|,isa:|,proxyType:|,remoteGlobalIDString:|,remoteInfo:|,,,displayName:React-featureflags,isa:PBXTargetDependency,targetProxy:containerPortal:|,displayName:|,isa:|,proxyType:|,remoteGlobalIDString:|,remoteInfo:|,,,displayName:React-debug,isa:PBXTargetDependency,targetProxy:containerPortal:|,displayName:|,isa:|,proxyType:|,remoteGlobalIDString:|,remoteInfo:|,,,displayName:React-ImageManager,isa:PBXTargetDependency,targetProxy:containerPortal:|,displayName:|,isa:|,proxyType:|,remoteGlobalIDString:|,remoteInfo:|,,,displayName:React-rendererdebug,isa:PBXTargetDependency,targetProxy:containerPortal:|,displayName:|,isa:|,proxyType:|,remoteGlobalIDString:|,remoteInfo:|,,,displayName:DoubleConversion,isa:PBXTargetDependency,targetProxy:containerPortal:|,displayName:|,isa:|,proxyType:|,remoteGlobalIDString:|,remoteInfo:|,,,displayName:React-jsi,isa:PBXTargetDependency,targetProxy:containerPortal:|,displayName:|,isa:|,proxyType:|,remoteGlobalIDString:|,remoteInfo:|,,,displayName:RNGestureHandler,fileSystemSynchronizedGroups:,isa:PBXNativeTarget,name:RNGestureHandler,packageProductDependencies:,productName:RNGestureHandler,productReference:displayName:RNGestureHandler,explicitFileType:wrapper.framework,includeInIndex:0,isa:PBXFileReference,name:RNGestureHandler,path:RNGestureHandler.framework,sourceTree:BUILT_PRODUCTS_DIR,,productType:com.apple.product-type.framework,/dependencies/displayName:React-RCTFabric,isa:PBXTargetDependency,targetProxy:containerPortal:46EB2E00000000,displayName:ContainerItemProxy,isa:PBXContainerItemProxy,proxyType:1,remoteGlobalIDString:46EB2E00020EA0,remoteInfo:React-RCTFabric,,/target/dependencies/displayName:React-RCTImage,isa:PBXTargetDependency,targetProxy:containerPortal:46EB2E00000000,displayName:ContainerItemProxy,isa:PBXContainerItemProxy,proxyType:1,remoteGlobalIDString:46EB2E000215E0,remoteInfo:React-RCTImage,,/target/dependencies/displayName:React-RCTNetwork,isa:PBXTargetDependency,targetProxy:containerPortal:46EB2E00000000,displayName:ContainerItemProxy,isa:PBXContainerItemProxy,proxyType:1,remoteGlobalIDString:46EB2E000219A0,remoteInfo:React-RCTNetwork,,/target/dependencies/displayName:React-Codegen,isa:PBXTargetDependency,targetProxy:containerPortal:46EB2E00000000,displayName:ContainerItemProxy,isa:PBXContainerItemProxy,proxyType:1,remoteGlobalIDString:46EB2E0001AAC0,remoteInfo:React-Codegen,,/target/buildPhases/buildActionMask:2147483647,displayName:Sources,files:displayName:FBReactNativeSpec-generated.mm,fileRef:displayName:|,includeInIndex:|,isa:|,path:|,sourceTree:|,,isa:PBXBuildFile,settings:COMPILER_FLAGS:|,,,displayName:FBReactNativeSpecJSI-generated.cpp,fileRef:displayName:|,includeInIndex:|,isa:|,lastKnownFileType:|,path:|,sourceTree:|,,isa:PBXBuildFile,settings:COMPILER_FLAGS:|,,,displayName:RCTModulesConformingToProtocolsProvider.mm,fileRef:displayName:|,includeInIndex:|,isa:|,path:|,sourceTree:|,,isa:PBXBuildFile,settings:COMPILER_FLAGS:|,,,displayName:ComponentDescriptors.cpp,fileRef:displayName:|,includeInIndex:|,isa:|,lastKnownFileType:|,path:|,sourceTree:|,,isa:PBXBuildFile,settings:COMPILER_FLAGS:|,,,displayName:EventEmitters.cpp,fileRef:displayName:|,includeInIndex:|,isa:|,lastKnownFileType:|,path:|,sourceTree:|,,isa:PBXBuildFile,settings:COMPILER_FLAGS:|,,,displayName:Props.cpp,fileRef:displayName:|,includeInIndex:|,isa:|,lastKnownFileType:|,path:|,sourceTree:|,,isa:PBXBuildFile,settings:COMPILER_FLAGS:|,,,displayName:ShadowNodes.cpp,fileRef:displayName:|,includeInIndex:|,isa:|,lastKnownFileType:|,path:|,sourceTree:|,,isa:PBXBuildFile,settings:COMPILER_FLAGS:|,,,displayName:States.cpp,fileRef:displayName:|,includeInIndex:|,isa:|,lastKnownFileType:|,path:|,sourceTree:|,,isa:PBXBuildFile,settings:COMPILER_FLAGS:|,,,displayName:ComponentDescriptors.cpp,fileRef:displayName:|,includeInIndex:|,isa:|,lastKnownFileType:|,path:|,sourceTree:|,,isa:PBXBuildFile,settings:COMPILER_FLAGS:|,,,displayName:EventEmitters.cpp,fileRef:displayName:|,includeInIndex:|,isa:|,lastKnownFileType:|,path:|,sourceTree:|,,isa:PBXBuildFile,settings:COMPILER_FLAGS:|,,,displayName:Props.cpp,fileRef:displayName:|,includeInIndex:|,isa:|,lastKnownFileType:|,path:|,sourceTree:|,,isa:PBXBuildFile,settings:COMPILER_FLAGS:|,,,displayName:ShadowNodes.cpp,fileRef:displayName:|,includeInIndex:|,isa:|,lastKnownFileType:|,path:|,sourceTree:|,,isa:PBXBuildFile,settings:COMPILER_FLAGS:|,,,displayName:States.cpp,fileRef:displayName:|,includeInIndex:|,isa:|,lastKnownFileType:|,path:|,sourceTree:|,,isa:PBXBuildFile,settings:COMPILER_FLAGS:|,,,displayName:ComponentDescriptors.cpp,fileRef:displayName:|,includeInIndex:|,isa:|,lastKnownFileType:|,path:|,sourceTree:|,,isa:PBXBuildFile,settings:COMPILER_FLAGS:|,,,displayName:EventEmitters.cpp,fileRef:displayName:|,includeInIndex:|,isa:|,lastKnownFileType:|,path:|,sourceTree:|,,isa:PBXBuildFile,settings:COMPILER_FLAGS:|,,,displayName:Props.cpp,fileRef:displayName:|,includeInIndex:|,isa:|,lastKnownFileType:|,path:|,sourceTree:|,,isa:PBXBuildFile,settings:COMPILER_FLAGS:|,,,displayName:ShadowNodes.cpp,fileRef:displayName:|,includeInIndex:|,isa:|,lastKnownFileType:|,path:|,sourceTree:|,,isa:PBXBuildFile,settings:COMPILER_FLAGS:|,,,displayName:States.cpp,fileRef:displayName:|,includeInIndex:|,isa:|,lastKnownFileType:|,path:|,sourceTree:|,,isa:PBXBuildFile,settings:COMPILER_FLAGS:|,,,displayName:ComponentDescriptors.cpp,fileRef:displayName:|,includeInIndex:|,isa:|,lastKnownFileType:|,path:|,sourceTree:|,,isa:PBXBuildFile,settings:COMPILER_FLAGS:|,,,displayName:EventEmitters.cpp,fileRef:displayName:|,includeInIndex:|,isa:|,lastKnownFileType:|,path:|,sourceTree:|,,isa:PBXBuildFile,settings:COMPILER_FLAGS:|,,,displayName:Props.cpp,fileRef:displayName:|,includeInIndex:|,isa:|,lastKnownFileType:|,path:|,sourceTree:|,,isa:PBXBuildFile,settings:COMPILER_FLAGS:|,,,displayName:ShadowNodes.cpp,fileRef:displayName:|,includeInIndex:|,isa:|,lastKnownFileType:|,path:|,sourceTree:|,,isa:PBXBuildFile,settings:COMPILER_FLAGS:|,,,displayName:States.cpp,fileRef:displayName:|,includeInIndex:|,isa:|,lastKnownFileType:|,path:|,sourceTree:|,,isa:PBXBuildFile,settings:COMPILER_FLAGS:|,,,displayName:ComponentDescriptors.cpp,fileRef:displayName:|,includeInIndex:|,isa:|,lastKnownFileType:|,path:|,sourceTree:|,,isa:PBXBuildFile,settings:COMPILER_FLAGS:|,,,displayName:EventEmitters.cpp,fileRef:displayName:|,includeInIndex:|,isa:|,lastKnownFileType:|,path:|,sourceTree:|,,isa:PBXBuildFile,settings:COMPILER_FLAGS:|,,,displayName:Props.cpp,fileRef:displayName:|,includeInIndex:|,isa:|,lastKnownFileType:|,path:|,sourceTree:|,,isa:PBXBuildFile,settings:COMPILER_FLAGS:|,,,displayName:ShadowNodes.cpp,fileRef:displayName:|,includeInIndex:|,isa:|,lastKnownFileType:|,path:|,sourceTree:|,,isa:PBXBuildFile,settings:COMPILER_FLAGS:|,,,displayName:States.cpp,fileRef:displayName:|,includeInIndex:|,isa:|,lastKnownFileType:|,path:|,sourceTree:|,,isa:PBXBuildFile,settings:COMPILER_FLAGS:|,,,displayName:ComponentDescriptors.cpp,fileRef:displayName:|,includeInIndex:|,isa:|,lastKnownFileType:|,path:|,sourceTree:|,,isa:PBXBuildFile,settings:COMPILER_FLAGS:|,,,displayName:EventEmitters.cpp,fileRef:displayName:|,includeInIndex:|,isa:|,lastKnownFileType:|,path:|,sourceTree:|,,isa:PBXBuildFile,settings:COMPILER_FLAGS:|,,,displayName:Props.cpp,fileRef:displayName:|,includeInIndex:|,isa:|,lastKnownFileType:|,path:|,sourceTree:|,,isa:PBXBuildFile,settings:COMPILER_FLAGS:|,,,displayName:ShadowNodes.cpp,fileRef:displayName:|,includeInIndex:|,isa:|,lastKnownFileType:|,path:|,sourceTree:|,,isa:PBXBuildFile,settings:COMPILER_FLAGS:|,,,displayName:States.cpp,fileRef:displayName:|,includeInIndex:|,isa:|,lastKnownFileType:|,path:|,sourceTree:|,,isa:PBXBuildFile,settings:COMPILER_FLAGS:|,,,displayName:rnasyncstorage-generated.mm,fileRef:displayName:|,includeInIndex:|,isa:|,path:|,sourceTree:|,,isa:PBXBuildFile,settings:COMPILER_FLAGS:|,,,displayName:rnasyncstorageJSI-generated.cpp,fileRef:displayName:|,includeInIndex:|,isa:|,lastKnownFileType:|,path:|,sourceTree:|,,isa:PBXBuildFile,settings:COMPILER_FLAGS:|,,,displayName:RNCConfigModule-generated.mm,fileRef:displayName:|,includeInIndex:|,isa:|,path:|,sourceTree:|,,isa:PBXBuildFile,settings:COMPILER_FLAGS:|,,,displayName:RNCConfigModuleJSI-generated.cpp,fileRef:displayName:|,includeInIndex:|,isa:|,lastKnownFileType:|,path:|,sourceTree:|,,isa:PBXBuildFile,settings:COMPILER_FLAGS:|,,,displayName:rnclipboard-generated.mm,fileRef:displayName:|,includeInIndex:|,isa:|,path:|,sourceTree:|,,isa:PBXBuildFile,settings:COMPILER_FLAGS:|,,,displayName:rnclipboardJSI-generated.cpp,fileRef:displayName:|,includeInIndex:|,isa:|,lastKnownFileType:|,path:|,sourceTree:|,,isa:PBXBuildFile,settings:COMPILER_FLAGS:|,,,displayName:rngesturehandler_codegen-generated.mm,fileRef:displayName:|,includeInIndex:|,isa:|,path:|,sourceTree:|,,isa:PBXBuildFile,settings:COMPILER_FLAGS:|,,,displayName:rngesturehandler_codegenJSI-generated.cpp,fileRef:displayName:|,includeInIndex:|,isa:|,lastKnownFileType:|,path:|,sourceTree:|,,isa:PBXBuildFile,settings:COMPILER_FLAGS:|,,,displayName:RNGoogleSignInCGen-generated.mm,fileRef:displayName:|,includeInIndex:|,isa:|,path:|,sourceTree:|,,isa:PBXBuildFile,settings:COMPILER_FLAGS:|,,,displayName:RNGoogleSignInCGenJSI-generated.cpp,fileRef:displayName:|,includeInIndex:|,isa:|,lastKnownFileType:|,path:|,sourceTree:|,,isa:PBXBuildFile,settings:COMPILER_FLAGS:|,,,displayName:RNImagePickerSpec-generated.mm,fileRef:displayName:|,includeInIndex:|,isa:|,path:|,sourceTree:|,,isa:PBXBuildFile,settings:COMPILER_FLAGS:|,,,displayName:RNImagePickerSpecJSI-generated.cpp,fileRef:displayName:|,includeInIndex:|,isa:|,lastKnownFileType:|,path:|,sourceTree:|,,isa:PBXBuildFile,settings:COMPILER_FLAGS:|,,,displayName:rnpermissions-generated.mm,fileRef:displayName:|,includeInIndex:|,isa:|,path:|,sourceTree:|,,isa:PBXBuildFile,settings:COMPILER_FLAGS:|,,,displayName:rnpermissionsJSI-generated.cpp,fileRef:displayName:|,includeInIndex:|,isa:|,lastKnownFileType:|,path:|,sourceTree:|,,isa:PBXBuildFile,settings:COMPILER_FLAGS:|,,,displayName:rnreanimated-generated.mm,fileRef:displayName:|,includeInIndex:|,isa:|,path:|,sourceTree:|,,isa:PBXBuildFile,settings:COMPILER_FLAGS:|,,,displayName:rnreanimatedJSI-generated.cpp,fileRef:displayName:|,includeInIndex:|,isa:|,lastKnownFileType:|,path:|,sourceTree:|,,isa:PBXBuildFile,settings:COMPILER_FLAGS:|,,,displayName:rnscreens-generated.mm,fileRef:displayName:|,includeInIndex:|,isa:|,path:|,sourceTree:|,,isa:PBXBuildFile,settings:COMPILER_FLAGS:|,,,displayName:rnscreensJSI-generated.cpp,fileRef:displayName:|,includeInIndex:|,isa:|,lastKnownFileType:|,path:|,sourceTree:|,,isa:PBXBuildFile,settings:COMPILER_FLAGS:|,,,displayName:rnsvg-generated.mm,fileRef:displayName:|,includeInIndex:|,isa:|,path:|,sourceTree:|,,isa:PBXBuildFile,settings:COMPILER_FLAGS:|,,,displayName:rnsvgJSI-generated.cpp,fileRef:displayName:|,includeInIndex:|,isa:|,lastKnownFileType:|,path:|,sourceTree:|,,isa:PBXBuildFile,settings:COMPILER_FLAGS:|,,,displayName:RNVectorIconsSpec-generated.mm,fileRef:displayName:|,includeInIndex:|,isa:|,path:|,sourceTree:|,,isa:PBXBuildFile,settings:COMPILER_FLAGS:|,,,displayName:RNVectorIconsSpecJSI-generated.cpp,fileRef:displayName:|,includeInIndex:|,isa:|,lastKnownFileType:|,path:|,sourceTree:|,,isa:PBXBuildFile,settings:COMPILER_FLAGS:|,,,displayName:safeareacontext-generated.mm,fileRef:displayName:|,includeInIndex:|,isa:|,path:|,sourceTree:|,,isa:PBXBuildFile,settings:COMPILER_FLAGS:|,,,displayName:safeareacontextJSI-generated.cpp,fileRef:displayName:|,includeInIndex:|,isa:|,lastKnownFileType:|,path:|,sourceTree:|,,isa:PBXBuildFile,settings:COMPILER_FLAGS:|,,,displayName:React-Codegen-dummy.m,fileRef:displayName:|,includeInIndex:|,isa:|,lastKnownFileType:|,path:|,sourceTree:|,,isa:PBXBuildFile,,isa:PBXSourcesBuildPhase,runOnlyForDeploymentPostprocessing:0,/files/displayName:States.cpp,fileRef:displayName:States.cpp,includeInIndex:1,isa:PBXFileReference,lastKnownFileType:sourcecode.cpp.cpp,path:States.cpp,sourceTree:<group>,,isa:PBXBuildFile,settings:COMPILER_FLAGS:-DFOLLY_NO_CONFIG -DFOLLY_MOBILE=1 -DFOLLY_USE_LIBCPP=1 -DFOLLY_CFG_NO_COROUTINES=1 -DFOLLY_HAVE_CLOCK_GETTIME=1 -Wno-comma -Wno-shorten-64-to-32 -Wno-documentation -Wno-nullability-completeness -std=c++20,,
PBXBuildFile -- Pods.xcodeproj/targets/buildConfigurationList:buildConfigurations:baseConfigurationReference:|,buildSettings:|,displayName:|,isa:|,name:|,,baseConfigurationReference:|,buildSettings:|,displayName:|,isa:|,name:|,,defaultConfigurationIsVisible:0,defaultConfigurationName:Release,displayName:ConfigurationList,isa:XCConfigurationList,,buildPhases:buildActionMask:2147483647,displayName:Headers,files:|,|,|,|,|,|,|,|,|,|,|,|,|,|,|,|,|,|,|,|,|,|,|,|,|,|,|,|,isa:PBXHeadersBuildPhase,runOnlyForDeploymentPostprocessing:0,,buildActionMask:2147483647,displayName:Sources,files:|,|,|,|,|,|,|,|,|,|,|,|,|,|,|,|,|,|,|,|,|,|,|,isa:PBXSourcesBuildPhase,runOnlyForDeploymentPostprocessing:0,,buildActionMask:2147483647,displayName:Frameworks,files:|,isa:PBXFrameworksBuildPhase,runOnlyForDeploymentPostprocessing:0,,buildActionMask:2147483647,displayName:Resources,files:,isa:PBXResourcesBuildPhase,runOnlyForDeploymentPostprocessing:0,,buildRules:,dependencies:displayName:React-Core,isa:PBXTargetDependency,targetProxy:containerPortal:|,displayName:|,isa:|,proxyType:|,remoteGlobalIDString:|,remoteInfo:|,,,displayName:RCT-Folly,isa:PBXTargetDependency,targetProxy:containerPortal:|,displayName:|,isa:|,proxyType:|,remoteGlobalIDString:|,remoteInfo:|,,,displayName:glog,isa:PBXTargetDependency,targetProxy:containerPortal:|,displayName:|,isa:|,proxyType:|,remoteGlobalIDString:|,remoteInfo:|,,,displayName:React-RCTFabric,isa:PBXTargetDependency,targetProxy:containerPortal:|,displayName:|,isa:|,proxyType:|,remoteGlobalIDString:|,remoteInfo:|,,,displayName:React-Codegen,isa:PBXTargetDependency,targetProxy:containerPortal:|,displayName:|,isa:|,proxyType:|,remoteGlobalIDString:|,remoteInfo:|,,,displayName:RCTRequired,isa:PBXTargetDependency,targetProxy:containerPortal:|,displayName:|,isa:|,proxyType:|,remoteGlobalIDString:|,remoteInfo:|,,,displayName:RCTTypeSafety,isa:PBXTargetDependency,targetProxy:containerPortal:|,displayName:|,isa:|,proxyType:|,remoteGlobalIDString:|,remoteInfo:|,,,displayName:ReactCommon,isa:PBXTargetDependency,targetProxy:containerPortal:|,displayName:|,isa:|,proxyType:|,remoteGlobalIDString:|,remoteInfo:|,,,displayName:React-NativeModulesApple,isa:PBXTargetDependency,targetProxy:containerPortal:|,displayName:|,isa:|,proxyType:|,remoteGlobalIDString:|,remoteInfo:|,,,displayName:Yoga,isa:PBXTargetDependency,targetProxy:containerPortal:|,displayName:|,isa:|,proxyType:|,remoteGlobalIDString:|,remoteInfo:|,,,displayName:React-Fabric,isa:PBXTargetDependency,targetProxy:containerPortal:|,displayName:|,isa:|,proxyType:|,remoteGlobalIDString:|,remoteInfo:|,,,displayName:React-graphics,isa:PBXTargetDependency,targetProxy:containerPortal:|,displayName:|,isa:|,proxyType:|,remoteGlobalIDString:|,remoteInfo:|,,,displayName:React-utils,isa:PBXTargetDependency,targetProxy:containerPortal:|,displayName:|,isa:|,proxyType:|,remoteGlobalIDString:|,remoteInfo:|,,,displayName:React-featureflags,isa:PBXTargetDependency,targetProxy:containerPortal:|,displayName:|,isa:|,proxyType:|,remoteGlobalIDString:|,remoteInfo:|,,,displayName:React-debug,isa:PBXTargetDependency,targetProxy:containerPortal:|,displayName:|,isa:|,proxyType:|,remoteGlobalIDString:|,remoteInfo:|,,,displayName:React-ImageManager,isa:PBXTargetDependency,targetProxy:containerPortal:|,displayName:|,isa:|,proxyType:|,remoteGlobalIDString:|,remoteInfo:|,,,displayName:React-rendererdebug,isa:PBXTargetDependency,targetProxy:containerPortal:|,displayName:|,isa:|,proxyType:|,remoteGlobalIDString:|,remoteInfo:|,,,displayName:DoubleConversion,isa:PBXTargetDependency,targetProxy:containerPortal:|,displayName:|,isa:|,proxyType:|,remoteGlobalIDString:|,remoteInfo:|,,,displayName:React-jsi,isa:PBXTargetDependency,targetProxy:containerPortal:|,displayName:|,isa:|,proxyType:|,remoteGlobalIDString:|,remoteInfo:|,,,displayName:RNGestureHandler,fileSystemSynchronizedGroups:,isa:PBXNativeTarget,name:RNGestureHandler,packageProductDependencies:,productName:RNGestureHandler,productReference:displayName:RNGestureHandler,explicitFileType:wrapper.framework,includeInIndex:0,isa:PBXFileReference,name:RNGestureHandler,path:RNGestureHandler.framework,sourceTree:BUILT_PRODUCTS_DIR,,productType:com.apple.product-type.framework,/dependencies/displayName:React-RCTFabric,isa:PBXTargetDependency,targetProxy:containerPortal:46EB2E00000000,displayName:ContainerItemProxy,isa:PBXContainerItemProxy,proxyType:1,remoteGlobalIDString:46EB2E00020EA0,remoteInfo:React-RCTFabric,,/target/dependencies/displayName:React-RCTImage,isa:PBXTargetDependency,targetProxy:containerPortal:46EB2E00000000,displayName:ContainerItemProxy,isa:PBXContainerItemProxy,proxyType:1,remoteGlobalIDString:46EB2E000215E0,remoteInfo:React-RCTImage,,/target/dependencies/displayName:React-RCTNetwork,isa:PBXTargetDependency,targetProxy:containerPortal:46EB2E00000000,displayName:ContainerItemProxy,isa:PBXContainerItemProxy,proxyType:1,remoteGlobalIDString:46EB2E000219A0,remoteInfo:React-RCTNetwork,,/target/dependencies/displayName:React-Codegen,isa:PBXTargetDependency,targetProxy:containerPortal:46EB2E00000000,displayName:ContainerItemProxy,isa:PBXContainerItemProxy,proxyType:1,remoteGlobalIDString:46EB2E0001AAC0,remoteInfo:React-Codegen,,/target/buildPhases/buildActionMask:2147483647,displayName:Sources,files:displayName:FBReactNativeSpec-generated.mm,fileRef:displayName:|,includeInIndex:|,isa:|,path:|,sourceTree:|,,isa:PBXBuildFile,settings:COMPILER_FLAGS:|,,,displayName:FBReactNativeSpecJSI-generated.cpp,fileRef:displayName:|,includeInIndex:|,isa:|,lastKnownFileType:|,path:|,sourceTree:|,,isa:PBXBuildFile,settings:COMPILER_FLAGS:|,,,displayName:RCTModulesConformingToProtocolsProvider.mm,fileRef:displayName:|,includeInIndex:|,isa:|,path:|,sourceTree:|,,isa:PBXBuildFile,settings:COMPILER_FLAGS:|,,,displayName:ComponentDescriptors.cpp,fileRef:displayName:|,includeInIndex:|,isa:|,lastKnownFileType:|,path:|,sourceTree:|,,isa:PBXBuildFile,settings:COMPILER_FLAGS:|,,,displayName:EventEmitters.cpp,fileRef:displayName:|,includeInIndex:|,isa:|,lastKnownFileType:|,path:|,sourceTree:|,,isa:PBXBuildFile,settings:COMPILER_FLAGS:|,,,displayName:Props.cpp,fileRef:displayName:|,includeInIndex:|,isa:|,lastKnownFileType:|,path:|,sourceTree:|,,isa:PBXBuildFile,settings:COMPILER_FLAGS:|,,,displayName:ShadowNodes.cpp,fileRef:displayName:|,includeInIndex:|,isa:|,lastKnownFileType:|,path:|,sourceTree:|,,isa:PBXBuildFile,settings:COMPILER_FLAGS:|,,,displayName:States.cpp,fileRef:displayName:|,includeInIndex:|,isa:|,lastKnownFileType:|,path:|,sourceTree:|,,isa:PBXBuildFile,settings:COMPILER_FLAGS:|,,,displayName:ComponentDescriptors.cpp,fileRef:displayName:|,includeInIndex:|,isa:|,lastKnownFileType:|,path:|,sourceTree:|,,isa:PBXBuildFile,settings:COMPILER_FLAGS:|,,,displayName:EventEmitters.cpp,fileRef:displayName:|,includeInIndex:|,isa:|,lastKnownFileType:|,path:|,sourceTree:|,,isa:PBXBuildFile,settings:COMPILER_FLAGS:|,,,displayName:Props.cpp,fileRef:displayName:|,includeInIndex:|,isa:|,lastKnownFileType:|,path:|,sourceTree:|,,isa:PBXBuildFile,settings:COMPILER_FLAGS:|,,,displayName:ShadowNodes.cpp,fileRef:displayName:|,includeInIndex:|,isa:|,lastKnownFileType:|,path:|,sourceTree:|,,isa:PBXBuildFile,settings:COMPILER_FLAGS:|,,,displayName:States.cpp,fileRef:displayName:|,includeInIndex:|,isa:|,lastKnownFileType:|,path:|,sourceTree:|,,isa:PBXBuildFile,settings:COMPILER_FLAGS:|,,,displayName:ComponentDescriptors.cpp,fileRef:displayName:|,includeInIndex:|,isa:|,lastKnownFileType:|,path:|,sourceTree:|,,isa:PBXBuildFile,settings:COMPILER_FLAGS:|,,,displayName:EventEmitters.cpp,fileRef:displayName:|,includeInIndex:|,isa:|,lastKnownFileType:|,path:|,sourceTree:|,,isa:PBXBuildFile,settings:COMPILER_FLAGS:|,,,displayName:Props.cpp,fileRef:displayName:|,includeInIndex:|,isa:|,lastKnownFileType:|,path:|,sourceTree:|,,isa:PBXBuildFile,settings:COMPILER_FLAGS:|,,,displayName:ShadowNodes.cpp,fileRef:displayName:|,includeInIndex:|,isa:|,lastKnownFileType:|,path:|,sourceTree:|,,isa:PBXBuildFile,settings:COMPILER_FLAGS:|,,,displayName:States.cpp,fileRef:displayName:|,includeInIndex:|,isa:|,lastKnownFileType:|,path:|,sourceTree:|,,isa:PBXBuildFile,settings:COMPILER_FLAGS:|,,,displayName:ComponentDescriptors.cpp,fileRef:displayName:|,includeInIndex:|,isa:|,lastKnownFileType:|,path:|,sourceTree:|,,isa:PBXBuildFile,settings:COMPILER_FLAGS:|,,,displayName:EventEmitters.cpp,fileRef:displayName:|,includeInIndex:|,isa:|,lastKnownFileType:|,path:|,sourceTree:|,,isa:PBXBuildFile,settings:COMPILER_FLAGS:|,,,displayName:Props.cpp,fileRef:displayName:|,includeInIndex:|,isa:|,lastKnownFileType:|,path:|,sourceTree:|,,isa:PBXBuildFile,settings:COMPILER_FLAGS:|,,,displayName:ShadowNodes.cpp,fileRef:displayName:|,includeInIndex:|,isa:|,lastKnownFileType:|,path:|,sourceTree:|,,isa:PBXBuildFile,settings:COMPILER_FLAGS:|,,,displayName:States.cpp,fileRef:displayName:|,includeInIndex:|,isa:|,lastKnownFileType:|,path:|,sourceTree:|,,isa:PBXBuildFile,settings:COMPILER_FLAGS:|,,,displayName:ComponentDescriptors.cpp,fileRef:displayName:|,includeInIndex:|,isa:|,lastKnownFileType:|,path:|,sourceTree:|,,isa:PBXBuildFile,settings:COMPILER_FLAGS:|,,,displayName:EventEmitters.cpp,fileRef:displayName:|,includeInIndex:|,isa:|,lastKnownFileType:|,path:|,sourceTree:|,,isa:PBXBuildFile,settings:COMPILER_FLAGS:|,,,displayName:Props.cpp,fileRef:displayName:|,includeInIndex:|,isa:|,lastKnownFileType:|,path:|,sourceTree:|,,isa:PBXBuildFile,settings:COMPILER_FLAGS:|,,,displayName:ShadowNodes.cpp,fileRef:displayName:|,includeInIndex:|,isa:|,lastKnownFileType:|,path:|,sourceTree:|,,isa:PBXBuildFile,settings:COMPILER_FLAGS:|,,,displayName:States.cpp,fileRef:displayName:|,includeInIndex:|,isa:|,lastKnownFileType:|,path:|,sourceTree:|,,isa:PBXBuildFile,settings:COMPILER_FLAGS:|,,,displayName:ComponentDescriptors.cpp,fileRef:displayName:|,includeInIndex:|,isa:|,lastKnownFileType:|,path:|,sourceTree:|,,isa:PBXBuildFile,settings:COMPILER_FLAGS:|,,,displayName:EventEmitters.cpp,fileRef:displayName:|,includeInIndex:|,isa:|,lastKnownFileType:|,path:|,sourceTree:|,,isa:PBXBuildFile,settings:COMPILER_FLAGS:|,,,displayName:Props.cpp,fileRef:displayName:|,includeInIndex:|,isa:|,lastKnownFileType:|,path:|,sourceTree:|,,isa:PBXBuildFile,settings:COMPILER_FLAGS:|,,,displayName:ShadowNodes.cpp,fileRef:displayName:|,includeInIndex:|,isa:|,lastKnownFileType:|,path:|,sourceTree:|,,isa:PBXBuildFile,settings:COMPILER_FLAGS:|,,,displayName:States.cpp,fileRef:displayName:|,includeInIndex:|,isa:|,lastKnownFileType:|,path:|,sourceTree:|,,isa:PBXBuildFile,settings:COMPILER_FLAGS:|,,,displayName:rnasyncstorage-generated.mm,fileRef:displayName:|,includeInIndex:|,isa:|,path:|,sourceTree:|,,isa:PBXBuildFile,settings:COMPILER_FLAGS:|,,,displayName:rnasyncstorageJSI-generated.cpp,fileRef:displayName:|,includeInIndex:|,isa:|,lastKnownFileType:|,path:|,sourceTree:|,,isa:PBXBuildFile,settings:COMPILER_FLAGS:|,,,displayName:RNCConfigModule-generated.mm,fileRef:displayName:|,includeInIndex:|,isa:|,path:|,sourceTree:|,,isa:PBXBuildFile,settings:COMPILER_FLAGS:|,,,displayName:RNCConfigModuleJSI-generated.cpp,fileRef:displayName:|,includeInIndex:|,isa:|,lastKnownFileType:|,path:|,sourceTree:|,,isa:PBXBuildFile,settings:COMPILER_FLAGS:|,,,displayName:rnclipboard-generated.mm,fileRef:displayName:|,includeInIndex:|,isa:|,path:|,sourceTree:|,,isa:PBXBuildFile,settings:COMPILER_FLAGS:|,,,displayName:rnclipboardJSI-generated.cpp,fileRef:displayName:|,includeInIndex:|,isa:|,lastKnownFileType:|,path:|,sourceTree:|,,isa:PBXBuildFile,settings:COMPILER_FLAGS:|,,,displayName:rngesturehandler_codegen-generated.mm,fileRef:displayName:|,includeInIndex:|,isa:|,path:|,sourceTree:|,,isa:PBXBuildFile,settings:COMPILER_FLAGS:|,,,displayName:rngesturehandler_codegenJSI-generated.cpp,fileRef:displayName:|,includeInIndex:|,isa:|,lastKnownFileType:|,path:|,sourceTree:|,,isa:PBXBuildFile,settings:COMPILER_FLAGS:|,,,displayName:RNGoogleSignInCGen-generated.mm,fileRef:displayName:|,includeInIndex:|,isa:|,path:|,sourceTree:|,,isa:PBXBuildFile,settings:COMPILER_FLAGS:|,,,displayName:RNGoogleSignInCGenJSI-generated.cpp,fileRef:displayName:|,includeInIndex:|,isa:|,lastKnownFileType:|,path:|,sourceTree:|,,isa:PBXBuildFile,settings:COMPILER_FLAGS:|,,,displayName:RNImagePickerSpec-generated.mm,fileRef:displayName:|,includeInIndex:|,isa:|,path:|,sourceTree:|,,isa:PBXBuildFile,settings:COMPILER_FLAGS:|,,,displayName:RNImagePickerSpecJSI-generated.cpp,fileRef:displayName:|,includeInIndex:|,isa:|,lastKnownFileType:|,path:|,sourceTree:|,,isa:PBXBuildFile,settings:COMPILER_FLAGS:|,,,displayName:rnpermissions-generated.mm,fileRef:displayName:|,includeInIndex:|,isa:|,path:|,sourceTree:|,,isa:PBXBuildFile,settings:COMPILER_FLAGS:|,,,displayName:rnpermissionsJSI-generated.cpp,fileRef:displayName:|,includeInIndex:|,isa:|,lastKnownFileType:|,path:|,sourceTree:|,,isa:PBXBuildFile,settings:COMPILER_FLAGS:|,,,displayName:rnreanimated-generated.mm,fileRef:displayName:|,includeInIndex:|,isa:|,path:|,sourceTree:|,,isa:PBXBuildFile,settings:COMPILER_FLAGS:|,,,displayName:rnreanimatedJSI-generated.cpp,fileRef:displayName:|,includeInIndex:|,isa:|,lastKnownFileType:|,path:|,sourceTree:|,,isa:PBXBuildFile,settings:COMPILER_FLAGS:|,,,displayName:rnscreens-generated.mm,fileRef:displayName:|,includeInIndex:|,isa:|,path:|,sourceTree:|,,isa:PBXBuildFile,settings:COMPILER_FLAGS:|,,,displayName:rnscreensJSI-generated.cpp,fileRef:displayName:|,includeInIndex:|,isa:|,lastKnownFileType:|,path:|,sourceTree:|,,isa:PBXBuildFile,settings:COMPILER_FLAGS:|,,,displayName:rnsvg-generated.mm,fileRef:displayName:|,includeInIndex:|,isa:|,path:|,sourceTree:|,,isa:PBXBuildFile,settings:COMPILER_FLAGS:|,,,displayName:rnsvgJSI-generated.cpp,fileRef:displayName:|,includeInIndex:|,isa:|,lastKnownFileType:|,path:|,sourceTree:|,,isa:PBXBuildFile,settings:COMPILER_FLAGS:|,,,displayName:RNVectorIconsSpec-generated.mm,fileRef:displayName:|,includeInIndex:|,isa:|,path:|,sourceTree:|,,isa:PBXBuildFile,settings:COMPILER_FLAGS:|,,,displayName:RNVectorIconsSpecJSI-generated.cpp,fileRef:displayName:|,includeInIndex:|,isa:|,lastKnownFileType:|,path:|,sourceTree:|,,isa:PBXBuildFile,settings:COMPILER_FLAGS:|,,,displayName:safeareacontext-generated.mm,fileRef:displayName:|,includeInIndex:|,isa:|,path:|,sourceTree:|,,isa:PBXBuildFile,settings:COMPILER_FLAGS:|,,,displayName:safeareacontextJSI-generated.cpp,fileRef:displayName:|,includeInIndex:|,isa:|,lastKnownFileType:|,path:|,sourceTree:|,,isa:PBXBuildFile,settings:COMPILER_FLAGS:|,,,displayName:React-Codegen-dummy.m,fileRef:displayName:|,includeInIndex:|,isa:|,lastKnownFileType:|,path:|,sourceTree:|,,isa:PBXBuildFile,,isa:PBXSourcesBuildPhase,runOnlyForDeploymentPostprocessing:0,/files/displayName:ComponentDescriptors.cpp,fileRef:displayName:ComponentDescriptors.cpp,includeInIndex:1,isa:PBXFileReference,lastKnownFileType:sourcecode.cpp.cpp,path:ComponentDescriptors.cpp,sourceTree:<group>,,isa:PBXBuildFile,settings:COMPILER_FLAGS:-DFOLLY_NO_CONFIG -DFOLLY_MOBILE=1 -DFOLLY_USE_LIBCPP=1 -DFOLLY_CFG_NO_COROUTINES=1 -DFOLLY_HAVE_CLOCK_GETTIME=1 -Wno-comma -Wno-shorten-64-to-32 -Wno-documentation -Wno-nullability-completeness -std=c++20,,
PBXBuildFile -- Pods.xcodeproj/targets/buildConfigurationList:buildConfigurations:baseConfigurationReference:|,buildSettings:|,displayName:|,isa:|,name:|,,baseConfigurationReference:|,buildSettings:|,displayName:|,isa:|,name:|,,defaultConfigurationIsVisible:0,defaultConfigurationName:Release,displayName:ConfigurationList,isa:XCConfigurationList,,buildPhases:buildActionMask:2147483647,displayName:Headers,files:|,|,|,|,|,|,|,|,|,|,|,|,|,|,|,|,|,|,|,|,|,|,|,|,|,|,|,|,isa:PBXHeadersBuildPhase,runOnlyForDeploymentPostprocessing:0,,buildActionMask:2147483647,displayName:Sources,files:|,|,|,|,|,|,|,|,|,|,|,|,|,|,|,|,|,|,|,|,|,|,|,isa:PBXSourcesBuildPhase,runOnlyForDeploymentPostprocessing:0,,buildActionMask:2147483647,displayName:Frameworks,files:|,isa:PBXFrameworksBuildPhase,runOnlyForDeploymentPostprocessing:0,,buildActionMask:2147483647,displayName:Resources,files:,isa:PBXResourcesBuildPhase,runOnlyForDeploymentPostprocessing:0,,buildRules:,dependencies:displayName:React-Core,isa:PBXTargetDependency,targetProxy:containerPortal:|,displayName:|,isa:|,proxyType:|,remoteGlobalIDString:|,remoteInfo:|,,,displayName:RCT-Folly,isa:PBXTargetDependency,targetProxy:containerPortal:|,displayName:|,isa:|,proxyType:|,remoteGlobalIDString:|,remoteInfo:|,,,displayName:glog,isa:PBXTargetDependency,targetProxy:containerPortal:|,displayName:|,isa:|,proxyType:|,remoteGlobalIDString:|,remoteInfo:|,,,displayName:React-RCTFabric,isa:PBXTargetDependency,targetProxy:containerPortal:|,displayName:|,isa:|,proxyType:|,remoteGlobalIDString:|,remoteInfo:|,,,displayName:React-Codegen,isa:PBXTargetDependency,targetProxy:containerPortal:|,displayName:|,isa:|,proxyType:|,remoteGlobalIDString:|,remoteInfo:|,,,displayName:RCTRequired,isa:PBXTargetDependency,targetProxy:containerPortal:|,displayName:|,isa:|,proxyType:|,remoteGlobalIDString:|,remoteInfo:|,,,displayName:RCTTypeSafety,isa:PBXTargetDependency,targetProxy:containerPortal:|,displayName:|,isa:|,proxyType:|,remoteGlobalIDString:|,remoteInfo:|,,,displayName:ReactCommon,isa:PBXTargetDependency,targetProxy:containerPortal:|,displayName:|,isa:|,proxyType:|,remoteGlobalIDString:|,remoteInfo:|,,,displayName:React-NativeModulesApple,isa:PBXTargetDependency,targetProxy:containerPortal:|,displayName:|,isa:|,proxyType:|,remoteGlobalIDString:|,remoteInfo:|,,,displayName:Yoga,isa:PBXTargetDependency,targetProxy:containerPortal:|,displayName:|,isa:|,proxyType:|,remoteGlobalIDString:|,remoteInfo:|,,,displayName:React-Fabric,isa:PBXTargetDependency,targetProxy:containerPortal:|,displayName:|,isa:|,proxyType:|,remoteGlobalIDString:|,remoteInfo:|,,,displayName:React-graphics,isa:PBXTargetDependency,targetProxy:containerPortal:|,displayName:|,isa:|,proxyType:|,remoteGlobalIDString:|,remoteInfo:|,,,displayName:React-utils,isa:PBXTargetDependency,targetProxy:containerPortal:|,displayName:|,isa:|,proxyType:|,remoteGlobalIDString:|,remoteInfo:|,,,displayName:React-featureflags,isa:PBXTargetDependency,targetProxy:containerPortal:|,displayName:|,isa:|,proxyType:|,remoteGlobalIDString:|,remoteInfo:|,,,displayName:React-debug,isa:PBXTargetDependency,targetProxy:containerPortal:|,displayName:|,isa:|,proxyType:|,remoteGlobalIDString:|,remoteInfo:|,,,displayName:React-ImageManager,isa:PBXTargetDependency,targetProxy:containerPortal:|,displayName:|,isa:|,proxyType:|,remoteGlobalIDString:|,remoteInfo:|,,,displayName:React-rendererdebug,isa:PBXTargetDependency,targetProxy:containerPortal:|,displayName:|,isa:|,proxyType:|,remoteGlobalIDString:|,remoteInfo:|,,,displayName:DoubleConversion,isa:PBXTargetDependency,targetProxy:containerPortal:|,displayName:|,isa:|,proxyType:|,remoteGlobalIDString:|,remoteInfo:|,,,displayName:React-jsi,isa:PBXTargetDependency,targetProxy:containerPortal:|,displayName:|,isa:|,proxyType:|,remoteGlobalIDString:|,remoteInfo:|,,,displayName:RNGestureHandler,fileSystemSynchronizedGroups:,isa:PBXNativeTarget,name:RNGestureHandler,packageProductDependencies:,productName:RNGestureHandler,productReference:displayName:RNGestureHandler,explicitFileType:wrapper.framework,includeInIndex:0,isa:PBXFileReference,name:RNGestureHandler,path:RNGestureHandler.framework,sourceTree:BUILT_PRODUCTS_DIR,,productType:com.apple.product-type.framework,/dependencies/displayName:React-RCTFabric,isa:PBXTargetDependency,targetProxy:containerPortal:46EB2E00000000,displayName:ContainerItemProxy,isa:PBXContainerItemProxy,proxyType:1,remoteGlobalIDString:46EB2E00020EA0,remoteInfo:React-RCTFabric,,/target/dependencies/displayName:React-RCTImage,isa:PBXTargetDependency,targetProxy:containerPortal:46EB2E00000000,displayName:ContainerItemProxy,isa:PBXContainerItemProxy,proxyType:1,remoteGlobalIDString:46EB2E000215E0,remoteInfo:React-RCTImage,,/target/dependencies/displayName:React-RCTNetwork,isa:PBXTargetDependency,targetProxy:containerPortal:46EB2E00000000,displayName:ContainerItemProxy,isa:PBXContainerItemProxy,proxyType:1,remoteGlobalIDString:46EB2E000219A0,remoteInfo:React-RCTNetwork,,/target/dependencies/displayName:React-Codegen,isa:PBXTargetDependency,targetProxy:containerPortal:46EB2E00000000,displayName:ContainerItemProxy,isa:PBXContainerItemProxy,proxyType:1,remoteGlobalIDString:46EB2E0001AAC0,remoteInfo:React-Codegen,,/target/buildPhases/buildActionMask:2147483647,displayName:Sources,files:displayName:FBReactNativeSpec-generated.mm,fileRef:displayName:|,includeInIndex:|,isa:|,path:|,sourceTree:|,,isa:PBXBuildFile,settings:COMPILER_FLAGS:|,,,displayName:FBReactNativeSpecJSI-generated.cpp,fileRef:displayName:|,includeInIndex:|,isa:|,lastKnownFileType:|,path:|,sourceTree:|,,isa:PBXBuildFile,settings:COMPILER_FLAGS:|,,,displayName:RCTModulesConformingToProtocolsProvider.mm,fileRef:displayName:|,includeInIndex:|,isa:|,path:|,sourceTree:|,,isa:PBXBuildFile,settings:COMPILER_FLAGS:|,,,displayName:ComponentDescriptors.cpp,fileRef:displayName:|,includeInIndex:|,isa:|,lastKnownFileType:|,path:|,sourceTree:|,,isa:PBXBuildFile,settings:COMPILER_FLAGS:|,,,displayName:EventEmitters.cpp,fileRef:displayName:|,includeInIndex:|,isa:|,lastKnownFileType:|,path:|,sourceTree:|,,isa:PBXBuildFile,settings:COMPILER_FLAGS:|,,,displayName:Props.cpp,fileRef:displayName:|,includeInIndex:|,isa:|,lastKnownFileType:|,path:|,sourceTree:|,,isa:PBXBuildFile,settings:COMPILER_FLAGS:|,,,displayName:ShadowNodes.cpp,fileRef:displayName:|,includeInIndex:|,isa:|,lastKnownFileType:|,path:|,sourceTree:|,,isa:PBXBuildFile,settings:COMPILER_FLAGS:|,,,displayName:States.cpp,fileRef:displayName:|,includeInIndex:|,isa:|,lastKnownFileType:|,path:|,sourceTree:|,,isa:PBXBuildFile,settings:COMPILER_FLAGS:|,,,displayName:ComponentDescriptors.cpp,fileRef:displayName:|,includeInIndex:|,isa:|,lastKnownFileType:|,path:|,sourceTree:|,,isa:PBXBuildFile,settings:COMPILER_FLAGS:|,,,displayName:EventEmitters.cpp,fileRef:displayName:|,includeInIndex:|,isa:|,lastKnownFileType:|,path:|,sourceTree:|,,isa:PBXBuildFile,settings:COMPILER_FLAGS:|,,,displayName:Props.cpp,fileRef:displayName:|,includeInIndex:|,isa:|,lastKnownFileType:|,path:|,sourceTree:|,,isa:PBXBuildFile,settings:COMPILER_FLAGS:|,,,displayName:ShadowNodes.cpp,fileRef:displayName:|,includeInIndex:|,isa:|,lastKnownFileType:|,path:|,sourceTree:|,,isa:PBXBuildFile,settings:COMPILER_FLAGS:|,,,displayName:States.cpp,fileRef:displayName:|,includeInIndex:|,isa:|,lastKnownFileType:|,path:|,sourceTree:|,,isa:PBXBuildFile,settings:COMPILER_FLAGS:|,,,displayName:ComponentDescriptors.cpp,fileRef:displayName:|,includeInIndex:|,isa:|,lastKnownFileType:|,path:|,sourceTree:|,,isa:PBXBuildFile,settings:COMPILER_FLAGS:|,,,displayName:EventEmitters.cpp,fileRef:displayName:|,includeInIndex:|,isa:|,lastKnownFileType:|,path:|,sourceTree:|,,isa:PBXBuildFile,settings:COMPILER_FLAGS:|,,,displayName:Props.cpp,fileRef:displayName:|,includeInIndex:|,isa:|,lastKnownFileType:|,path:|,sourceTree:|,,isa:PBXBuildFile,settings:COMPILER_FLAGS:|,,,displayName:ShadowNodes.cpp,fileRef:displayName:|,includeInIndex:|,isa:|,lastKnownFileType:|,path:|,sourceTree:|,,isa:PBXBuildFile,settings:COMPILER_FLAGS:|,,,displayName:States.cpp,fileRef:displayName:|,includeInIndex:|,isa:|,lastKnownFileType:|,path:|,sourceTree:|,,isa:PBXBuildFile,settings:COMPILER_FLAGS:|,,,displayName:ComponentDescriptors.cpp,fileRef:displayName:|,includeInIndex:|,isa:|,lastKnownFileType:|,path:|,sourceTree:|,,isa:PBXBuildFile,settings:COMPILER_FLAGS:|,,,displayName:EventEmitters.cpp,fileRef:displayName:|,includeInIndex:|,isa:|,lastKnownFileType:|,path:|,sourceTree:|,,isa:PBXBuildFile,settings:COMPILER_FLAGS:|,,,displayName:Props.cpp,fileRef:displayName:|,includeInIndex:|,isa:|,lastKnownFileType:|,path:|,sourceTree:|,,isa:PBXBuildFile,settings:COMPILER_FLAGS:|,,,displayName:ShadowNodes.cpp,fileRef:displayName:|,includeInIndex:|,isa:|,lastKnownFileType:|,path:|,sourceTree:|,,isa:PBXBuildFile,settings:COMPILER_FLAGS:|,,,displayName:States.cpp,fileRef:displayName:|,includeInIndex:|,isa:|,lastKnownFileType:|,path:|,sourceTree:|,,isa:PBXBuildFile,settings:COMPILER_FLAGS:|,,,displayName:ComponentDescriptors.cpp,fileRef:displayName:|,includeInIndex:|,isa:|,lastKnownFileType:|,path:|,sourceTree:|,,isa:PBXBuildFile,settings:COMPILER_FLAGS:|,,,displayName:EventEmitters.cpp,fileRef:displayName:|,includeInIndex:|,isa:|,lastKnownFileType:|,path:|,sourceTree:|,,isa:PBXBuildFile,settings:COMPILER_FLAGS:|,,,displayName:Props.cpp,fileRef:displayName:|,includeInIndex:|,isa:|,lastKnownFileType:|,path:|,sourceTree:|,,isa:PBXBuildFile,settings:COMPILER_FLAGS:|,,,displayName:ShadowNodes.cpp,fileRef:displayName:|,includeInIndex:|,isa:|,lastKnownFileType:|,path:|,sourceTree:|,,isa:PBXBuildFile,settings:COMPILER_FLAGS:|,,,displayName:States.cpp,fileRef:displayName:|,includeInIndex:|,isa:|,lastKnownFileType:|,path:|,sourceTree:|,,isa:PBXBuildFile,settings:COMPILER_FLAGS:|,,,displayName:ComponentDescriptors.cpp,fileRef:displayName:|,includeInIndex:|,isa:|,lastKnownFileType:|,path:|,sourceTree:|,,isa:PBXBuildFile,settings:COMPILER_FLAGS:|,,,displayName:EventEmitters.cpp,fileRef:displayName:|,includeInIndex:|,isa:|,lastKnownFileType:|,path:|,sourceTree:|,,isa:PBXBuildFile,settings:COMPILER_FLAGS:|,,,displayName:Props.cpp,fileRef:displayName:|,includeInIndex:|,isa:|,lastKnownFileType:|,path:|,sourceTree:|,,isa:PBXBuildFile,settings:COMPILER_FLAGS:|,,,displayName:ShadowNodes.cpp,fileRef:displayName:|,includeInIndex:|,isa:|,lastKnownFileType:|,path:|,sourceTree:|,,isa:PBXBuildFile,settings:COMPILER_FLAGS:|,,,displayName:States.cpp,fileRef:displayName:|,includeInIndex:|,isa:|,lastKnownFileType:|,path:|,sourceTree:|,,isa:PBXBuildFile,settings:COMPILER_FLAGS:|,,,displayName:rnasyncstorage-generated.mm,fileRef:displayName:|,includeInIndex:|,isa:|,path:|,sourceTree:|,,isa:PBXBuildFile,settings:COMPILER_FLAGS:|,,,displayName:rnasyncstorageJSI-generated.cpp,fileRef:displayName:|,includeInIndex:|,isa:|,lastKnownFileType:|,path:|,sourceTree:|,,isa:PBXBuildFile,settings:COMPILER_FLAGS:|,,,displayName:RNCConfigModule-generated.mm,fileRef:displayName:|,includeInIndex:|,isa:|,path:|,sourceTree:|,,isa:PBXBuildFile,settings:COMPILER_FLAGS:|,,,displayName:RNCConfigModuleJSI-generated.cpp,fileRef:displayName:|,includeInIndex:|,isa:|,lastKnownFileType:|,path:|,sourceTree:|,,isa:PBXBuildFile,settings:COMPILER_FLAGS:|,,,displayName:rnclipboard-generated.mm,fileRef:displayName:|,includeInIndex:|,isa:|,path:|,sourceTree:|,,isa:PBXBuildFile,settings:COMPILER_FLAGS:|,,,displayName:rnclipboardJSI-generated.cpp,fileRef:displayName:|,includeInIndex:|,isa:|,lastKnownFileType:|,path:|,sourceTree:|,,isa:PBXBuildFile,settings:COMPILER_FLAGS:|,,,displayName:rngesturehandler_codegen-generated.mm,fileRef:displayName:|,includeInIndex:|,isa:|,path:|,sourceTree:|,,isa:PBXBuildFile,settings:COMPILER_FLAGS:|,,,displayName:rngesturehandler_codegenJSI-generated.cpp,fileRef:displayName:|,includeInIndex:|,isa:|,lastKnownFileType:|,path:|,sourceTree:|,,isa:PBXBuildFile,settings:COMPILER_FLAGS:|,,,displayName:RNGoogleSignInCGen-generated.mm,fileRef:displayName:|,includeInIndex:|,isa:|,path:|,sourceTree:|,,isa:PBXBuildFile,settings:COMPILER_FLAGS:|,,,displayName:RNGoogleSignInCGenJSI-generated.cpp,fileRef:displayName:|,includeInIndex:|,isa:|,lastKnownFileType:|,path:|,sourceTree:|,,isa:PBXBuildFile,settings:COMPILER_FLAGS:|,,,displayName:RNImagePickerSpec-generated.mm,fileRef:displayName:|,includeInIndex:|,isa:|,path:|,sourceTree:|,,isa:PBXBuildFile,settings:COMPILER_FLAGS:|,,,displayName:RNImagePickerSpecJSI-generated.cpp,fileRef:displayName:|,includeInIndex:|,isa:|,lastKnownFileType:|,path:|,sourceTree:|,,isa:PBXBuildFile,settings:COMPILER_FLAGS:|,,,displayName:rnpermissions-generated.mm,fileRef:displayName:|,includeInIndex:|,isa:|,path:|,sourceTree:|,,isa:PBXBuildFile,settings:COMPILER_FLAGS:|,,,displayName:rnpermissionsJSI-generated.cpp,fileRef:displayName:|,includeInIndex:|,isa:|,lastKnownFileType:|,path:|,sourceTree:|,,isa:PBXBuildFile,settings:COMPILER_FLAGS:|,,,displayName:rnreanimated-generated.mm,fileRef:displayName:|,includeInIndex:|,isa:|,path:|,sourceTree:|,,isa:PBXBuildFile,settings:COMPILER_FLAGS:|,,,displayName:rnreanimatedJSI-generated.cpp,fileRef:displayName:|,includeInIndex:|,isa:|,lastKnownFileType:|,path:|,sourceTree:|,,isa:PBXBuildFile,settings:COMPILER_FLAGS:|,,,displayName:rnscreens-generated.mm,fileRef:displayName:|,includeInIndex:|,isa:|,path:|,sourceTree:|,,isa:PBXBuildFile,settings:COMPILER_FLAGS:|,,,displayName:rnscreensJSI-generated.cpp,fileRef:displayName:|,includeInIndex:|,isa:|,lastKnownFileType:|,path:|,sourceTree:|,,isa:PBXBuildFile,settings:COMPILER_FLAGS:|,,,displayName:rnsvg-generated.mm,fileRef:displayName:|,includeInIndex:|,isa:|,path:|,sourceTree:|,,isa:PBXBuildFile,settings:COMPILER_FLAGS:|,,,displayName:rnsvgJSI-generated.cpp,fileRef:displayName:|,includeInIndex:|,isa:|,lastKnownFileType:|,path:|,sourceTree:|,,isa:PBXBuildFile,settings:COMPILER_FLAGS:|,,,displayName:RNVectorIconsSpec-generated.mm,fileRef:displayName:|,includeInIndex:|,isa:|,path:|,sourceTree:|,,isa:PBXBuildFile,settings:COMPILER_FLAGS:|,,,displayName:RNVectorIconsSpecJSI-generated.cpp,fileRef:displayName:|,includeInIndex:|,isa:|,lastKnownFileType:|,path:|,sourceTree:|,,isa:PBXBuildFile,settings:COMPILER_FLAGS:|,,,displayName:safeareacontext-generated.mm,fileRef:displayName:|,includeInIndex:|,isa:|,path:|,sourceTree:|,,isa:PBXBuildFile,settings:COMPILER_FLAGS:|,,,displayName:safeareacontextJSI-generated.cpp,fileRef:displayName:|,includeInIndex:|,isa:|,lastKnownFileType:|,path:|,sourceTree:|,,isa:PBXBuildFile,settings:COMPILER_FLAGS:|,,,displayName:React-Codegen-dummy.m,fileRef:displayName:|,includeInIndex:|,isa:|,lastKnownFileType:|,path:|,sourceTree:|,,isa:PBXBuildFile,,isa:PBXSourcesBuildPhase,runOnlyForDeploymentPostprocessing:0,/files/displayName:EventEmitters.cpp,fileRef:displayName:EventEmitters.cpp,includeInIndex:1,isa:PBXFileReference,lastKnownFileType:sourcecode.cpp.cpp,path:EventEmitters.cpp,sourceTree:<group>,,isa:PBXBuildFile,settings:COMPILER_FLAGS:-DFOLLY_NO_CONFIG -DFOLLY_MOBILE=1 -DFOLLY_USE_LIBCPP=1 -DFOLLY_CFG_NO_COROUTINES=1 -DFOLLY_HAVE_CLOCK_GETTIME=1 -Wno-comma -Wno-shorten-64-to-32 -Wno-documentation -Wno-nullability-completeness -std=c++20,,
PBXBuildFile -- Pods.xcodeproj/targets/buildConfigurationList:buildConfigurations:baseConfigurationReference:|,buildSettings:|,displayName:|,isa:|,name:|,,baseConfigurationReference:|,buildSettings:|,displayName:|,isa:|,name:|,,defaultConfigurationIsVisible:0,defaultConfigurationName:Release,displayName:ConfigurationList,isa:XCConfigurationList,,buildPhases:buildActionMask:2147483647,displayName:Headers,files:|,|,|,|,|,|,|,|,|,|,|,|,|,|,|,|,|,|,|,|,|,|,|,|,|,|,|,|,isa:PBXHeadersBuildPhase,runOnlyForDeploymentPostprocessing:0,,buildActionMask:2147483647,displayName:Sources,files:|,|,|,|,|,|,|,|,|,|,|,|,|,|,|,|,|,|,|,|,|,|,|,isa:PBXSourcesBuildPhase,runOnlyForDeploymentPostprocessing:0,,buildActionMask:2147483647,displayName:Frameworks,files:|,isa:PBXFrameworksBuildPhase,runOnlyForDeploymentPostprocessing:0,,buildActionMask:2147483647,displayName:Resources,files:,isa:PBXResourcesBuildPhase,runOnlyForDeploymentPostprocessing:0,,buildRules:,dependencies:displayName:React-Core,isa:PBXTargetDependency,targetProxy:containerPortal:|,displayName:|,isa:|,proxyType:|,remoteGlobalIDString:|,remoteInfo:|,,,displayName:RCT-Folly,isa:PBXTargetDependency,targetProxy:containerPortal:|,displayName:|,isa:|,proxyType:|,remoteGlobalIDString:|,remoteInfo:|,,,displayName:glog,isa:PBXTargetDependency,targetProxy:containerPortal:|,displayName:|,isa:|,proxyType:|,remoteGlobalIDString:|,remoteInfo:|,,,displayName:React-RCTFabric,isa:PBXTargetDependency,targetProxy:containerPortal:|,displayName:|,isa:|,proxyType:|,remoteGlobalIDString:|,remoteInfo:|,,,displayName:React-Codegen,isa:PBXTargetDependency,targetProxy:containerPortal:|,displayName:|,isa:|,proxyType:|,remoteGlobalIDString:|,remoteInfo:|,,,displayName:RCTRequired,isa:PBXTargetDependency,targetProxy:containerPortal:|,displayName:|,isa:|,proxyType:|,remoteGlobalIDString:|,remoteInfo:|,,,displayName:RCTTypeSafety,isa:PBXTargetDependency,targetProxy:containerPortal:|,displayName:|,isa:|,proxyType:|,remoteGlobalIDString:|,remoteInfo:|,,,displayName:ReactCommon,isa:PBXTargetDependency,targetProxy:containerPortal:|,displayName:|,isa:|,proxyType:|,remoteGlobalIDString:|,remoteInfo:|,,,displayName:React-NativeModulesApple,isa:PBXTargetDependency,targetProxy:containerPortal:|,displayName:|,isa:|,proxyType:|,remoteGlobalIDString:|,remoteInfo:|,,,displayName:Yoga,isa:PBXTargetDependency,targetProxy:containerPortal:|,displayName:|,isa:|,proxyType:|,remoteGlobalIDString:|,remoteInfo:|,,,displayName:React-Fabric,isa:PBXTargetDependency,targetProxy:containerPortal:|,displayName:|,isa:|,proxyType:|,remoteGlobalIDString:|,remoteInfo:|,,,displayName:React-graphics,isa:PBXTargetDependency,targetProxy:containerPortal:|,displayName:|,isa:|,proxyType:|,remoteGlobalIDString:|,remoteInfo:|,,,displayName:React-utils,isa:PBXTargetDependency,targetProxy:containerPortal:|,displayName:|,isa:|,proxyType:|,remoteGlobalIDString:|,remoteInfo:|,,,displayName:React-featureflags,isa:PBXTargetDependency,targetProxy:containerPortal:|,displayName:|,isa:|,proxyType:|,remoteGlobalIDString:|,remoteInfo:|,,,displayName:React-debug,isa:PBXTargetDependency,targetProxy:containerPortal:|,displayName:|,isa:|,proxyType:|,remoteGlobalIDString:|,remoteInfo:|,,,displayName:React-ImageManager,isa:PBXTargetDependency,targetProxy:containerPortal:|,displayName:|,isa:|,proxyType:|,remoteGlobalIDString:|,remoteInfo:|,,,displayName:React-rendererdebug,isa:PBXTargetDependency,targetProxy:containerPortal:|,displayName:|,isa:|,proxyType:|,remoteGlobalIDString:|,remoteInfo:|,,,displayName:DoubleConversion,isa:PBXTargetDependency,targetProxy:containerPortal:|,displayName:|,isa:|,proxyType:|,remoteGlobalIDString:|,remoteInfo:|,,,displayName:React-jsi,isa:PBXTargetDependency,targetProxy:containerPortal:|,displayName:|,isa:|,proxyType:|,remoteGlobalIDString:|,remoteInfo:|,,,displayName:RNGestureHandler,fileSystemSynchronizedGroups:,isa:PBXNativeTarget,name:RNGestureHandler,packageProductDependencies:,productName:RNGestureHandler,productReference:displayName:RNGestureHandler,explicitFileType:wrapper.framework,includeInIndex:0,isa:PBXFileReference,name:RNGestureHandler,path:RNGestureHandler.framework,sourceTree:BUILT_PRODUCTS_DIR,,productType:com.apple.product-type.framework,/dependencies/displayName:React-RCTFabric,isa:PBXTargetDependency,targetProxy:containerPortal:46EB2E00000000,displayName:ContainerItemProxy,isa:PBXContainerItemProxy,proxyType:1,remoteGlobalIDString:46EB2E00020EA0,remoteInfo:React-RCTFabric,,/target/dependencies/displayName:React-RCTImage,isa:PBXTargetDependency,targetProxy:containerPortal:46EB2E00000000,displayName:ContainerItemProxy,isa:PBXContainerItemProxy,proxyType:1,remoteGlobalIDString:46EB2E000215E0,remoteInfo:React-RCTImage,,/target/dependencies/displayName:React-RCTNetwork,isa:PBXTargetDependency,targetProxy:containerPortal:46EB2E00000000,displayName:ContainerItemProxy,isa:PBXContainerItemProxy,proxyType:1,remoteGlobalIDString:46EB2E000219A0,remoteInfo:React-RCTNetwork,,/target/dependencies/displayName:React-Codegen,isa:PBXTargetDependency,targetProxy:containerPortal:46EB2E00000000,displayName:ContainerItemProxy,isa:PBXContainerItemProxy,proxyType:1,remoteGlobalIDString:46EB2E0001AAC0,remoteInfo:React-Codegen,,/target/buildPhases/buildActionMask:2147483647,displayName:Sources,files:displayName:FBReactNativeSpec-generated.mm,fileRef:displayName:|,includeInIndex:|,isa:|,path:|,sourceTree:|,,isa:PBXBuildFile,settings:COMPILER_FLAGS:|,,,displayName:FBReactNativeSpecJSI-generated.cpp,fileRef:displayName:|,includeInIndex:|,isa:|,lastKnownFileType:|,path:|,sourceTree:|,,isa:PBXBuildFile,settings:COMPILER_FLAGS:|,,,displayName:RCTModulesConformingToProtocolsProvider.mm,fileRef:displayName:|,includeInIndex:|,isa:|,path:|,sourceTree:|,,isa:PBXBuildFile,settings:COMPILER_FLAGS:|,,,displayName:ComponentDescriptors.cpp,fileRef:displayName:|,includeInIndex:|,isa:|,lastKnownFileType:|,path:|,sourceTree:|,,isa:PBXBuildFile,settings:COMPILER_FLAGS:|,,,displayName:EventEmitters.cpp,fileRef:displayName:|,includeInIndex:|,isa:|,lastKnownFileType:|,path:|,sourceTree:|,,isa:PBXBuildFile,settings:COMPILER_FLAGS:|,,,displayName:Props.cpp,fileRef:displayName:|,includeInIndex:|,isa:|,lastKnownFileType:|,path:|,sourceTree:|,,isa:PBXBuildFile,settings:COMPILER_FLAGS:|,,,displayName:ShadowNodes.cpp,fileRef:displayName:|,includeInIndex:|,isa:|,lastKnownFileType:|,path:|,sourceTree:|,,isa:PBXBuildFile,settings:COMPILER_FLAGS:|,,,displayName:States.cpp,fileRef:displayName:|,includeInIndex:|,isa:|,lastKnownFileType:|,path:|,sourceTree:|,,isa:PBXBuildFile,settings:COMPILER_FLAGS:|,,,displayName:ComponentDescriptors.cpp,fileRef:displayName:|,includeInIndex:|,isa:|,lastKnownFileType:|,path:|,sourceTree:|,,isa:PBXBuildFile,settings:COMPILER_FLAGS:|,,,displayName:EventEmitters.cpp,fileRef:displayName:|,includeInIndex:|,isa:|,lastKnownFileType:|,path:|,sourceTree:|,,isa:PBXBuildFile,settings:COMPILER_FLAGS:|,,,displayName:Props.cpp,fileRef:displayName:|,includeInIndex:|,isa:|,lastKnownFileType:|,path:|,sourceTree:|,,isa:PBXBuildFile,settings:COMPILER_FLAGS:|,,,displayName:ShadowNodes.cpp,fileRef:displayName:|,includeInIndex:|,isa:|,lastKnownFileType:|,path:|,sourceTree:|,,isa:PBXBuildFile,settings:COMPILER_FLAGS:|,,,displayName:States.cpp,fileRef:displayName:|,includeInIndex:|,isa:|,lastKnownFileType:|,path:|,sourceTree:|,,isa:PBXBuildFile,settings:COMPILER_FLAGS:|,,,displayName:ComponentDescriptors.cpp,fileRef:displayName:|,includeInIndex:|,isa:|,lastKnownFileType:|,path:|,sourceTree:|,,isa:PBXBuildFile,settings:COMPILER_FLAGS:|,,,displayName:EventEmitters.cpp,fileRef:displayName:|,includeInIndex:|,isa:|,lastKnownFileType:|,path:|,sourceTree:|,,isa:PBXBuildFile,settings:COMPILER_FLAGS:|,,,displayName:Props.cpp,fileRef:displayName:|,includeInIndex:|,isa:|,lastKnownFileType:|,path:|,sourceTree:|,,isa:PBXBuildFile,settings:COMPILER_FLAGS:|,,,displayName:ShadowNodes.cpp,fileRef:displayName:|,includeInIndex:|,isa:|,lastKnownFileType:|,path:|,sourceTree:|,,isa:PBXBuildFile,settings:COMPILER_FLAGS:|,,,displayName:States.cpp,fileRef:displayName:|,includeInIndex:|,isa:|,lastKnownFileType:|,path:|,sourceTree:|,,isa:PBXBuildFile,settings:COMPILER_FLAGS:|,,,displayName:ComponentDescriptors.cpp,fileRef:displayName:|,includeInIndex:|,isa:|,lastKnownFileType:|,path:|,sourceTree:|,,isa:PBXBuildFile,settings:COMPILER_FLAGS:|,,,displayName:EventEmitters.cpp,fileRef:displayName:|,includeInIndex:|,isa:|,lastKnownFileType:|,path:|,sourceTree:|,,isa:PBXBuildFile,settings:COMPILER_FLAGS:|,,,displayName:Props.cpp,fileRef:displayName:|,includeInIndex:|,isa:|,lastKnownFileType:|,path:|,sourceTree:|,,isa:PBXBuildFile,settings:COMPILER_FLAGS:|,,,displayName:ShadowNodes.cpp,fileRef:displayName:|,includeInIndex:|,isa:|,lastKnownFileType:|,path:|,sourceTree:|,,isa:PBXBuildFile,settings:COMPILER_FLAGS:|,,,displayName:States.cpp,fileRef:displayName:|,includeInIndex:|,isa:|,lastKnownFileType:|,path:|,sourceTree:|,,isa:PBXBuildFile,settings:COMPILER_FLAGS:|,,,displayName:ComponentDescriptors.cpp,fileRef:displayName:|,includeInIndex:|,isa:|,lastKnownFileType:|,path:|,sourceTree:|,,isa:PBXBuildFile,settings:COMPILER_FLAGS:|,,,displayName:EventEmitters.cpp,fileRef:displayName:|,includeInIndex:|,isa:|,lastKnownFileType:|,path:|,sourceTree:|,,isa:PBXBuildFile,settings:COMPILER_FLAGS:|,,,displayName:Props.cpp,fileRef:displayName:|,includeInIndex:|,isa:|,lastKnownFileType:|,path:|,sourceTree:|,,isa:PBXBuildFile,settings:COMPILER_FLAGS:|,,,displayName:ShadowNodes.cpp,fileRef:displayName:|,includeInIndex:|,isa:|,lastKnownFileType:|,path:|,sourceTree:|,,isa:PBXBuildFile,settings:COMPILER_FLAGS:|,,,displayName:States.cpp,fileRef:displayName:|,includeInIndex:|,isa:|,lastKnownFileType:|,path:|,sourceTree:|,,isa:PBXBuildFile,settings:COMPILER_FLAGS:|,,,displayName:ComponentDescriptors.cpp,fileRef:displayName:|,includeInIndex:|,isa:|,lastKnownFileType:|,path:|,sourceTree:|,,isa:PBXBuildFile,settings:COMPILER_FLAGS:|,,,displayName:EventEmitters.cpp,fileRef:displayName:|,includeInIndex:|,isa:|,lastKnownFileType:|,path:|,sourceTree:|,,isa:PBXBuildFile,settings:COMPILER_FLAGS:|,,,displayName:Props.cpp,fileRef:displayName:|,includeInIndex:|,isa:|,lastKnownFileType:|,path:|,sourceTree:|,,isa:PBXBuildFile,settings:COMPILER_FLAGS:|,,,displayName:ShadowNodes.cpp,fileRef:displayName:|,includeInIndex:|,isa:|,lastKnownFileType:|,path:|,sourceTree:|,,isa:PBXBuildFile,settings:COMPILER_FLAGS:|,,,displayName:States.cpp,fileRef:displayName:|,includeInIndex:|,isa:|,lastKnownFileType:|,path:|,sourceTree:|,,isa:PBXBuildFile,settings:COMPILER_FLAGS:|,,,displayName:rnasyncstorage-generated.mm,fileRef:displayName:|,includeInIndex:|,isa:|,path:|,sourceTree:|,,isa:PBXBuildFile,settings:COMPILER_FLAGS:|,,,displayName:rnasyncstorageJSI-generated.cpp,fileRef:displayName:|,includeInIndex:|,isa:|,lastKnownFileType:|,path:|,sourceTree:|,,isa:PBXBuildFile,settings:COMPILER_FLAGS:|,,,displayName:RNCConfigModule-generated.mm,fileRef:displayName:|,includeInIndex:|,isa:|,path:|,sourceTree:|,,isa:PBXBuildFile,settings:COMPILER_FLAGS:|,,,displayName:RNCConfigModuleJSI-generated.cpp,fileRef:displayName:|,includeInIndex:|,isa:|,lastKnownFileType:|,path:|,sourceTree:|,,isa:PBXBuildFile,settings:COMPILER_FLAGS:|,,,displayName:rnclipboard-generated.mm,fileRef:displayName:|,includeInIndex:|,isa:|,path:|,sourceTree:|,,isa:PBXBuildFile,settings:COMPILER_FLAGS:|,,,displayName:rnclipboardJSI-generated.cpp,fileRef:displayName:|,includeInIndex:|,isa:|,lastKnownFileType:|,path:|,sourceTree:|,,isa:PBXBuildFile,settings:COMPILER_FLAGS:|,,,displayName:rngesturehandler_codegen-generated.mm,fileRef:displayName:|,includeInIndex:|,isa:|,path:|,sourceTree:|,,isa:PBXBuildFile,settings:COMPILER_FLAGS:|,,,displayName:rngesturehandler_codegenJSI-generated.cpp,fileRef:displayName:|,includeInIndex:|,isa:|,lastKnownFileType:|,path:|,sourceTree:|,,isa:PBXBuildFile,settings:COMPILER_FLAGS:|,,,displayName:RNGoogleSignInCGen-generated.mm,fileRef:displayName:|,includeInIndex:|,isa:|,path:|,sourceTree:|,,isa:PBXBuildFile,settings:COMPILER_FLAGS:|,,,displayName:RNGoogleSignInCGenJSI-generated.cpp,fileRef:displayName:|,includeInIndex:|,isa:|,lastKnownFileType:|,path:|,sourceTree:|,,isa:PBXBuildFile,settings:COMPILER_FLAGS:|,,,displayName:RNImagePickerSpec-generated.mm,fileRef:displayName:|,includeInIndex:|,isa:|,path:|,sourceTree:|,,isa:PBXBuildFile,settings:COMPILER_FLAGS:|,,,displayName:RNImagePickerSpecJSI-generated.cpp,fileRef:displayName:|,includeInIndex:|,isa:|,lastKnownFileType:|,path:|,sourceTree:|,,isa:PBXBuildFile,settings:COMPILER_FLAGS:|,,,displayName:rnpermissions-generated.mm,fileRef:displayName:|,includeInIndex:|,isa:|,path:|,sourceTree:|,,isa:PBXBuildFile,settings:COMPILER_FLAGS:|,,,displayName:rnpermissionsJSI-generated.cpp,fileRef:displayName:|,includeInIndex:|,isa:|,lastKnownFileType:|,path:|,sourceTree:|,,isa:PBXBuildFile,settings:COMPILER_FLAGS:|,,,displayName:rnreanimated-generated.mm,fileRef:displayName:|,includeInIndex:|,isa:|,path:|,sourceTree:|,,isa:PBXBuildFile,settings:COMPILER_FLAGS:|,,,displayName:rnreanimatedJSI-generated.cpp,fileRef:displayName:|,includeInIndex:|,isa:|,lastKnownFileType:|,path:|,sourceTree:|,,isa:PBXBuildFile,settings:COMPILER_FLAGS:|,,,displayName:rnscreens-generated.mm,fileRef:displayName:|,includeInIndex:|,isa:|,path:|,sourceTree:|,,isa:PBXBuildFile,settings:COMPILER_FLAGS:|,,,displayName:rnscreensJSI-generated.cpp,fileRef:displayName:|,includeInIndex:|,isa:|,lastKnownFileType:|,path:|,sourceTree:|,,isa:PBXBuildFile,settings:COMPILER_FLAGS:|,,,displayName:rnsvg-generated.mm,fileRef:displayName:|,includeInIndex:|,isa:|,path:|,sourceTree:|,,isa:PBXBuildFile,settings:COMPILER_FLAGS:|,,,displayName:rnsvgJSI-generated.cpp,fileRef:displayName:|,includeInIndex:|,isa:|,lastKnownFileType:|,path:|,sourceTree:|,,isa:PBXBuildFile,settings:COMPILER_FLAGS:|,,,displayName:RNVectorIconsSpec-generated.mm,fileRef:displayName:|,includeInIndex:|,isa:|,path:|,sourceTree:|,,isa:PBXBuildFile,settings:COMPILER_FLAGS:|,,,displayName:RNVectorIconsSpecJSI-generated.cpp,fileRef:displayName:|,includeInIndex:|,isa:|,lastKnownFileType:|,path:|,sourceTree:|,,isa:PBXBuildFile,settings:COMPILER_FLAGS:|,,,displayName:safeareacontext-generated.mm,fileRef:displayName:|,includeInIndex:|,isa:|,path:|,sourceTree:|,,isa:PBXBuildFile,settings:COMPILER_FLAGS:|,,,displayName:safeareacontextJSI-generated.cpp,fileRef:displayName:|,includeInIndex:|,isa:|,lastKnownFileType:|,path:|,sourceTree:|,,isa:PBXBuildFile,settings:COMPILER_FLAGS:|,,,displayName:React-Codegen-dummy.m,fileRef:displayName:|,includeInIndex:|,isa:|,lastKnownFileType:|,path:|,sourceTree:|,,isa:PBXBuildFile,,isa:PBXSourcesBuildPhase,runOnlyForDeploymentPostprocessing:0,/files/displayName:Props.cpp,fileRef:displayName:Props.cpp,includeInIndex:1,isa:PBXFileReference,lastKnownFileType:sourcecode.cpp.cpp,path:Props.cpp,sourceTree:<group>,,isa:PBXBuildFile,settings:COMPILER_FLAGS:-DFOLLY_NO_CONFIG -DFOLLY_MOBILE=1 -DFOLLY_USE_LIBCPP=1 -DFOLLY_CFG_NO_COROUTINES=1 -DFOLLY_HAVE_CLOCK_GETTIME=1 -Wno-comma -Wno-shorten-64-to-32 -Wno-documentation -Wno-nullability-completeness -std=c++20,,
PBXBuildFile -- Pods.xcodeproj/targets/buildConfigurationList:buildConfigurations:baseConfigurationReference:|,buildSettings:|,displayName:|,isa:|,name:|,,baseConfigurationReference:|,buildSettings:|,displayName:|,isa:|,name:|,,defaultConfigurationIsVisible:0,defaultConfigurationName:Release,displayName:ConfigurationList,isa:XCConfigurationList,,buildPhases:buildActionMask:2147483647,displayName:Headers,files:|,|,|,|,|,|,|,|,|,|,|,|,|,|,|,|,|,|,|,|,|,|,|,|,|,|,|,|,isa:PBXHeadersBuildPhase,runOnlyForDeploymentPostprocessing:0,,buildActionMask:2147483647,displayName:Sources,files:|,|,|,|,|,|,|,|,|,|,|,|,|,|,|,|,|,|,|,|,|,|,|,isa:PBXSourcesBuildPhase,runOnlyForDeploymentPostprocessing:0,,buildActionMask:2147483647,displayName:Frameworks,files:|,isa:PBXFrameworksBuildPhase,runOnlyForDeploymentPostprocessing:0,,buildActionMask:2147483647,displayName:Resources,files:,isa:PBXResourcesBuildPhase,runOnlyForDeploymentPostprocessing:0,,buildRules:,dependencies:displayName:React-Core,isa:PBXTargetDependency,targetProxy:containerPortal:|,displayName:|,isa:|,proxyType:|,remoteGlobalIDString:|,remoteInfo:|,,,displayName:RCT-Folly,isa:PBXTargetDependency,targetProxy:containerPortal:|,displayName:|,isa:|,proxyType:|,remoteGlobalIDString:|,remoteInfo:|,,,displayName:glog,isa:PBXTargetDependency,targetProxy:containerPortal:|,displayName:|,isa:|,proxyType:|,remoteGlobalIDString:|,remoteInfo:|,,,displayName:React-RCTFabric,isa:PBXTargetDependency,targetProxy:containerPortal:|,displayName:|,isa:|,proxyType:|,remoteGlobalIDString:|,remoteInfo:|,,,displayName:React-Codegen,isa:PBXTargetDependency,targetProxy:containerPortal:|,displayName:|,isa:|,proxyType:|,remoteGlobalIDString:|,remoteInfo:|,,,displayName:RCTRequired,isa:PBXTargetDependency,targetProxy:containerPortal:|,displayName:|,isa:|,proxyType:|,remoteGlobalIDString:|,remoteInfo:|,,,displayName:RCTTypeSafety,isa:PBXTargetDependency,targetProxy:containerPortal:|,displayName:|,isa:|,proxyType:|,remoteGlobalIDString:|,remoteInfo:|,,,displayName:ReactCommon,isa:PBXTargetDependency,targetProxy:containerPortal:|,displayName:|,isa:|,proxyType:|,remoteGlobalIDString:|,remoteInfo:|,,,displayName:React-NativeModulesApple,isa:PBXTargetDependency,targetProxy:containerPortal:|,displayName:|,isa:|,proxyType:|,remoteGlobalIDString:|,remoteInfo:|,,,displayName:Yoga,isa:PBXTargetDependency,targetProxy:containerPortal:|,displayName:|,isa:|,proxyType:|,remoteGlobalIDString:|,remoteInfo:|,,,displayName:React-Fabric,isa:PBXTargetDependency,targetProxy:containerPortal:|,displayName:|,isa:|,proxyType:|,remoteGlobalIDString:|,remoteInfo:|,,,displayName:React-graphics,isa:PBXTargetDependency,targetProxy:containerPortal:|,displayName:|,isa:|,proxyType:|,remoteGlobalIDString:|,remoteInfo:|,,,displayName:React-utils,isa:PBXTargetDependency,targetProxy:containerPortal:|,displayName:|,isa:|,proxyType:|,remoteGlobalIDString:|,remoteInfo:|,,,displayName:React-featureflags,isa:PBXTargetDependency,targetProxy:containerPortal:|,displayName:|,isa:|,proxyType:|,remoteGlobalIDString:|,remoteInfo:|,,,displayName:React-debug,isa:PBXTargetDependency,targetProxy:containerPortal:|,displayName:|,isa:|,proxyType:|,remoteGlobalIDString:|,remoteInfo:|,,,displayName:React-ImageManager,isa:PBXTargetDependency,targetProxy:containerPortal:|,displayName:|,isa:|,proxyType:|,remoteGlobalIDString:|,remoteInfo:|,,,displayName:React-rendererdebug,isa:PBXTargetDependency,targetProxy:containerPortal:|,displayName:|,isa:|,proxyType:|,remoteGlobalIDString:|,remoteInfo:|,,,displayName:DoubleConversion,isa:PBXTargetDependency,targetProxy:containerPortal:|,displayName:|,isa:|,proxyType:|,remoteGlobalIDString:|,remoteInfo:|,,,displayName:React-jsi,isa:PBXTargetDependency,targetProxy:containerPortal:|,displayName:|,isa:|,proxyType:|,remoteGlobalIDString:|,remoteInfo:|,,,displayName:RNGestureHandler,fileSystemSynchronizedGroups:,isa:PBXNativeTarget,name:RNGestureHandler,packageProductDependencies:,productName:RNGestureHandler,productReference:displayName:RNGestureHandler,explicitFileType:wrapper.framework,includeInIndex:0,isa:PBXFileReference,name:RNGestureHandler,path:RNGestureHandler.framework,sourceTree:BUILT_PRODUCTS_DIR,,productType:com.apple.product-type.framework,/dependencies/displayName:React-RCTFabric,isa:PBXTargetDependency,targetProxy:containerPortal:46EB2E00000000,displayName:ContainerItemProxy,isa:PBXContainerItemProxy,proxyType:1,remoteGlobalIDString:46EB2E00020EA0,remoteInfo:React-RCTFabric,,/target/dependencies/displayName:React-RCTImage,isa:PBXTargetDependency,targetProxy:containerPortal:46EB2E00000000,displayName:ContainerItemProxy,isa:PBXContainerItemProxy,proxyType:1,remoteGlobalIDString:46EB2E000215E0,remoteInfo:React-RCTImage,,/target/dependencies/displayName:React-RCTNetwork,isa:PBXTargetDependency,targetProxy:containerPortal:46EB2E00000000,displayName:ContainerItemProxy,isa:PBXContainerItemProxy,proxyType:1,remoteGlobalIDString:46EB2E000219A0,remoteInfo:React-RCTNetwork,,/target/dependencies/displayName:React-Codegen,isa:PBXTargetDependency,targetProxy:containerPortal:46EB2E00000000,displayName:ContainerItemProxy,isa:PBXContainerItemProxy,proxyType:1,remoteGlobalIDString:46EB2E0001AAC0,remoteInfo:React-Codegen,,/target/buildPhases/buildActionMask:2147483647,displayName:Sources,files:displayName:FBReactNativeSpec-generated.mm,fileRef:displayName:|,includeInIndex:|,isa:|,path:|,sourceTree:|,,isa:PBXBuildFile,settings:COMPILER_FLAGS:|,,,displayName:FBReactNativeSpecJSI-generated.cpp,fileRef:displayName:|,includeInIndex:|,isa:|,lastKnownFileType:|,path:|,sourceTree:|,,isa:PBXBuildFile,settings:COMPILER_FLAGS:|,,,displayName:RCTModulesConformingToProtocolsProvider.mm,fileRef:displayName:|,includeInIndex:|,isa:|,path:|,sourceTree:|,,isa:PBXBuildFile,settings:COMPILER_FLAGS:|,,,displayName:ComponentDescriptors.cpp,fileRef:displayName:|,includeInIndex:|,isa:|,lastKnownFileType:|,path:|,sourceTree:|,,isa:PBXBuildFile,settings:COMPILER_FLAGS:|,,,displayName:EventEmitters.cpp,fileRef:displayName:|,includeInIndex:|,isa:|,lastKnownFileType:|,path:|,sourceTree:|,,isa:PBXBuildFile,settings:COMPILER_FLAGS:|,,,displayName:Props.cpp,fileRef:displayName:|,includeInIndex:|,isa:|,lastKnownFileType:|,path:|,sourceTree:|,,isa:PBXBuildFile,settings:COMPILER_FLAGS:|,,,displayName:ShadowNodes.cpp,fileRef:displayName:|,includeInIndex:|,isa:|,lastKnownFileType:|,path:|,sourceTree:|,,isa:PBXBuildFile,settings:COMPILER_FLAGS:|,,,displayName:States.cpp,fileRef:displayName:|,includeInIndex:|,isa:|,lastKnownFileType:|,path:|,sourceTree:|,,isa:PBXBuildFile,settings:COMPILER_FLAGS:|,,,displayName:ComponentDescriptors.cpp,fileRef:displayName:|,includeInIndex:|,isa:|,lastKnownFileType:|,path:|,sourceTree:|,,isa:PBXBuildFile,settings:COMPILER_FLAGS:|,,,displayName:EventEmitters.cpp,fileRef:displayName:|,includeInIndex:|,isa:|,lastKnownFileType:|,path:|,sourceTree:|,,isa:PBXBuildFile,settings:COMPILER_FLAGS:|,,,displayName:Props.cpp,fileRef:displayName:|,includeInIndex:|,isa:|,lastKnownFileType:|,path:|,sourceTree:|,,isa:PBXBuildFile,settings:COMPILER_FLAGS:|,,,displayName:ShadowNodes.cpp,fileRef:displayName:|,includeInIndex:|,isa:|,lastKnownFileType:|,path:|,sourceTree:|,,isa:PBXBuildFile,settings:COMPILER_FLAGS:|,,,displayName:States.cpp,fileRef:displayName:|,includeInIndex:|,isa:|,lastKnownFileType:|,path:|,sourceTree:|,,isa:PBXBuildFile,settings:COMPILER_FLAGS:|,,,displayName:ComponentDescriptors.cpp,fileRef:displayName:|,includeInIndex:|,isa:|,lastKnownFileType:|,path:|,sourceTree:|,,isa:PBXBuildFile,settings:COMPILER_FLAGS:|,,,displayName:EventEmitters.cpp,fileRef:displayName:|,includeInIndex:|,isa:|,lastKnownFileType:|,path:|,sourceTree:|,,isa:PBXBuildFile,settings:COMPILER_FLAGS:|,,,displayName:Props.cpp,fileRef:displayName:|,includeInIndex:|,isa:|,lastKnownFileType:|,path:|,sourceTree:|,,isa:PBXBuildFile,settings:COMPILER_FLAGS:|,,,displayName:ShadowNodes.cpp,fileRef:displayName:|,includeInIndex:|,isa:|,lastKnownFileType:|,path:|,sourceTree:|,,isa:PBXBuildFile,settings:COMPILER_FLAGS:|,,,displayName:States.cpp,fileRef:displayName:|,includeInIndex:|,isa:|,lastKnownFileType:|,path:|,sourceTree:|,,isa:PBXBuildFile,settings:COMPILER_FLAGS:|,,,displayName:ComponentDescriptors.cpp,fileRef:displayName:|,includeInIndex:|,isa:|,lastKnownFileType:|,path:|,sourceTree:|,,isa:PBXBuildFile,settings:COMPILER_FLAGS:|,,,displayName:EventEmitters.cpp,fileRef:displayName:|,includeInIndex:|,isa:|,lastKnownFileType:|,path:|,sourceTree:|,,isa:PBXBuildFile,settings:COMPILER_FLAGS:|,,,displayName:Props.cpp,fileRef:displayName:|,includeInIndex:|,isa:|,lastKnownFileType:|,path:|,sourceTree:|,,isa:PBXBuildFile,settings:COMPILER_FLAGS:|,,,displayName:ShadowNodes.cpp,fileRef:displayName:|,includeInIndex:|,isa:|,lastKnownFileType:|,path:|,sourceTree:|,,isa:PBXBuildFile,settings:COMPILER_FLAGS:|,,,displayName:States.cpp,fileRef:displayName:|,includeInIndex:|,isa:|,lastKnownFileType:|,path:|,sourceTree:|,,isa:PBXBuildFile,settings:COMPILER_FLAGS:|,,,displayName:ComponentDescriptors.cpp,fileRef:displayName:|,includeInIndex:|,isa:|,lastKnownFileType:|,path:|,sourceTree:|,,isa:PBXBuildFile,settings:COMPILER_FLAGS:|,,,displayName:EventEmitters.cpp,fileRef:displayName:|,includeInIndex:|,isa:|,lastKnownFileType:|,path:|,sourceTree:|,,isa:PBXBuildFile,settings:COMPILER_FLAGS:|,,,displayName:Props.cpp,fileRef:displayName:|,includeInIndex:|,isa:|,lastKnownFileType:|,path:|,sourceTree:|,,isa:PBXBuildFile,settings:COMPILER_FLAGS:|,,,displayName:ShadowNodes.cpp,fileRef:displayName:|,includeInIndex:|,isa:|,lastKnownFileType:|,path:|,sourceTree:|,,isa:PBXBuildFile,settings:COMPILER_FLAGS:|,,,displayName:States.cpp,fileRef:displayName:|,includeInIndex:|,isa:|,lastKnownFileType:|,path:|,sourceTree:|,,isa:PBXBuildFile,settings:COMPILER_FLAGS:|,,,displayName:ComponentDescriptors.cpp,fileRef:displayName:|,includeInIndex:|,isa:|,lastKnownFileType:|,path:|,sourceTree:|,,isa:PBXBuildFile,settings:COMPILER_FLAGS:|,,,displayName:EventEmitters.cpp,fileRef:displayName:|,includeInIndex:|,isa:|,lastKnownFileType:|,path:|,sourceTree:|,,isa:PBXBuildFile,settings:COMPILER_FLAGS:|,,,displayName:Props.cpp,fileRef:displayName:|,includeInIndex:|,isa:|,lastKnownFileType:|,path:|,sourceTree:|,,isa:PBXBuildFile,settings:COMPILER_FLAGS:|,,,displayName:ShadowNodes.cpp,fileRef:displayName:|,includeInIndex:|,isa:|,lastKnownFileType:|,path:|,sourceTree:|,,isa:PBXBuildFile,settings:COMPILER_FLAGS:|,,,displayName:States.cpp,fileRef:displayName:|,includeInIndex:|,isa:|,lastKnownFileType:|,path:|,sourceTree:|,,isa:PBXBuildFile,settings:COMPILER_FLAGS:|,,,displayName:rnasyncstorage-generated.mm,fileRef:displayName:|,includeInIndex:|,isa:|,path:|,sourceTree:|,,isa:PBXBuildFile,settings:COMPILER_FLAGS:|,,,displayName:rnasyncstorageJSI-generated.cpp,fileRef:displayName:|,includeInIndex:|,isa:|,lastKnownFileType:|,path:|,sourceTree:|,,isa:PBXBuildFile,settings:COMPILER_FLAGS:|,,,displayName:RNCConfigModule-generated.mm,fileRef:displayName:|,includeInIndex:|,isa:|,path:|,sourceTree:|,,isa:PBXBuildFile,settings:COMPILER_FLAGS:|,,,displayName:RNCConfigModuleJSI-generated.cpp,fileRef:displayName:|,includeInIndex:|,isa:|,lastKnownFileType:|,path:|,sourceTree:|,,isa:PBXBuildFile,settings:COMPILER_FLAGS:|,,,displayName:rnclipboard-generated.mm,fileRef:displayName:|,includeInIndex:|,isa:|,path:|,sourceTree:|,,isa:PBXBuildFile,settings:COMPILER_FLAGS:|,,,displayName:rnclipboardJSI-generated.cpp,fileRef:displayName:|,includeInIndex:|,isa:|,lastKnownFileType:|,path:|,sourceTree:|,,isa:PBXBuildFile,settings:COMPILER_FLAGS:|,,,displayName:rngesturehandler_codegen-generated.mm,fileRef:displayName:|,includeInIndex:|,isa:|,path:|,sourceTree:|,,isa:PBXBuildFile,settings:COMPILER_FLAGS:|,,,displayName:rngesturehandler_codegenJSI-generated.cpp,fileRef:displayName:|,includeInIndex:|,isa:|,lastKnownFileType:|,path:|,sourceTree:|,,isa:PBXBuildFile,settings:COMPILER_FLAGS:|,,,displayName:RNGoogleSignInCGen-generated.mm,fileRef:displayName:|,includeInIndex:|,isa:|,path:|,sourceTree:|,,isa:PBXBuildFile,settings:COMPILER_FLAGS:|,,,displayName:RNGoogleSignInCGenJSI-generated.cpp,fileRef:displayName:|,includeInIndex:|,isa:|,lastKnownFileType:|,path:|,sourceTree:|,,isa:PBXBuildFile,settings:COMPILER_FLAGS:|,,,displayName:RNImagePickerSpec-generated.mm,fileRef:displayName:|,includeInIndex:|,isa:|,path:|,sourceTree:|,,isa:PBXBuildFile,settings:COMPILER_FLAGS:|,,,displayName:RNImagePickerSpecJSI-generated.cpp,fileRef:displayName:|,includeInIndex:|,isa:|,lastKnownFileType:|,path:|,sourceTree:|,,isa:PBXBuildFile,settings:COMPILER_FLAGS:|,,,displayName:rnpermissions-generated.mm,fileRef:displayName:|,includeInIndex:|,isa:|,path:|,sourceTree:|,,isa:PBXBuildFile,settings:COMPILER_FLAGS:|,,,displayName:rnpermissionsJSI-generated.cpp,fileRef:displayName:|,includeInIndex:|,isa:|,lastKnownFileType:|,path:|,sourceTree:|,,isa:PBXBuildFile,settings:COMPILER_FLAGS:|,,,displayName:rnreanimated-generated.mm,fileRef:displayName:|,includeInIndex:|,isa:|,path:|,sourceTree:|,,isa:PBXBuildFile,settings:COMPILER_FLAGS:|,,,displayName:rnreanimatedJSI-generated.cpp,fileRef:displayName:|,includeInIndex:|,isa:|,lastKnownFileType:|,path:|,sourceTree:|,,isa:PBXBuildFile,settings:COMPILER_FLAGS:|,,,displayName:rnscreens-generated.mm,fileRef:displayName:|,includeInIndex:|,isa:|,path:|,sourceTree:|,,isa:PBXBuildFile,settings:COMPILER_FLAGS:|,,,displayName:rnscreensJSI-generated.cpp,fileRef:displayName:|,includeInIndex:|,isa:|,lastKnownFileType:|,path:|,sourceTree:|,,isa:PBXBuildFile,settings:COMPILER_FLAGS:|,,,displayName:rnsvg-generated.mm,fileRef:displayName:|,includeInIndex:|,isa:|,path:|,sourceTree:|,,isa:PBXBuildFile,settings:COMPILER_FLAGS:|,,,displayName:rnsvgJSI-generated.cpp,fileRef:displayName:|,includeInIndex:|,isa:|,lastKnownFileType:|,path:|,sourceTree:|,,isa:PBXBuildFile,settings:COMPILER_FLAGS:|,,,displayName:RNVectorIconsSpec-generated.mm,fileRef:displayName:|,includeInIndex:|,isa:|,path:|,sourceTree:|,,isa:PBXBuildFile,settings:COMPILER_FLAGS:|,,,displayName:RNVectorIconsSpecJSI-generated.cpp,fileRef:displayName:|,includeInIndex:|,isa:|,lastKnownFileType:|,path:|,sourceTree:|,,isa:PBXBuildFile,settings:COMPILER_FLAGS:|,,,displayName:safeareacontext-generated.mm,fileRef:displayName:|,includeInIndex:|,isa:|,path:|,sourceTree:|,,isa:PBXBuildFile,settings:COMPILER_FLAGS:|,,,displayName:safeareacontextJSI-generated.cpp,fileRef:displayName:|,includeInIndex:|,isa:|,lastKnownFileType:|,path:|,sourceTree:|,,isa:PBXBuildFile,settings:COMPILER_FLAGS:|,,,displayName:React-Codegen-dummy.m,fileRef:displayName:|,includeInIndex:|,isa:|,lastKnownFileType:|,path:|,sourceTree:|,,isa:PBXBuildFile,,isa:PBXSourcesBuildPhase,runOnlyForDeploymentPostprocessing:0,/files/displayName:ShadowNodes.cpp,fileRef:displayName:ShadowNodes.cpp,includeInIndex:1,isa:PBXFileReference,lastKnownFileType:sourcecode.cpp.cpp,path:ShadowNodes.cpp,sourceTree:<group>,,isa:PBXBuildFile,settings:COMPILER_FLAGS:-DFOLLY_NO_CONFIG -DFOLLY_MOBILE=1 -DFOLLY_USE_LIBCPP=1 -DFOLLY_CFG_NO_COROUTINES=1 -DFOLLY_HAVE_CLOCK_GETTIME=1 -Wno-comma -Wno-shorten-64-to-32 -Wno-documentation -Wno-nullability-completeness -std=c++20,,
PBXBuildFile -- Pods.xcodeproj/targets/buildConfigurationList:buildConfigurations:baseConfigurationReference:|,buildSettings:|,displayName:|,isa:|,name:|,,baseConfigurationReference:|,buildSettings:|,displayName:|,isa:|,name:|,,defaultConfigurationIsVisible:0,defaultConfigurationName:Release,displayName:ConfigurationList,isa:XCConfigurationList,,buildPhases:buildActionMask:2147483647,displayName:Headers,files:|,|,|,|,|,|,|,|,|,|,|,|,|,|,|,|,|,|,|,|,|,|,|,|,|,|,|,|,isa:PBXHeadersBuildPhase,runOnlyForDeploymentPostprocessing:0,,buildActionMask:2147483647,displayName:Sources,files:|,|,|,|,|,|,|,|,|,|,|,|,|,|,|,|,|,|,|,|,|,|,|,isa:PBXSourcesBuildPhase,runOnlyForDeploymentPostprocessing:0,,buildActionMask:2147483647,displayName:Frameworks,files:|,isa:PBXFrameworksBuildPhase,runOnlyForDeploymentPostprocessing:0,,buildActionMask:2147483647,displayName:Resources,files:,isa:PBXResourcesBuildPhase,runOnlyForDeploymentPostprocessing:0,,buildRules:,dependencies:displayName:React-Core,isa:PBXTargetDependency,targetProxy:containerPortal:|,displayName:|,isa:|,proxyType:|,remoteGlobalIDString:|,remoteInfo:|,,,displayName:RCT-Folly,isa:PBXTargetDependency,targetProxy:containerPortal:|,displayName:|,isa:|,proxyType:|,remoteGlobalIDString:|,remoteInfo:|,,,displayName:glog,isa:PBXTargetDependency,targetProxy:containerPortal:|,displayName:|,isa:|,proxyType:|,remoteGlobalIDString:|,remoteInfo:|,,,displayName:React-RCTFabric,isa:PBXTargetDependency,targetProxy:containerPortal:|,displayName:|,isa:|,proxyType:|,remoteGlobalIDString:|,remoteInfo:|,,,displayName:React-Codegen,isa:PBXTargetDependency,targetProxy:containerPortal:|,displayName:|,isa:|,proxyType:|,remoteGlobalIDString:|,remoteInfo:|,,,displayName:RCTRequired,isa:PBXTargetDependency,targetProxy:containerPortal:|,displayName:|,isa:|,proxyType:|,remoteGlobalIDString:|,remoteInfo:|,,,displayName:RCTTypeSafety,isa:PBXTargetDependency,targetProxy:containerPortal:|,displayName:|,isa:|,proxyType:|,remoteGlobalIDString:|,remoteInfo:|,,,displayName:ReactCommon,isa:PBXTargetDependency,targetProxy:containerPortal:|,displayName:|,isa:|,proxyType:|,remoteGlobalIDString:|,remoteInfo:|,,,displayName:React-NativeModulesApple,isa:PBXTargetDependency,targetProxy:containerPortal:|,displayName:|,isa:|,proxyType:|,remoteGlobalIDString:|,remoteInfo:|,,,displayName:Yoga,isa:PBXTargetDependency,targetProxy:containerPortal:|,displayName:|,isa:|,proxyType:|,remoteGlobalIDString:|,remoteInfo:|,,,displayName:React-Fabric,isa:PBXTargetDependency,targetProxy:containerPortal:|,displayName:|,isa:|,proxyType:|,remoteGlobalIDString:|,remoteInfo:|,,,displayName:React-graphics,isa:PBXTargetDependency,targetProxy:containerPortal:|,displayName:|,isa:|,proxyType:|,remoteGlobalIDString:|,remoteInfo:|,,,displayName:React-utils,isa:PBXTargetDependency,targetProxy:containerPortal:|,displayName:|,isa:|,proxyType:|,remoteGlobalIDString:|,remoteInfo:|,,,displayName:React-featureflags,isa:PBXTargetDependency,targetProxy:containerPortal:|,displayName:|,isa:|,proxyType:|,remoteGlobalIDString:|,remoteInfo:|,,,displayName:React-debug,isa:PBXTargetDependency,targetProxy:containerPortal:|,displayName:|,isa:|,proxyType:|,remoteGlobalIDString:|,remoteInfo:|,,,displayName:React-ImageManager,isa:PBXTargetDependency,targetProxy:containerPortal:|,displayName:|,isa:|,proxyType:|,remoteGlobalIDString:|,remoteInfo:|,,,displayName:React-rendererdebug,isa:PBXTargetDependency,targetProxy:containerPortal:|,displayName:|,isa:|,proxyType:|,remoteGlobalIDString:|,remoteInfo:|,,,displayName:DoubleConversion,isa:PBXTargetDependency,targetProxy:containerPortal:|,displayName:|,isa:|,proxyType:|,remoteGlobalIDString:|,remoteInfo:|,,,displayName:React-jsi,isa:PBXTargetDependency,targetProxy:containerPortal:|,displayName:|,isa:|,proxyType:|,remoteGlobalIDString:|,remoteInfo:|,,,displayName:RNGestureHandler,fileSystemSynchronizedGroups:,isa:PBXNativeTarget,name:RNGestureHandler,packageProductDependencies:,productName:RNGestureHandler,productReference:displayName:RNGestureHandler,explicitFileType:wrapper.framework,includeInIndex:0,isa:PBXFileReference,name:RNGestureHandler,path:RNGestureHandler.framework,sourceTree:BUILT_PRODUCTS_DIR,,productType:com.apple.product-type.framework,/dependencies/displayName:React-RCTFabric,isa:PBXTargetDependency,targetProxy:containerPortal:46EB2E00000000,displayName:ContainerItemProxy,isa:PBXContainerItemProxy,proxyType:1,remoteGlobalIDString:46EB2E00020EA0,remoteInfo:React-RCTFabric,,/target/dependencies/displayName:React-RCTImage,isa:PBXTargetDependency,targetProxy:containerPortal:46EB2E00000000,displayName:ContainerItemProxy,isa:PBXContainerItemProxy,proxyType:1,remoteGlobalIDString:46EB2E000215E0,remoteInfo:React-RCTImage,,/target/dependencies/displayName:React-RCTNetwork,isa:PBXTargetDependency,targetProxy:containerPortal:46EB2E00000000,displayName:ContainerItemProxy,isa:PBXContainerItemProxy,proxyType:1,remoteGlobalIDString:46EB2E000219A0,remoteInfo:React-RCTNetwork,,/target/dependencies/displayName:React-Codegen,isa:PBXTargetDependency,targetProxy:containerPortal:46EB2E00000000,displayName:ContainerItemProxy,isa:PBXContainerItemProxy,proxyType:1,remoteGlobalIDString:46EB2E0001AAC0,remoteInfo:React-Codegen,,/target/buildPhases/buildActionMask:2147483647,displayName:Sources,files:displayName:FBReactNativeSpec-generated.mm,fileRef:displayName:|,includeInIndex:|,isa:|,path:|,sourceTree:|,,isa:PBXBuildFile,settings:COMPILER_FLAGS:|,,,displayName:FBReactNativeSpecJSI-generated.cpp,fileRef:displayName:|,includeInIndex:|,isa:|,lastKnownFileType:|,path:|,sourceTree:|,,isa:PBXBuildFile,settings:COMPILER_FLAGS:|,,,displayName:RCTModulesConformingToProtocolsProvider.mm,fileRef:displayName:|,includeInIndex:|,isa:|,path:|,sourceTree:|,,isa:PBXBuildFile,settings:COMPILER_FLAGS:|,,,displayName:ComponentDescriptors.cpp,fileRef:displayName:|,includeInIndex:|,isa:|,lastKnownFileType:|,path:|,sourceTree:|,,isa:PBXBuildFile,settings:COMPILER_FLAGS:|,,,displayName:EventEmitters.cpp,fileRef:displayName:|,includeInIndex:|,isa:|,lastKnownFileType:|,path:|,sourceTree:|,,isa:PBXBuildFile,settings:COMPILER_FLAGS:|,,,displayName:Props.cpp,fileRef:displayName:|,includeInIndex:|,isa:|,lastKnownFileType:|,path:|,sourceTree:|,,isa:PBXBuildFile,settings:COMPILER_FLAGS:|,,,displayName:ShadowNodes.cpp,fileRef:displayName:|,includeInIndex:|,isa:|,lastKnownFileType:|,path:|,sourceTree:|,,isa:PBXBuildFile,settings:COMPILER_FLAGS:|,,,displayName:States.cpp,fileRef:displayName:|,includeInIndex:|,isa:|,lastKnownFileType:|,path:|,sourceTree:|,,isa:PBXBuildFile,settings:COMPILER_FLAGS:|,,,displayName:ComponentDescriptors.cpp,fileRef:displayName:|,includeInIndex:|,isa:|,lastKnownFileType:|,path:|,sourceTree:|,,isa:PBXBuildFile,settings:COMPILER_FLAGS:|,,,displayName:EventEmitters.cpp,fileRef:displayName:|,includeInIndex:|,isa:|,lastKnownFileType:|,path:|,sourceTree:|,,isa:PBXBuildFile,settings:COMPILER_FLAGS:|,,,displayName:Props.cpp,fileRef:displayName:|,includeInIndex:|,isa:|,lastKnownFileType:|,path:|,sourceTree:|,,isa:PBXBuildFile,settings:COMPILER_FLAGS:|,,,displayName:ShadowNodes.cpp,fileRef:displayName:|,includeInIndex:|,isa:|,lastKnownFileType:|,path:|,sourceTree:|,,isa:PBXBuildFile,settings:COMPILER_FLAGS:|,,,displayName:States.cpp,fileRef:displayName:|,includeInIndex:|,isa:|,lastKnownFileType:|,path:|,sourceTree:|,,isa:PBXBuildFile,settings:COMPILER_FLAGS:|,,,displayName:ComponentDescriptors.cpp,fileRef:displayName:|,includeInIndex:|,isa:|,lastKnownFileType:|,path:|,sourceTree:|,,isa:PBXBuildFile,settings:COMPILER_FLAGS:|,,,displayName:EventEmitters.cpp,fileRef:displayName:|,includeInIndex:|,isa:|,lastKnownFileType:|,path:|,sourceTree:|,,isa:PBXBuildFile,settings:COMPILER_FLAGS:|,,,displayName:Props.cpp,fileRef:displayName:|,includeInIndex:|,isa:|,lastKnownFileType:|,path:|,sourceTree:|,,isa:PBXBuildFile,settings:COMPILER_FLAGS:|,,,displayName:ShadowNodes.cpp,fileRef:displayName:|,includeInIndex:|,isa:|,lastKnownFileType:|,path:|,sourceTree:|,,isa:PBXBuildFile,settings:COMPILER_FLAGS:|,,,displayName:States.cpp,fileRef:displayName:|,includeInIndex:|,isa:|,lastKnownFileType:|,path:|,sourceTree:|,,isa:PBXBuildFile,settings:COMPILER_FLAGS:|,,,displayName:ComponentDescriptors.cpp,fileRef:displayName:|,includeInIndex:|,isa:|,lastKnownFileType:|,path:|,sourceTree:|,,isa:PBXBuildFile,settings:COMPILER_FLAGS:|,,,displayName:EventEmitters.cpp,fileRef:displayName:|,includeInIndex:|,isa:|,lastKnownFileType:|,path:|,sourceTree:|,,isa:PBXBuildFile,settings:COMPILER_FLAGS:|,,,displayName:Props.cpp,fileRef:displayName:|,includeInIndex:|,isa:|,lastKnownFileType:|,path:|,sourceTree:|,,isa:PBXBuildFile,settings:COMPILER_FLAGS:|,,,displayName:ShadowNodes.cpp,fileRef:displayName:|,includeInIndex:|,isa:|,lastKnownFileType:|,path:|,sourceTree:|,,isa:PBXBuildFile,settings:COMPILER_FLAGS:|,,,displayName:States.cpp,fileRef:displayName:|,includeInIndex:|,isa:|,lastKnownFileType:|,path:|,sourceTree:|,,isa:PBXBuildFile,settings:COMPILER_FLAGS:|,,,displayName:ComponentDescriptors.cpp,fileRef:displayName:|,includeInIndex:|,isa:|,lastKnownFileType:|,path:|,sourceTree:|,,isa:PBXBuildFile,settings:COMPILER_FLAGS:|,,,displayName:EventEmitters.cpp,fileRef:displayName:|,includeInIndex:|,isa:|,lastKnownFileType:|,path:|,sourceTree:|,,isa:PBXBuildFile,settings:COMPILER_FLAGS:|,,,displayName:Props.cpp,fileRef:displayName:|,includeInIndex:|,isa:|,lastKnownFileType:|,path:|,sourceTree:|,,isa:PBXBuildFile,settings:COMPILER_FLAGS:|,,,displayName:ShadowNodes.cpp,fileRef:displayName:|,includeInIndex:|,isa:|,lastKnownFileType:|,path:|,sourceTree:|,,isa:PBXBuildFile,settings:COMPILER_FLAGS:|,,,displayName:States.cpp,fileRef:displayName:|,includeInIndex:|,isa:|,lastKnownFileType:|,path:|,sourceTree:|,,isa:PBXBuildFile,settings:COMPILER_FLAGS:|,,,displayName:ComponentDescriptors.cpp,fileRef:displayName:|,includeInIndex:|,isa:|,lastKnownFileType:|,path:|,sourceTree:|,,isa:PBXBuildFile,settings:COMPILER_FLAGS:|,,,displayName:EventEmitters.cpp,fileRef:displayName:|,includeInIndex:|,isa:|,lastKnownFileType:|,path:|,sourceTree:|,,isa:PBXBuildFile,settings:COMPILER_FLAGS:|,,,displayName:Props.cpp,fileRef:displayName:|,includeInIndex:|,isa:|,lastKnownFileType:|,path:|,sourceTree:|,,isa:PBXBuildFile,settings:COMPILER_FLAGS:|,,,displayName:ShadowNodes.cpp,fileRef:displayName:|,includeInIndex:|,isa:|,lastKnownFileType:|,path:|,sourceTree:|,,isa:PBXBuildFile,settings:COMPILER_FLAGS:|,,,displayName:States.cpp,fileRef:displayName:|,includeInIndex:|,isa:|,lastKnownFileType:|,path:|,sourceTree:|,,isa:PBXBuildFile,settings:COMPILER_FLAGS:|,,,displayName:rnasyncstorage-generated.mm,fileRef:displayName:|,includeInIndex:|,isa:|,path:|,sourceTree:|,,isa:PBXBuildFile,settings:COMPILER_FLAGS:|,,,displayName:rnasyncstorageJSI-generated.cpp,fileRef:displayName:|,includeInIndex:|,isa:|,lastKnownFileType:|,path:|,sourceTree:|,,isa:PBXBuildFile,settings:COMPILER_FLAGS:|,,,displayName:RNCConfigModule-generated.mm,fileRef:displayName:|,includeInIndex:|,isa:|,path:|,sourceTree:|,,isa:PBXBuildFile,settings:COMPILER_FLAGS:|,,,displayName:RNCConfigModuleJSI-generated.cpp,fileRef:displayName:|,includeInIndex:|,isa:|,lastKnownFileType:|,path:|,sourceTree:|,,isa:PBXBuildFile,settings:COMPILER_FLAGS:|,,,displayName:rnclipboard-generated.mm,fileRef:displayName:|,includeInIndex:|,isa:|,path:|,sourceTree:|,,isa:PBXBuildFile,settings:COMPILER_FLAGS:|,,,displayName:rnclipboardJSI-generated.cpp,fileRef:displayName:|,includeInIndex:|,isa:|,lastKnownFileType:|,path:|,sourceTree:|,,isa:PBXBuildFile,settings:COMPILER_FLAGS:|,,,displayName:rngesturehandler_codegen-generated.mm,fileRef:displayName:|,includeInIndex:|,isa:|,path:|,sourceTree:|,,isa:PBXBuildFile,settings:COMPILER_FLAGS:|,,,displayName:rngesturehandler_codegenJSI-generated.cpp,fileRef:displayName:|,includeInIndex:|,isa:|,lastKnownFileType:|,path:|,sourceTree:|,,isa:PBXBuildFile,settings:COMPILER_FLAGS:|,,,displayName:RNGoogleSignInCGen-generated.mm,fileRef:displayName:|,includeInIndex:|,isa:|,path:|,sourceTree:|,,isa:PBXBuildFile,settings:COMPILER_FLAGS:|,,,displayName:RNGoogleSignInCGenJSI-generated.cpp,fileRef:displayName:|,includeInIndex:|,isa:|,lastKnownFileType:|,path:|,sourceTree:|,,isa:PBXBuildFile,settings:COMPILER_FLAGS:|,,,displayName:RNImagePickerSpec-generated.mm,fileRef:displayName:|,includeInIndex:|,isa:|,path:|,sourceTree:|,,isa:PBXBuildFile,settings:COMPILER_FLAGS:|,,,displayName:RNImagePickerSpecJSI-generated.cpp,fileRef:displayName:|,includeInIndex:|,isa:|,lastKnownFileType:|,path:|,sourceTree:|,,isa:PBXBuildFile,settings:COMPILER_FLAGS:|,,,displayName:rnpermissions-generated.mm,fileRef:displayName:|,includeInIndex:|,isa:|,path:|,sourceTree:|,,isa:PBXBuildFile,settings:COMPILER_FLAGS:|,,,displayName:rnpermissionsJSI-generated.cpp,fileRef:displayName:|,includeInIndex:|,isa:|,lastKnownFileType:|,path:|,sourceTree:|,,isa:PBXBuildFile,settings:COMPILER_FLAGS:|,,,displayName:rnreanimated-generated.mm,fileRef:displayName:|,includeInIndex:|,isa:|,path:|,sourceTree:|,,isa:PBXBuildFile,settings:COMPILER_FLAGS:|,,,displayName:rnreanimatedJSI-generated.cpp,fileRef:displayName:|,includeInIndex:|,isa:|,lastKnownFileType:|,path:|,sourceTree:|,,isa:PBXBuildFile,settings:COMPILER_FLAGS:|,,,displayName:rnscreens-generated.mm,fileRef:displayName:|,includeInIndex:|,isa:|,path:|,sourceTree:|,,isa:PBXBuildFile,settings:COMPILER_FLAGS:|,,,displayName:rnscreensJSI-generated.cpp,fileRef:displayName:|,includeInIndex:|,isa:|,lastKnownFileType:|,path:|,sourceTree:|,,isa:PBXBuildFile,settings:COMPILER_FLAGS:|,,,displayName:rnsvg-generated.mm,fileRef:displayName:|,includeInIndex:|,isa:|,path:|,sourceTree:|,,isa:PBXBuildFile,settings:COMPILER_FLAGS:|,,,displayName:rnsvgJSI-generated.cpp,fileRef:displayName:|,includeInIndex:|,isa:|,lastKnownFileType:|,path:|,sourceTree:|,,isa:PBXBuildFile,settings:COMPILER_FLAGS:|,,,displayName:RNVectorIconsSpec-generated.mm,fileRef:displayName:|,includeInIndex:|,isa:|,path:|,sourceTree:|,,isa:PBXBuildFile,settings:COMPILER_FLAGS:|,,,displayName:RNVectorIconsSpecJSI-generated.cpp,fileRef:displayName:|,includeInIndex:|,isa:|,lastKnownFileType:|,path:|,sourceTree:|,,isa:PBXBuildFile,settings:COMPILER_FLAGS:|,,,displayName:safeareacontext-generated.mm,fileRef:displayName:|,includeInIndex:|,isa:|,path:|,sourceTree:|,,isa:PBXBuildFile,settings:COMPILER_FLAGS:|,,,displayName:safeareacontextJSI-generated.cpp,fileRef:displayName:|,includeInIndex:|,isa:|,lastKnownFileType:|,path:|,sourceTree:|,,isa:PBXBuildFile,settings:COMPILER_FLAGS:|,,,displayName:React-Codegen-dummy.m,fileRef:displayName:|,includeInIndex:|,isa:|,lastKnownFileType:|,path:|,sourceTree:|,,isa:PBXBuildFile,,isa:PBXSourcesBuildPhase,runOnlyForDeploymentPostprocessing:0,/files/displayName:States.cpp,fileRef:displayName:States.cpp,includeInIndex:1,isa:PBXFileReference,lastKnownFileType:sourcecode.cpp.cpp,path:States.cpp,sourceTree:<group>,,isa:PBXBuildFile,settings:COMPILER_FLAGS:-DFOLLY_NO_CONFIG -DFOLLY_MOBILE=1 -DFOLLY_USE_LIBCPP=1 -DFOLLY_CFG_NO_COROUTINES=1 -DFOLLY_HAVE_CLOCK_GETTIME=1 -Wno-comma -Wno-shorten-64-to-32 -Wno-documentation -Wno-nullability-completeness -std=c++20,,
PBXBuildFile -- Pods.xcodeproj/targets/buildConfigurationList:buildConfigurations:baseConfigurationReference:|,buildSettings:|,displayName:|,isa:|,name:|,,baseConfigurationReference:|,buildSettings:|,displayName:|,isa:|,name:|,,defaultConfigurationIsVisible:0,defaultConfigurationName:Release,displayName:ConfigurationList,isa:XCConfigurationList,,buildPhases:buildActionMask:2147483647,displayName:Headers,files:|,|,|,|,|,|,|,|,|,|,|,|,|,|,|,|,|,|,|,|,|,|,|,|,|,|,|,|,isa:PBXHeadersBuildPhase,runOnlyForDeploymentPostprocessing:0,,buildActionMask:2147483647,displayName:Sources,files:|,|,|,|,|,|,|,|,|,|,|,|,|,|,|,|,|,|,|,|,|,|,|,isa:PBXSourcesBuildPhase,runOnlyForDeploymentPostprocessing:0,,buildActionMask:2147483647,displayName:Frameworks,files:|,isa:PBXFrameworksBuildPhase,runOnlyForDeploymentPostprocessing:0,,buildActionMask:2147483647,displayName:Resources,files:,isa:PBXResourcesBuildPhase,runOnlyForDeploymentPostprocessing:0,,buildRules:,dependencies:displayName:React-Core,isa:PBXTargetDependency,targetProxy:containerPortal:|,displayName:|,isa:|,proxyType:|,remoteGlobalIDString:|,remoteInfo:|,,,displayName:RCT-Folly,isa:PBXTargetDependency,targetProxy:containerPortal:|,displayName:|,isa:|,proxyType:|,remoteGlobalIDString:|,remoteInfo:|,,,displayName:glog,isa:PBXTargetDependency,targetProxy:containerPortal:|,displayName:|,isa:|,proxyType:|,remoteGlobalIDString:|,remoteInfo:|,,,displayName:React-RCTFabric,isa:PBXTargetDependency,targetProxy:containerPortal:|,displayName:|,isa:|,proxyType:|,remoteGlobalIDString:|,remoteInfo:|,,,displayName:React-Codegen,isa:PBXTargetDependency,targetProxy:containerPortal:|,displayName:|,isa:|,proxyType:|,remoteGlobalIDString:|,remoteInfo:|,,,displayName:RCTRequired,isa:PBXTargetDependency,targetProxy:containerPortal:|,displayName:|,isa:|,proxyType:|,remoteGlobalIDString:|,remoteInfo:|,,,displayName:RCTTypeSafety,isa:PBXTargetDependency,targetProxy:containerPortal:|,displayName:|,isa:|,proxyType:|,remoteGlobalIDString:|,remoteInfo:|,,,displayName:ReactCommon,isa:PBXTargetDependency,targetProxy:containerPortal:|,displayName:|,isa:|,proxyType:|,remoteGlobalIDString:|,remoteInfo:|,,,displayName:React-NativeModulesApple,isa:PBXTargetDependency,targetProxy:containerPortal:|,displayName:|,isa:|,proxyType:|,remoteGlobalIDString:|,remoteInfo:|,,,displayName:Yoga,isa:PBXTargetDependency,targetProxy:containerPortal:|,displayName:|,isa:|,proxyType:|,remoteGlobalIDString:|,remoteInfo:|,,,displayName:React-Fabric,isa:PBXTargetDependency,targetProxy:containerPortal:|,displayName:|,isa:|,proxyType:|,remoteGlobalIDString:|,remoteInfo:|,,,displayName:React-graphics,isa:PBXTargetDependency,targetProxy:containerPortal:|,displayName:|,isa:|,proxyType:|,remoteGlobalIDString:|,remoteInfo:|,,,displayName:React-utils,isa:PBXTargetDependency,targetProxy:containerPortal:|,displayName:|,isa:|,proxyType:|,remoteGlobalIDString:|,remoteInfo:|,,,displayName:React-featureflags,isa:PBXTargetDependency,targetProxy:containerPortal:|,displayName:|,isa:|,proxyType:|,remoteGlobalIDString:|,remoteInfo:|,,,displayName:React-debug,isa:PBXTargetDependency,targetProxy:containerPortal:|,displayName:|,isa:|,proxyType:|,remoteGlobalIDString:|,remoteInfo:|,,,displayName:React-ImageManager,isa:PBXTargetDependency,targetProxy:containerPortal:|,displayName:|,isa:|,proxyType:|,remoteGlobalIDString:|,remoteInfo:|,,,displayName:React-rendererdebug,isa:PBXTargetDependency,targetProxy:containerPortal:|,displayName:|,isa:|,proxyType:|,remoteGlobalIDString:|,remoteInfo:|,,,displayName:DoubleConversion,isa:PBXTargetDependency,targetProxy:containerPortal:|,displayName:|,isa:|,proxyType:|,remoteGlobalIDString:|,remoteInfo:|,,,displayName:React-jsi,isa:PBXTargetDependency,targetProxy:containerPortal:|,displayName:|,isa:|,proxyType:|,remoteGlobalIDString:|,remoteInfo:|,,,displayName:RNGestureHandler,fileSystemSynchronizedGroups:,isa:PBXNativeTarget,name:RNGestureHandler,packageProductDependencies:,productName:RNGestureHandler,productReference:displayName:RNGestureHandler,explicitFileType:wrapper.framework,includeInIndex:0,isa:PBXFileReference,name:RNGestureHandler,path:RNGestureHandler.framework,sourceTree:BUILT_PRODUCTS_DIR,,productType:com.apple.product-type.framework,/dependencies/displayName:React-RCTFabric,isa:PBXTargetDependency,targetProxy:containerPortal:46EB2E00000000,displayName:ContainerItemProxy,isa:PBXContainerItemProxy,proxyType:1,remoteGlobalIDString:46EB2E00020EA0,remoteInfo:React-RCTFabric,,/target/dependencies/displayName:React-RCTImage,isa:PBXTargetDependency,targetProxy:containerPortal:46EB2E00000000,displayName:ContainerItemProxy,isa:PBXContainerItemProxy,proxyType:1,remoteGlobalIDString:46EB2E000215E0,remoteInfo:React-RCTImage,,/target/dependencies/displayName:React-RCTNetwork,isa:PBXTargetDependency,targetProxy:containerPortal:46EB2E00000000,displayName:ContainerItemProxy,isa:PBXContainerItemProxy,proxyType:1,remoteGlobalIDString:46EB2E000219A0,remoteInfo:React-RCTNetwork,,/target/dependencies/displayName:React-Codegen,isa:PBXTargetDependency,targetProxy:containerPortal:46EB2E00000000,displayName:ContainerItemProxy,isa:PBXContainerItemProxy,proxyType:1,remoteGlobalIDString:46EB2E0001AAC0,remoteInfo:React-Codegen,,/target/buildPhases/buildActionMask:2147483647,displayName:Sources,files:displayName:FBReactNativeSpec-generated.mm,fileRef:displayName:|,includeInIndex:|,isa:|,path:|,sourceTree:|,,isa:PBXBuildFile,settings:COMPILER_FLAGS:|,,,displayName:FBReactNativeSpecJSI-generated.cpp,fileRef:displayName:|,includeInIndex:|,isa:|,lastKnownFileType:|,path:|,sourceTree:|,,isa:PBXBuildFile,settings:COMPILER_FLAGS:|,,,displayName:RCTModulesConformingToProtocolsProvider.mm,fileRef:displayName:|,includeInIndex:|,isa:|,path:|,sourceTree:|,,isa:PBXBuildFile,settings:COMPILER_FLAGS:|,,,displayName:ComponentDescriptors.cpp,fileRef:displayName:|,includeInIndex:|,isa:|,lastKnownFileType:|,path:|,sourceTree:|,,isa:PBXBuildFile,settings:COMPILER_FLAGS:|,,,displayName:EventEmitters.cpp,fileRef:displayName:|,includeInIndex:|,isa:|,lastKnownFileType:|,path:|,sourceTree:|,,isa:PBXBuildFile,settings:COMPILER_FLAGS:|,,,displayName:Props.cpp,fileRef:displayName:|,includeInIndex:|,isa:|,lastKnownFileType:|,path:|,sourceTree:|,,isa:PBXBuildFile,settings:COMPILER_FLAGS:|,,,displayName:ShadowNodes.cpp,fileRef:displayName:|,includeInIndex:|,isa:|,lastKnownFileType:|,path:|,sourceTree:|,,isa:PBXBuildFile,settings:COMPILER_FLAGS:|,,,displayName:States.cpp,fileRef:displayName:|,includeInIndex:|,isa:|,lastKnownFileType:|,path:|,sourceTree:|,,isa:PBXBuildFile,settings:COMPILER_FLAGS:|,,,displayName:ComponentDescriptors.cpp,fileRef:displayName:|,includeInIndex:|,isa:|,lastKnownFileType:|,path:|,sourceTree:|,,isa:PBXBuildFile,settings:COMPILER_FLAGS:|,,,displayName:EventEmitters.cpp,fileRef:displayName:|,includeInIndex:|,isa:|,lastKnownFileType:|,path:|,sourceTree:|,,isa:PBXBuildFile,settings:COMPILER_FLAGS:|,,,displayName:Props.cpp,fileRef:displayName:|,includeInIndex:|,isa:|,lastKnownFileType:|,path:|,sourceTree:|,,isa:PBXBuildFile,settings:COMPILER_FLAGS:|,,,displayName:ShadowNodes.cpp,fileRef:displayName:|,includeInIndex:|,isa:|,lastKnownFileType:|,path:|,sourceTree:|,,isa:PBXBuildFile,settings:COMPILER_FLAGS:|,,,displayName:States.cpp,fileRef:displayName:|,includeInIndex:|,isa:|,lastKnownFileType:|,path:|,sourceTree:|,,isa:PBXBuildFile,settings:COMPILER_FLAGS:|,,,displayName:ComponentDescriptors.cpp,fileRef:displayName:|,includeInIndex:|,isa:|,lastKnownFileType:|,path:|,sourceTree:|,,isa:PBXBuildFile,settings:COMPILER_FLAGS:|,,,displayName:EventEmitters.cpp,fileRef:displayName:|,includeInIndex:|,isa:|,lastKnownFileType:|,path:|,sourceTree:|,,isa:PBXBuildFile,settings:COMPILER_FLAGS:|,,,displayName:Props.cpp,fileRef:displayName:|,includeInIndex:|,isa:|,lastKnownFileType:|,path:|,sourceTree:|,,isa:PBXBuildFile,settings:COMPILER_FLAGS:|,,,displayName:ShadowNodes.cpp,fileRef:displayName:|,includeInIndex:|,isa:|,lastKnownFileType:|,path:|,sourceTree:|,,isa:PBXBuildFile,settings:COMPILER_FLAGS:|,,,displayName:States.cpp,fileRef:displayName:|,includeInIndex:|,isa:|,lastKnownFileType:|,path:|,sourceTree:|,,isa:PBXBuildFile,settings:COMPILER_FLAGS:|,,,displayName:ComponentDescriptors.cpp,fileRef:displayName:|,includeInIndex:|,isa:|,lastKnownFileType:|,path:|,sourceTree:|,,isa:PBXBuildFile,settings:COMPILER_FLAGS:|,,,displayName:EventEmitters.cpp,fileRef:displayName:|,includeInIndex:|,isa:|,lastKnownFileType:|,path:|,sourceTree:|,,isa:PBXBuildFile,settings:COMPILER_FLAGS:|,,,displayName:Props.cpp,fileRef:displayName:|,includeInIndex:|,isa:|,lastKnownFileType:|,path:|,sourceTree:|,,isa:PBXBuildFile,settings:COMPILER_FLAGS:|,,,displayName:ShadowNodes.cpp,fileRef:displayName:|,includeInIndex:|,isa:|,lastKnownFileType:|,path:|,sourceTree:|,,isa:PBXBuildFile,settings:COMPILER_FLAGS:|,,,displayName:States.cpp,fileRef:displayName:|,includeInIndex:|,isa:|,lastKnownFileType:|,path:|,sourceTree:|,,isa:PBXBuildFile,settings:COMPILER_FLAGS:|,,,displayName:ComponentDescriptors.cpp,fileRef:displayName:|,includeInIndex:|,isa:|,lastKnownFileType:|,path:|,sourceTree:|,,isa:PBXBuildFile,settings:COMPILER_FLAGS:|,,,displayName:EventEmitters.cpp,fileRef:displayName:|,includeInIndex:|,isa:|,lastKnownFileType:|,path:|,sourceTree:|,,isa:PBXBuildFile,settings:COMPILER_FLAGS:|,,,displayName:Props.cpp,fileRef:displayName:|,includeInIndex:|,isa:|,lastKnownFileType:|,path:|,sourceTree:|,,isa:PBXBuildFile,settings:COMPILER_FLAGS:|,,,displayName:ShadowNodes.cpp,fileRef:displayName:|,includeInIndex:|,isa:|,lastKnownFileType:|,path:|,sourceTree:|,,isa:PBXBuildFile,settings:COMPILER_FLAGS:|,,,displayName:States.cpp,fileRef:displayName:|,includeInIndex:|,isa:|,lastKnownFileType:|,path:|,sourceTree:|,,isa:PBXBuildFile,settings:COMPILER_FLAGS:|,,,displayName:ComponentDescriptors.cpp,fileRef:displayName:|,includeInIndex:|,isa:|,lastKnownFileType:|,path:|,sourceTree:|,,isa:PBXBuildFile,settings:COMPILER_FLAGS:|,,,displayName:EventEmitters.cpp,fileRef:displayName:|,includeInIndex:|,isa:|,lastKnownFileType:|,path:|,sourceTree:|,,isa:PBXBuildFile,settings:COMPILER_FLAGS:|,,,displayName:Props.cpp,fileRef:displayName:|,includeInIndex:|,isa:|,lastKnownFileType:|,path:|,sourceTree:|,,isa:PBXBuildFile,settings:COMPILER_FLAGS:|,,,displayName:ShadowNodes.cpp,fileRef:displayName:|,includeInIndex:|,isa:|,lastKnownFileType:|,path:|,sourceTree:|,,isa:PBXBuildFile,settings:COMPILER_FLAGS:|,,,displayName:States.cpp,fileRef:displayName:|,includeInIndex:|,isa:|,lastKnownFileType:|,path:|,sourceTree:|,,isa:PBXBuildFile,settings:COMPILER_FLAGS:|,,,displayName:rnasyncstorage-generated.mm,fileRef:displayName:|,includeInIndex:|,isa:|,path:|,sourceTree:|,,isa:PBXBuildFile,settings:COMPILER_FLAGS:|,,,displayName:rnasyncstorageJSI-generated.cpp,fileRef:displayName:|,includeInIndex:|,isa:|,lastKnownFileType:|,path:|,sourceTree:|,,isa:PBXBuildFile,settings:COMPILER_FLAGS:|,,,displayName:RNCConfigModule-generated.mm,fileRef:displayName:|,includeInIndex:|,isa:|,path:|,sourceTree:|,,isa:PBXBuildFile,settings:COMPILER_FLAGS:|,,,displayName:RNCConfigModuleJSI-generated.cpp,fileRef:displayName:|,includeInIndex:|,isa:|,lastKnownFileType:|,path:|,sourceTree:|,,isa:PBXBuildFile,settings:COMPILER_FLAGS:|,,,displayName:rnclipboard-generated.mm,fileRef:displayName:|,includeInIndex:|,isa:|,path:|,sourceTree:|,,isa:PBXBuildFile,settings:COMPILER_FLAGS:|,,,displayName:rnclipboardJSI-generated.cpp,fileRef:displayName:|,includeInIndex:|,isa:|,lastKnownFileType:|,path:|,sourceTree:|,,isa:PBXBuildFile,settings:COMPILER_FLAGS:|,,,displayName:rngesturehandler_codegen-generated.mm,fileRef:displayName:|,includeInIndex:|,isa:|,path:|,sourceTree:|,,isa:PBXBuildFile,settings:COMPILER_FLAGS:|,,,displayName:rngesturehandler_codegenJSI-generated.cpp,fileRef:displayName:|,includeInIndex:|,isa:|,lastKnownFileType:|,path:|,sourceTree:|,,isa:PBXBuildFile,settings:COMPILER_FLAGS:|,,,displayName:RNGoogleSignInCGen-generated.mm,fileRef:displayName:|,includeInIndex:|,isa:|,path:|,sourceTree:|,,isa:PBXBuildFile,settings:COMPILER_FLAGS:|,,,displayName:RNGoogleSignInCGenJSI-generated.cpp,fileRef:displayName:|,includeInIndex:|,isa:|,lastKnownFileType:|,path:|,sourceTree:|,,isa:PBXBuildFile,settings:COMPILER_FLAGS:|,,,displayName:RNImagePickerSpec-generated.mm,fileRef:displayName:|,includeInIndex:|,isa:|,path:|,sourceTree:|,,isa:PBXBuildFile,settings:COMPILER_FLAGS:|,,,displayName:RNImagePickerSpecJSI-generated.cpp,fileRef:displayName:|,includeInIndex:|,isa:|,lastKnownFileType:|,path:|,sourceTree:|,,isa:PBXBuildFile,settings:COMPILER_FLAGS:|,,,displayName:rnpermissions-generated.mm,fileRef:displayName:|,includeInIndex:|,isa:|,path:|,sourceTree:|,,isa:PBXBuildFile,settings:COMPILER_FLAGS:|,,,displayName:rnpermissionsJSI-generated.cpp,fileRef:displayName:|,includeInIndex:|,isa:|,lastKnownFileType:|,path:|,sourceTree:|,,isa:PBXBuildFile,settings:COMPILER_FLAGS:|,,,displayName:rnreanimated-generated.mm,fileRef:displayName:|,includeInIndex:|,isa:|,path:|,sourceTree:|,,isa:PBXBuildFile,settings:COMPILER_FLAGS:|,,,displayName:rnreanimatedJSI-generated.cpp,fileRef:displayName:|,includeInIndex:|,isa:|,lastKnownFileType:|,path:|,sourceTree:|,,isa:PBXBuildFile,settings:COMPILER_FLAGS:|,,,displayName:rnscreens-generated.mm,fileRef:displayName:|,includeInIndex:|,isa:|,path:|,sourceTree:|,,isa:PBXBuildFile,settings:COMPILER_FLAGS:|,,,displayName:rnscreensJSI-generated.cpp,fileRef:displayName:|,includeInIndex:|,isa:|,lastKnownFileType:|,path:|,sourceTree:|,,isa:PBXBuildFile,settings:COMPILER_FLAGS:|,,,displayName:rnsvg-generated.mm,fileRef:displayName:|,includeInIndex:|,isa:|,path:|,sourceTree:|,,isa:PBXBuildFile,settings:COMPILER_FLAGS:|,,,displayName:rnsvgJSI-generated.cpp,fileRef:displayName:|,includeInIndex:|,isa:|,lastKnownFileType:|,path:|,sourceTree:|,,isa:PBXBuildFile,settings:COMPILER_FLAGS:|,,,displayName:RNVectorIconsSpec-generated.mm,fileRef:displayName:|,includeInIndex:|,isa:|,path:|,sourceTree:|,,isa:PBXBuildFile,settings:COMPILER_FLAGS:|,,,displayName:RNVectorIconsSpecJSI-generated.cpp,fileRef:displayName:|,includeInIndex:|,isa:|,lastKnownFileType:|,path:|,sourceTree:|,,isa:PBXBuildFile,settings:COMPILER_FLAGS:|,,,displayName:safeareacontext-generated.mm,fileRef:displayName:|,includeInIndex:|,isa:|,path:|,sourceTree:|,,isa:PBXBuildFile,settings:COMPILER_FLAGS:|,,,displayName:safeareacontextJSI-generated.cpp,fileRef:displayName:|,includeInIndex:|,isa:|,lastKnownFileType:|,path:|,sourceTree:|,,isa:PBXBuildFile,settings:COMPILER_FLAGS:|,,,displayName:React-Codegen-dummy.m,fileRef:displayName:|,includeInIndex:|,isa:|,lastKnownFileType:|,path:|,sourceTree:|,,isa:PBXBuildFile,,isa:PBXSourcesBuildPhase,runOnlyForDeploymentPostprocessing:0,/files/displayName:ComponentDescriptors.cpp,fileRef:displayName:ComponentDescriptors.cpp,includeInIndex:1,isa:PBXFileReference,lastKnownFileType:sourcecode.cpp.cpp,path:ComponentDescriptors.cpp,sourceTree:<group>,,isa:PBXBuildFile,settings:COMPILER_FLAGS:-DFOLLY_NO_CONFIG -DFOLLY_MOBILE=1 -DFOLLY_USE_LIBCPP=1 -DFOLLY_CFG_NO_COROUTINES=1 -DFOLLY_HAVE_CLOCK_GETTIME=1 -Wno-comma -Wno-shorten-64-to-32 -Wno-documentation -Wno-nullability-completeness -std=c++20,,
PBXBuildFile -- Pods.xcodeproj/targets/buildConfigurationList:buildConfigurations:baseConfigurationReference:|,buildSettings:|,displayName:|,isa:|,name:|,,baseConfigurationReference:|,buildSettings:|,displayName:|,isa:|,name:|,,defaultConfigurationIsVisible:0,defaultConfigurationName:Release,displayName:ConfigurationList,isa:XCConfigurationList,,buildPhases:buildActionMask:2147483647,displayName:Headers,files:|,|,|,|,|,|,|,|,|,|,|,|,|,|,|,|,|,|,|,|,|,|,|,|,|,|,|,|,isa:PBXHeadersBuildPhase,runOnlyForDeploymentPostprocessing:0,,buildActionMask:2147483647,displayName:Sources,files:|,|,|,|,|,|,|,|,|,|,|,|,|,|,|,|,|,|,|,|,|,|,|,isa:PBXSourcesBuildPhase,runOnlyForDeploymentPostprocessing:0,,buildActionMask:2147483647,displayName:Frameworks,files:|,isa:PBXFrameworksBuildPhase,runOnlyForDeploymentPostprocessing:0,,buildActionMask:2147483647,displayName:Resources,files:,isa:PBXResourcesBuildPhase,runOnlyForDeploymentPostprocessing:0,,buildRules:,dependencies:displayName:React-Core,isa:PBXTargetDependency,targetProxy:containerPortal:|,displayName:|,isa:|,proxyType:|,remoteGlobalIDString:|,remoteInfo:|,,,displayName:RCT-Folly,isa:PBXTargetDependency,targetProxy:containerPortal:|,displayName:|,isa:|,proxyType:|,remoteGlobalIDString:|,remoteInfo:|,,,displayName:glog,isa:PBXTargetDependency,targetProxy:containerPortal:|,displayName:|,isa:|,proxyType:|,remoteGlobalIDString:|,remoteInfo:|,,,displayName:React-RCTFabric,isa:PBXTargetDependency,targetProxy:containerPortal:|,displayName:|,isa:|,proxyType:|,remoteGlobalIDString:|,remoteInfo:|,,,displayName:React-Codegen,isa:PBXTargetDependency,targetProxy:containerPortal:|,displayName:|,isa:|,proxyType:|,remoteGlobalIDString:|,remoteInfo:|,,,displayName:RCTRequired,isa:PBXTargetDependency,targetProxy:containerPortal:|,displayName:|,isa:|,proxyType:|,remoteGlobalIDString:|,remoteInfo:|,,,displayName:RCTTypeSafety,isa:PBXTargetDependency,targetProxy:containerPortal:|,displayName:|,isa:|,proxyType:|,remoteGlobalIDString:|,remoteInfo:|,,,displayName:ReactCommon,isa:PBXTargetDependency,targetProxy:containerPortal:|,displayName:|,isa:|,proxyType:|,remoteGlobalIDString:|,remoteInfo:|,,,displayName:React-NativeModulesApple,isa:PBXTargetDependency,targetProxy:containerPortal:|,displayName:|,isa:|,proxyType:|,remoteGlobalIDString:|,remoteInfo:|,,,displayName:Yoga,isa:PBXTargetDependency,targetProxy:containerPortal:|,displayName:|,isa:|,proxyType:|,remoteGlobalIDString:|,remoteInfo:|,,,displayName:React-Fabric,isa:PBXTargetDependency,targetProxy:containerPortal:|,displayName:|,isa:|,proxyType:|,remoteGlobalIDString:|,remoteInfo:|,,,displayName:React-graphics,isa:PBXTargetDependency,targetProxy:containerPortal:|,displayName:|,isa:|,proxyType:|,remoteGlobalIDString:|,remoteInfo:|,,,displayName:React-utils,isa:PBXTargetDependency,targetProxy:containerPortal:|,displayName:|,isa:|,proxyType:|,remoteGlobalIDString:|,remoteInfo:|,,,displayName:React-featureflags,isa:PBXTargetDependency,targetProxy:containerPortal:|,displayName:|,isa:|,proxyType:|,remoteGlobalIDString:|,remoteInfo:|,,,displayName:React-debug,isa:PBXTargetDependency,targetProxy:containerPortal:|,displayName:|,isa:|,proxyType:|,remoteGlobalIDString:|,remoteInfo:|,,,displayName:React-ImageManager,isa:PBXTargetDependency,targetProxy:containerPortal:|,displayName:|,isa:|,proxyType:|,remoteGlobalIDString:|,remoteInfo:|,,,displayName:React-rendererdebug,isa:PBXTargetDependency,targetProxy:containerPortal:|,displayName:|,isa:|,proxyType:|,remoteGlobalIDString:|,remoteInfo:|,,,displayName:DoubleConversion,isa:PBXTargetDependency,targetProxy:containerPortal:|,displayName:|,isa:|,proxyType:|,remoteGlobalIDString:|,remoteInfo:|,,,displayName:React-jsi,isa:PBXTargetDependency,targetProxy:containerPortal:|,displayName:|,isa:|,proxyType:|,remoteGlobalIDString:|,remoteInfo:|,,,displayName:RNGestureHandler,fileSystemSynchronizedGroups:,isa:PBXNativeTarget,name:RNGestureHandler,packageProductDependencies:,productName:RNGestureHandler,productReference:displayName:RNGestureHandler,explicitFileType:wrapper.framework,includeInIndex:0,isa:PBXFileReference,name:RNGestureHandler,path:RNGestureHandler.framework,sourceTree:BUILT_PRODUCTS_DIR,,productType:com.apple.product-type.framework,/dependencies/displayName:React-RCTFabric,isa:PBXTargetDependency,targetProxy:containerPortal:46EB2E00000000,displayName:ContainerItemProxy,isa:PBXContainerItemProxy,proxyType:1,remoteGlobalIDString:46EB2E00020EA0,remoteInfo:React-RCTFabric,,/target/dependencies/displayName:React-RCTImage,isa:PBXTargetDependency,targetProxy:containerPortal:46EB2E00000000,displayName:ContainerItemProxy,isa:PBXContainerItemProxy,proxyType:1,remoteGlobalIDString:46EB2E000215E0,remoteInfo:React-RCTImage,,/target/dependencies/displayName:React-RCTNetwork,isa:PBXTargetDependency,targetProxy:containerPortal:46EB2E00000000,displayName:ContainerItemProxy,isa:PBXContainerItemProxy,proxyType:1,remoteGlobalIDString:46EB2E000219A0,remoteInfo:React-RCTNetwork,,/target/dependencies/displayName:React-Codegen,isa:PBXTargetDependency,targetProxy:containerPortal:46EB2E00000000,displayName:ContainerItemProxy,isa:PBXContainerItemProxy,proxyType:1,remoteGlobalIDString:46EB2E0001AAC0,remoteInfo:React-Codegen,,/target/buildPhases/buildActionMask:2147483647,displayName:Sources,files:displayName:FBReactNativeSpec-generated.mm,fileRef:displayName:|,includeInIndex:|,isa:|,path:|,sourceTree:|,,isa:PBXBuildFile,settings:COMPILER_FLAGS:|,,,displayName:FBReactNativeSpecJSI-generated.cpp,fileRef:displayName:|,includeInIndex:|,isa:|,lastKnownFileType:|,path:|,sourceTree:|,,isa:PBXBuildFile,settings:COMPILER_FLAGS:|,,,displayName:RCTModulesConformingToProtocolsProvider.mm,fileRef:displayName:|,includeInIndex:|,isa:|,path:|,sourceTree:|,,isa:PBXBuildFile,settings:COMPILER_FLAGS:|,,,displayName:ComponentDescriptors.cpp,fileRef:displayName:|,includeInIndex:|,isa:|,lastKnownFileType:|,path:|,sourceTree:|,,isa:PBXBuildFile,settings:COMPILER_FLAGS:|,,,displayName:EventEmitters.cpp,fileRef:displayName:|,includeInIndex:|,isa:|,lastKnownFileType:|,path:|,sourceTree:|,,isa:PBXBuildFile,settings:COMPILER_FLAGS:|,,,displayName:Props.cpp,fileRef:displayName:|,includeInIndex:|,isa:|,lastKnownFileType:|,path:|,sourceTree:|,,isa:PBXBuildFile,settings:COMPILER_FLAGS:|,,,displayName:ShadowNodes.cpp,fileRef:displayName:|,includeInIndex:|,isa:|,lastKnownFileType:|,path:|,sourceTree:|,,isa:PBXBuildFile,settings:COMPILER_FLAGS:|,,,displayName:States.cpp,fileRef:displayName:|,includeInIndex:|,isa:|,lastKnownFileType:|,path:|,sourceTree:|,,isa:PBXBuildFile,settings:COMPILER_FLAGS:|,,,displayName:ComponentDescriptors.cpp,fileRef:displayName:|,includeInIndex:|,isa:|,lastKnownFileType:|,path:|,sourceTree:|,,isa:PBXBuildFile,settings:COMPILER_FLAGS:|,,,displayName:EventEmitters.cpp,fileRef:displayName:|,includeInIndex:|,isa:|,lastKnownFileType:|,path:|,sourceTree:|,,isa:PBXBuildFile,settings:COMPILER_FLAGS:|,,,displayName:Props.cpp,fileRef:displayName:|,includeInIndex:|,isa:|,lastKnownFileType:|,path:|,sourceTree:|,,isa:PBXBuildFile,settings:COMPILER_FLAGS:|,,,displayName:ShadowNodes.cpp,fileRef:displayName:|,includeInIndex:|,isa:|,lastKnownFileType:|,path:|,sourceTree:|,,isa:PBXBuildFile,settings:COMPILER_FLAGS:|,,,displayName:States.cpp,fileRef:displayName:|,includeInIndex:|,isa:|,lastKnownFileType:|,path:|,sourceTree:|,,isa:PBXBuildFile,settings:COMPILER_FLAGS:|,,,displayName:ComponentDescriptors.cpp,fileRef:displayName:|,includeInIndex:|,isa:|,lastKnownFileType:|,path:|,sourceTree:|,,isa:PBXBuildFile,settings:COMPILER_FLAGS:|,,,displayName:EventEmitters.cpp,fileRef:displayName:|,includeInIndex:|,isa:|,lastKnownFileType:|,path:|,sourceTree:|,,isa:PBXBuildFile,settings:COMPILER_FLAGS:|,,,displayName:Props.cpp,fileRef:displayName:|,includeInIndex:|,isa:|,lastKnownFileType:|,path:|,sourceTree:|,,isa:PBXBuildFile,settings:COMPILER_FLAGS:|,,,displayName:ShadowNodes.cpp,fileRef:displayName:|,includeInIndex:|,isa:|,lastKnownFileType:|,path:|,sourceTree:|,,isa:PBXBuildFile,settings:COMPILER_FLAGS:|,,,displayName:States.cpp,fileRef:displayName:|,includeInIndex:|,isa:|,lastKnownFileType:|,path:|,sourceTree:|,,isa:PBXBuildFile,settings:COMPILER_FLAGS:|,,,displayName:ComponentDescriptors.cpp,fileRef:displayName:|,includeInIndex:|,isa:|,lastKnownFileType:|,path:|,sourceTree:|,,isa:PBXBuildFile,settings:COMPILER_FLAGS:|,,,displayName:EventEmitters.cpp,fileRef:displayName:|,includeInIndex:|,isa:|,lastKnownFileType:|,path:|,sourceTree:|,,isa:PBXBuildFile,settings:COMPILER_FLAGS:|,,,displayName:Props.cpp,fileRef:displayName:|,includeInIndex:|,isa:|,lastKnownFileType:|,path:|,sourceTree:|,,isa:PBXBuildFile,settings:COMPILER_FLAGS:|,,,displayName:ShadowNodes.cpp,fileRef:displayName:|,includeInIndex:|,isa:|,lastKnownFileType:|,path:|,sourceTree:|,,isa:PBXBuildFile,settings:COMPILER_FLAGS:|,,,displayName:States.cpp,fileRef:displayName:|,includeInIndex:|,isa:|,lastKnownFileType:|,path:|,sourceTree:|,,isa:PBXBuildFile,settings:COMPILER_FLAGS:|,,,displayName:ComponentDescriptors.cpp,fileRef:displayName:|,includeInIndex:|,isa:|,lastKnownFileType:|,path:|,sourceTree:|,,isa:PBXBuildFile,settings:COMPILER_FLAGS:|,,,displayName:EventEmitters.cpp,fileRef:displayName:|,includeInIndex:|,isa:|,lastKnownFileType:|,path:|,sourceTree:|,,isa:PBXBuildFile,settings:COMPILER_FLAGS:|,,,displayName:Props.cpp,fileRef:displayName:|,includeInIndex:|,isa:|,lastKnownFileType:|,path:|,sourceTree:|,,isa:PBXBuildFile,settings:COMPILER_FLAGS:|,,,displayName:ShadowNodes.cpp,fileRef:displayName:|,includeInIndex:|,isa:|,lastKnownFileType:|,path:|,sourceTree:|,,isa:PBXBuildFile,settings:COMPILER_FLAGS:|,,,displayName:States.cpp,fileRef:displayName:|,includeInIndex:|,isa:|,lastKnownFileType:|,path:|,sourceTree:|,,isa:PBXBuildFile,settings:COMPILER_FLAGS:|,,,displayName:ComponentDescriptors.cpp,fileRef:displayName:|,includeInIndex:|,isa:|,lastKnownFileType:|,path:|,sourceTree:|,,isa:PBXBuildFile,settings:COMPILER_FLAGS:|,,,displayName:EventEmitters.cpp,fileRef:displayName:|,includeInIndex:|,isa:|,lastKnownFileType:|,path:|,sourceTree:|,,isa:PBXBuildFile,settings:COMPILER_FLAGS:|,,,displayName:Props.cpp,fileRef:displayName:|,includeInIndex:|,isa:|,lastKnownFileType:|,path:|,sourceTree:|,,isa:PBXBuildFile,settings:COMPILER_FLAGS:|,,,displayName:ShadowNodes.cpp,fileRef:displayName:|,includeInIndex:|,isa:|,lastKnownFileType:|,path:|,sourceTree:|,,isa:PBXBuildFile,settings:COMPILER_FLAGS:|,,,displayName:States.cpp,fileRef:displayName:|,includeInIndex:|,isa:|,lastKnownFileType:|,path:|,sourceTree:|,,isa:PBXBuildFile,settings:COMPILER_FLAGS:|,,,displayName:rnasyncstorage-generated.mm,fileRef:displayName:|,includeInIndex:|,isa:|,path:|,sourceTree:|,,isa:PBXBuildFile,settings:COMPILER_FLAGS:|,,,displayName:rnasyncstorageJSI-generated.cpp,fileRef:displayName:|,includeInIndex:|,isa:|,lastKnownFileType:|,path:|,sourceTree:|,,isa:PBXBuildFile,settings:COMPILER_FLAGS:|,,,displayName:RNCConfigModule-generated.mm,fileRef:displayName:|,includeInIndex:|,isa:|,path:|,sourceTree:|,,isa:PBXBuildFile,settings:COMPILER_FLAGS:|,,,displayName:RNCConfigModuleJSI-generated.cpp,fileRef:displayName:|,includeInIndex:|,isa:|,lastKnownFileType:|,path:|,sourceTree:|,,isa:PBXBuildFile,settings:COMPILER_FLAGS:|,,,displayName:rnclipboard-generated.mm,fileRef:displayName:|,includeInIndex:|,isa:|,path:|,sourceTree:|,,isa:PBXBuildFile,settings:COMPILER_FLAGS:|,,,displayName:rnclipboardJSI-generated.cpp,fileRef:displayName:|,includeInIndex:|,isa:|,lastKnownFileType:|,path:|,sourceTree:|,,isa:PBXBuildFile,settings:COMPILER_FLAGS:|,,,displayName:rngesturehandler_codegen-generated.mm,fileRef:displayName:|,includeInIndex:|,isa:|,path:|,sourceTree:|,,isa:PBXBuildFile,settings:COMPILER_FLAGS:|,,,displayName:rngesturehandler_codegenJSI-generated.cpp,fileRef:displayName:|,includeInIndex:|,isa:|,lastKnownFileType:|,path:|,sourceTree:|,,isa:PBXBuildFile,settings:COMPILER_FLAGS:|,,,displayName:RNGoogleSignInCGen-generated.mm,fileRef:displayName:|,includeInIndex:|,isa:|,path:|,sourceTree:|,,isa:PBXBuildFile,settings:COMPILER_FLAGS:|,,,displayName:RNGoogleSignInCGenJSI-generated.cpp,fileRef:displayName:|,includeInIndex:|,isa:|,lastKnownFileType:|,path:|,sourceTree:|,,isa:PBXBuildFile,settings:COMPILER_FLAGS:|,,,displayName:RNImagePickerSpec-generated.mm,fileRef:displayName:|,includeInIndex:|,isa:|,path:|,sourceTree:|,,isa:PBXBuildFile,settings:COMPILER_FLAGS:|,,,displayName:RNImagePickerSpecJSI-generated.cpp,fileRef:displayName:|,includeInIndex:|,isa:|,lastKnownFileType:|,path:|,sourceTree:|,,isa:PBXBuildFile,settings:COMPILER_FLAGS:|,,,displayName:rnpermissions-generated.mm,fileRef:displayName:|,includeInIndex:|,isa:|,path:|,sourceTree:|,,isa:PBXBuildFile,settings:COMPILER_FLAGS:|,,,displayName:rnpermissionsJSI-generated.cpp,fileRef:displayName:|,includeInIndex:|,isa:|,lastKnownFileType:|,path:|,sourceTree:|,,isa:PBXBuildFile,settings:COMPILER_FLAGS:|,,,displayName:rnreanimated-generated.mm,fileRef:displayName:|,includeInIndex:|,isa:|,path:|,sourceTree:|,,isa:PBXBuildFile,settings:COMPILER_FLAGS:|,,,displayName:rnreanimatedJSI-generated.cpp,fileRef:displayName:|,includeInIndex:|,isa:|,lastKnownFileType:|,path:|,sourceTree:|,,isa:PBXBuildFile,settings:COMPILER_FLAGS:|,,,displayName:rnscreens-generated.mm,fileRef:displayName:|,includeInIndex:|,isa:|,path:|,sourceTree:|,,isa:PBXBuildFile,settings:COMPILER_FLAGS:|,,,displayName:rnscreensJSI-generated.cpp,fileRef:displayName:|,includeInIndex:|,isa:|,lastKnownFileType:|,path:|,sourceTree:|,,isa:PBXBuildFile,settings:COMPILER_FLAGS:|,,,displayName:rnsvg-generated.mm,fileRef:displayName:|,includeInIndex:|,isa:|,path:|,sourceTree:|,,isa:PBXBuildFile,settings:COMPILER_FLAGS:|,,,displayName:rnsvgJSI-generated.cpp,fileRef:displayName:|,includeInIndex:|,isa:|,lastKnownFileType:|,path:|,sourceTree:|,,isa:PBXBuildFile,settings:COMPILER_FLAGS:|,,,displayName:RNVectorIconsSpec-generated.mm,fileRef:displayName:|,includeInIndex:|,isa:|,path:|,sourceTree:|,,isa:PBXBuildFile,settings:COMPILER_FLAGS:|,,,displayName:RNVectorIconsSpecJSI-generated.cpp,fileRef:displayName:|,includeInIndex:|,isa:|,lastKnownFileType:|,path:|,sourceTree:|,,isa:PBXBuildFile,settings:COMPILER_FLAGS:|,,,displayName:safeareacontext-generated.mm,fileRef:displayName:|,includeInIndex:|,isa:|,path:|,sourceTree:|,,isa:PBXBuildFile,settings:COMPILER_FLAGS:|,,,displayName:safeareacontextJSI-generated.cpp,fileRef:displayName:|,includeInIndex:|,isa:|,lastKnownFileType:|,path:|,sourceTree:|,,isa:PBXBuildFile,settings:COMPILER_FLAGS:|,,,displayName:React-Codegen-dummy.m,fileRef:displayName:|,includeInIndex:|,isa:|,lastKnownFileType:|,path:|,sourceTree:|,,isa:PBXBuildFile,,isa:PBXSourcesBuildPhase,runOnlyForDeploymentPostprocessing:0,/files/displayName:EventEmitters.cpp,fileRef:displayName:EventEmitters.cpp,includeInIndex:1,isa:PBXFileReference,lastKnownFileType:sourcecode.cpp.cpp,path:EventEmitters.cpp,sourceTree:<group>,,isa:PBXBuildFile,settings:COMPILER_FLAGS:-DFOLLY_NO_CONFIG -DFOLLY_MOBILE=1 -DFOLLY_USE_LIBCPP=1 -DFOLLY_CFG_NO_COROUTINES=1 -DFOLLY_HAVE_CLOCK_GETTIME=1 -Wno-comma -Wno-shorten-64-to-32 -Wno-documentation -Wno-nullability-completeness -std=c++20,,
PBXBuildFile -- Pods.xcodeproj/targets/buildConfigurationList:buildConfigurations:baseConfigurationReference:|,buildSettings:|,displayName:|,isa:|,name:|,,baseConfigurationReference:|,buildSettings:|,displayName:|,isa:|,name:|,,defaultConfigurationIsVisible:0,defaultConfigurationName:Release,displayName:ConfigurationList,isa:XCConfigurationList,,buildPhases:buildActionMask:2147483647,displayName:Headers,files:|,|,|,|,|,|,|,|,|,|,|,|,|,|,|,|,|,|,|,|,|,|,|,|,|,|,|,|,isa:PBXHeadersBuildPhase,runOnlyForDeploymentPostprocessing:0,,buildActionMask:2147483647,displayName:Sources,files:|,|,|,|,|,|,|,|,|,|,|,|,|,|,|,|,|,|,|,|,|,|,|,isa:PBXSourcesBuildPhase,runOnlyForDeploymentPostprocessing:0,,buildActionMask:2147483647,displayName:Frameworks,files:|,isa:PBXFrameworksBuildPhase,runOnlyForDeploymentPostprocessing:0,,buildActionMask:2147483647,displayName:Resources,files:,isa:PBXResourcesBuildPhase,runOnlyForDeploymentPostprocessing:0,,buildRules:,dependencies:displayName:React-Core,isa:PBXTargetDependency,targetProxy:containerPortal:|,displayName:|,isa:|,proxyType:|,remoteGlobalIDString:|,remoteInfo:|,,,displayName:RCT-Folly,isa:PBXTargetDependency,targetProxy:containerPortal:|,displayName:|,isa:|,proxyType:|,remoteGlobalIDString:|,remoteInfo:|,,,displayName:glog,isa:PBXTargetDependency,targetProxy:containerPortal:|,displayName:|,isa:|,proxyType:|,remoteGlobalIDString:|,remoteInfo:|,,,displayName:React-RCTFabric,isa:PBXTargetDependency,targetProxy:containerPortal:|,displayName:|,isa:|,proxyType:|,remoteGlobalIDString:|,remoteInfo:|,,,displayName:React-Codegen,isa:PBXTargetDependency,targetProxy:containerPortal:|,displayName:|,isa:|,proxyType:|,remoteGlobalIDString:|,remoteInfo:|,,,displayName:RCTRequired,isa:PBXTargetDependency,targetProxy:containerPortal:|,displayName:|,isa:|,proxyType:|,remoteGlobalIDString:|,remoteInfo:|,,,displayName:RCTTypeSafety,isa:PBXTargetDependency,targetProxy:containerPortal:|,displayName:|,isa:|,proxyType:|,remoteGlobalIDString:|,remoteInfo:|,,,displayName:ReactCommon,isa:PBXTargetDependency,targetProxy:containerPortal:|,displayName:|,isa:|,proxyType:|,remoteGlobalIDString:|,remoteInfo:|,,,displayName:React-NativeModulesApple,isa:PBXTargetDependency,targetProxy:containerPortal:|,displayName:|,isa:|,proxyType:|,remoteGlobalIDString:|,remoteInfo:|,,,displayName:Yoga,isa:PBXTargetDependency,targetProxy:containerPortal:|,displayName:|,isa:|,proxyType:|,remoteGlobalIDString:|,remoteInfo:|,,,displayName:React-Fabric,isa:PBXTargetDependency,targetProxy:containerPortal:|,displayName:|,isa:|,proxyType:|,remoteGlobalIDString:|,remoteInfo:|,,,displayName:React-graphics,isa:PBXTargetDependency,targetProxy:containerPortal:|,displayName:|,isa:|,proxyType:|,remoteGlobalIDString:|,remoteInfo:|,,,displayName:React-utils,isa:PBXTargetDependency,targetProxy:containerPortal:|,displayName:|,isa:|,proxyType:|,remoteGlobalIDString:|,remoteInfo:|,,,displayName:React-featureflags,isa:PBXTargetDependency,targetProxy:containerPortal:|,displayName:|,isa:|,proxyType:|,remoteGlobalIDString:|,remoteInfo:|,,,displayName:React-debug,isa:PBXTargetDependency,targetProxy:containerPortal:|,displayName:|,isa:|,proxyType:|,remoteGlobalIDString:|,remoteInfo:|,,,displayName:React-ImageManager,isa:PBXTargetDependency,targetProxy:containerPortal:|,displayName:|,isa:|,proxyType:|,remoteGlobalIDString:|,remoteInfo:|,,,displayName:React-rendererdebug,isa:PBXTargetDependency,targetProxy:containerPortal:|,displayName:|,isa:|,proxyType:|,remoteGlobalIDString:|,remoteInfo:|,,,displayName:DoubleConversion,isa:PBXTargetDependency,targetProxy:containerPortal:|,displayName:|,isa:|,proxyType:|,remoteGlobalIDString:|,remoteInfo:|,,,displayName:React-jsi,isa:PBXTargetDependency,targetProxy:containerPortal:|,displayName:|,isa:|,proxyType:|,remoteGlobalIDString:|,remoteInfo:|,,,displayName:RNGestureHandler,fileSystemSynchronizedGroups:,isa:PBXNativeTarget,name:RNGestureHandler,packageProductDependencies:,productName:RNGestureHandler,productReference:displayName:RNGestureHandler,explicitFileType:wrapper.framework,includeInIndex:0,isa:PBXFileReference,name:RNGestureHandler,path:RNGestureHandler.framework,sourceTree:BUILT_PRODUCTS_DIR,,productType:com.apple.product-type.framework,/dependencies/displayName:React-RCTFabric,isa:PBXTargetDependency,targetProxy:containerPortal:46EB2E00000000,displayName:ContainerItemProxy,isa:PBXContainerItemProxy,proxyType:1,remoteGlobalIDString:46EB2E00020EA0,remoteInfo:React-RCTFabric,,/target/dependencies/displayName:React-RCTImage,isa:PBXTargetDependency,targetProxy:containerPortal:46EB2E00000000,displayName:ContainerItemProxy,isa:PBXContainerItemProxy,proxyType:1,remoteGlobalIDString:46EB2E000215E0,remoteInfo:React-RCTImage,,/target/dependencies/displayName:React-RCTNetwork,isa:PBXTargetDependency,targetProxy:containerPortal:46EB2E00000000,displayName:ContainerItemProxy,isa:PBXContainerItemProxy,proxyType:1,remoteGlobalIDString:46EB2E000219A0,remoteInfo:React-RCTNetwork,,/target/dependencies/displayName:React-Codegen,isa:PBXTargetDependency,targetProxy:containerPortal:46EB2E00000000,displayName:ContainerItemProxy,isa:PBXContainerItemProxy,proxyType:1,remoteGlobalIDString:46EB2E0001AAC0,remoteInfo:React-Codegen,,/target/buildPhases/buildActionMask:2147483647,displayName:Sources,files:displayName:FBReactNativeSpec-generated.mm,fileRef:displayName:|,includeInIndex:|,isa:|,path:|,sourceTree:|,,isa:PBXBuildFile,settings:COMPILER_FLAGS:|,,,displayName:FBReactNativeSpecJSI-generated.cpp,fileRef:displayName:|,includeInIndex:|,isa:|,lastKnownFileType:|,path:|,sourceTree:|,,isa:PBXBuildFile,settings:COMPILER_FLAGS:|,,,displayName:RCTModulesConformingToProtocolsProvider.mm,fileRef:displayName:|,includeInIndex:|,isa:|,path:|,sourceTree:|,,isa:PBXBuildFile,settings:COMPILER_FLAGS:|,,,displayName:ComponentDescriptors.cpp,fileRef:displayName:|,includeInIndex:|,isa:|,lastKnownFileType:|,path:|,sourceTree:|,,isa:PBXBuildFile,settings:COMPILER_FLAGS:|,,,displayName:EventEmitters.cpp,fileRef:displayName:|,includeInIndex:|,isa:|,lastKnownFileType:|,path:|,sourceTree:|,,isa:PBXBuildFile,settings:COMPILER_FLAGS:|,,,displayName:Props.cpp,fileRef:displayName:|,includeInIndex:|,isa:|,lastKnownFileType:|,path:|,sourceTree:|,,isa:PBXBuildFile,settings:COMPILER_FLAGS:|,,,displayName:ShadowNodes.cpp,fileRef:displayName:|,includeInIndex:|,isa:|,lastKnownFileType:|,path:|,sourceTree:|,,isa:PBXBuildFile,settings:COMPILER_FLAGS:|,,,displayName:States.cpp,fileRef:displayName:|,includeInIndex:|,isa:|,lastKnownFileType:|,path:|,sourceTree:|,,isa:PBXBuildFile,settings:COMPILER_FLAGS:|,,,displayName:ComponentDescriptors.cpp,fileRef:displayName:|,includeInIndex:|,isa:|,lastKnownFileType:|,path:|,sourceTree:|,,isa:PBXBuildFile,settings:COMPILER_FLAGS:|,,,displayName:EventEmitters.cpp,fileRef:displayName:|,includeInIndex:|,isa:|,lastKnownFileType:|,path:|,sourceTree:|,,isa:PBXBuildFile,settings:COMPILER_FLAGS:|,,,displayName:Props.cpp,fileRef:displayName:|,includeInIndex:|,isa:|,lastKnownFileType:|,path:|,sourceTree:|,,isa:PBXBuildFile,settings:COMPILER_FLAGS:|,,,displayName:ShadowNodes.cpp,fileRef:displayName:|,includeInIndex:|,isa:|,lastKnownFileType:|,path:|,sourceTree:|,,isa:PBXBuildFile,settings:COMPILER_FLAGS:|,,,displayName:States.cpp,fileRef:displayName:|,includeInIndex:|,isa:|,lastKnownFileType:|,path:|,sourceTree:|,,isa:PBXBuildFile,settings:COMPILER_FLAGS:|,,,displayName:ComponentDescriptors.cpp,fileRef:displayName:|,includeInIndex:|,isa:|,lastKnownFileType:|,path:|,sourceTree:|,,isa:PBXBuildFile,settings:COMPILER_FLAGS:|,,,displayName:EventEmitters.cpp,fileRef:displayName:|,includeInIndex:|,isa:|,lastKnownFileType:|,path:|,sourceTree:|,,isa:PBXBuildFile,settings:COMPILER_FLAGS:|,,,displayName:Props.cpp,fileRef:displayName:|,includeInIndex:|,isa:|,lastKnownFileType:|,path:|,sourceTree:|,,isa:PBXBuildFile,settings:COMPILER_FLAGS:|,,,displayName:ShadowNodes.cpp,fileRef:displayName:|,includeInIndex:|,isa:|,lastKnownFileType:|,path:|,sourceTree:|,,isa:PBXBuildFile,settings:COMPILER_FLAGS:|,,,displayName:States.cpp,fileRef:displayName:|,includeInIndex:|,isa:|,lastKnownFileType:|,path:|,sourceTree:|,,isa:PBXBuildFile,settings:COMPILER_FLAGS:|,,,displayName:ComponentDescriptors.cpp,fileRef:displayName:|,includeInIndex:|,isa:|,lastKnownFileType:|,path:|,sourceTree:|,,isa:PBXBuildFile,settings:COMPILER_FLAGS:|,,,displayName:EventEmitters.cpp,fileRef:displayName:|,includeInIndex:|,isa:|,lastKnownFileType:|,path:|,sourceTree:|,,isa:PBXBuildFile,settings:COMPILER_FLAGS:|,,,displayName:Props.cpp,fileRef:displayName:|,includeInIndex:|,isa:|,lastKnownFileType:|,path:|,sourceTree:|,,isa:PBXBuildFile,settings:COMPILER_FLAGS:|,,,displayName:ShadowNodes.cpp,fileRef:displayName:|,includeInIndex:|,isa:|,lastKnownFileType:|,path:|,sourceTree:|,,isa:PBXBuildFile,settings:COMPILER_FLAGS:|,,,displayName:States.cpp,fileRef:displayName:|,includeInIndex:|,isa:|,lastKnownFileType:|,path:|,sourceTree:|,,isa:PBXBuildFile,settings:COMPILER_FLAGS:|,,,displayName:ComponentDescriptors.cpp,fileRef:displayName:|,includeInIndex:|,isa:|,lastKnownFileType:|,path:|,sourceTree:|,,isa:PBXBuildFile,settings:COMPILER_FLAGS:|,,,displayName:EventEmitters.cpp,fileRef:displayName:|,includeInIndex:|,isa:|,lastKnownFileType:|,path:|,sourceTree:|,,isa:PBXBuildFile,settings:COMPILER_FLAGS:|,,,displayName:Props.cpp,fileRef:displayName:|,includeInIndex:|,isa:|,lastKnownFileType:|,path:|,sourceTree:|,,isa:PBXBuildFile,settings:COMPILER_FLAGS:|,,,displayName:ShadowNodes.cpp,fileRef:displayName:|,includeInIndex:|,isa:|,lastKnownFileType:|,path:|,sourceTree:|,,isa:PBXBuildFile,settings:COMPILER_FLAGS:|,,,displayName:States.cpp,fileRef:displayName:|,includeInIndex:|,isa:|,lastKnownFileType:|,path:|,sourceTree:|,,isa:PBXBuildFile,settings:COMPILER_FLAGS:|,,,displayName:ComponentDescriptors.cpp,fileRef:displayName:|,includeInIndex:|,isa:|,lastKnownFileType:|,path:|,sourceTree:|,,isa:PBXBuildFile,settings:COMPILER_FLAGS:|,,,displayName:EventEmitters.cpp,fileRef:displayName:|,includeInIndex:|,isa:|,lastKnownFileType:|,path:|,sourceTree:|,,isa:PBXBuildFile,settings:COMPILER_FLAGS:|,,,displayName:Props.cpp,fileRef:displayName:|,includeInIndex:|,isa:|,lastKnownFileType:|,path:|,sourceTree:|,,isa:PBXBuildFile,settings:COMPILER_FLAGS:|,,,displayName:ShadowNodes.cpp,fileRef:displayName:|,includeInIndex:|,isa:|,lastKnownFileType:|,path:|,sourceTree:|,,isa:PBXBuildFile,settings:COMPILER_FLAGS:|,,,displayName:States.cpp,fileRef:displayName:|,includeInIndex:|,isa:|,lastKnownFileType:|,path:|,sourceTree:|,,isa:PBXBuildFile,settings:COMPILER_FLAGS:|,,,displayName:rnasyncstorage-generated.mm,fileRef:displayName:|,includeInIndex:|,isa:|,path:|,sourceTree:|,,isa:PBXBuildFile,settings:COMPILER_FLAGS:|,,,displayName:rnasyncstorageJSI-generated.cpp,fileRef:displayName:|,includeInIndex:|,isa:|,lastKnownFileType:|,path:|,sourceTree:|,,isa:PBXBuildFile,settings:COMPILER_FLAGS:|,,,displayName:RNCConfigModule-generated.mm,fileRef:displayName:|,includeInIndex:|,isa:|,path:|,sourceTree:|,,isa:PBXBuildFile,settings:COMPILER_FLAGS:|,,,displayName:RNCConfigModuleJSI-generated.cpp,fileRef:displayName:|,includeInIndex:|,isa:|,lastKnownFileType:|,path:|,sourceTree:|,,isa:PBXBuildFile,settings:COMPILER_FLAGS:|,,,displayName:rnclipboard-generated.mm,fileRef:displayName:|,includeInIndex:|,isa:|,path:|,sourceTree:|,,isa:PBXBuildFile,settings:COMPILER_FLAGS:|,,,displayName:rnclipboardJSI-generated.cpp,fileRef:displayName:|,includeInIndex:|,isa:|,lastKnownFileType:|,path:|,sourceTree:|,,isa:PBXBuildFile,settings:COMPILER_FLAGS:|,,,displayName:rngesturehandler_codegen-generated.mm,fileRef:displayName:|,includeInIndex:|,isa:|,path:|,sourceTree:|,,isa:PBXBuildFile,settings:COMPILER_FLAGS:|,,,displayName:rngesturehandler_codegenJSI-generated.cpp,fileRef:displayName:|,includeInIndex:|,isa:|,lastKnownFileType:|,path:|,sourceTree:|,,isa:PBXBuildFile,settings:COMPILER_FLAGS:|,,,displayName:RNGoogleSignInCGen-generated.mm,fileRef:displayName:|,includeInIndex:|,isa:|,path:|,sourceTree:|,,isa:PBXBuildFile,settings:COMPILER_FLAGS:|,,,displayName:RNGoogleSignInCGenJSI-generated.cpp,fileRef:displayName:|,includeInIndex:|,isa:|,lastKnownFileType:|,path:|,sourceTree:|,,isa:PBXBuildFile,settings:COMPILER_FLAGS:|,,,displayName:RNImagePickerSpec-generated.mm,fileRef:displayName:|,includeInIndex:|,isa:|,path:|,sourceTree:|,,isa:PBXBuildFile,settings:COMPILER_FLAGS:|,,,displayName:RNImagePickerSpecJSI-generated.cpp,fileRef:displayName:|,includeInIndex:|,isa:|,lastKnownFileType:|,path:|,sourceTree:|,,isa:PBXBuildFile,settings:COMPILER_FLAGS:|,,,displayName:rnpermissions-generated.mm,fileRef:displayName:|,includeInIndex:|,isa:|,path:|,sourceTree:|,,isa:PBXBuildFile,settings:COMPILER_FLAGS:|,,,displayName:rnpermissionsJSI-generated.cpp,fileRef:displayName:|,includeInIndex:|,isa:|,lastKnownFileType:|,path:|,sourceTree:|,,isa:PBXBuildFile,settings:COMPILER_FLAGS:|,,,displayName:rnreanimated-generated.mm,fileRef:displayName:|,includeInIndex:|,isa:|,path:|,sourceTree:|,,isa:PBXBuildFile,settings:COMPILER_FLAGS:|,,,displayName:rnreanimatedJSI-generated.cpp,fileRef:displayName:|,includeInIndex:|,isa:|,lastKnownFileType:|,path:|,sourceTree:|,,isa:PBXBuildFile,settings:COMPILER_FLAGS:|,,,displayName:rnscreens-generated.mm,fileRef:displayName:|,includeInIndex:|,isa:|,path:|,sourceTree:|,,isa:PBXBuildFile,settings:COMPILER_FLAGS:|,,,displayName:rnscreensJSI-generated.cpp,fileRef:displayName:|,includeInIndex:|,isa:|,lastKnownFileType:|,path:|,sourceTree:|,,isa:PBXBuildFile,settings:COMPILER_FLAGS:|,,,displayName:rnsvg-generated.mm,fileRef:displayName:|,includeInIndex:|,isa:|,path:|,sourceTree:|,,isa:PBXBuildFile,settings:COMPILER_FLAGS:|,,,displayName:rnsvgJSI-generated.cpp,fileRef:displayName:|,includeInIndex:|,isa:|,lastKnownFileType:|,path:|,sourceTree:|,,isa:PBXBuildFile,settings:COMPILER_FLAGS:|,,,displayName:RNVectorIconsSpec-generated.mm,fileRef:displayName:|,includeInIndex:|,isa:|,path:|,sourceTree:|,,isa:PBXBuildFile,settings:COMPILER_FLAGS:|,,,displayName:RNVectorIconsSpecJSI-generated.cpp,fileRef:displayName:|,includeInIndex:|,isa:|,lastKnownFileType:|,path:|,sourceTree:|,,isa:PBXBuildFile,settings:COMPILER_FLAGS:|,,,displayName:safeareacontext-generated.mm,fileRef:displayName:|,includeInIndex:|,isa:|,path:|,sourceTree:|,,isa:PBXBuildFile,settings:COMPILER_FLAGS:|,,,displayName:safeareacontextJSI-generated.cpp,fileRef:displayName:|,includeInIndex:|,isa:|,lastKnownFileType:|,path:|,sourceTree:|,,isa:PBXBuildFile,settings:COMPILER_FLAGS:|,,,displayName:React-Codegen-dummy.m,fileRef:displayName:|,includeInIndex:|,isa:|,lastKnownFileType:|,path:|,sourceTree:|,,isa:PBXBuildFile,,isa:PBXSourcesBuildPhase,runOnlyForDeploymentPostprocessing:0,/files/displayName:Props.cpp,fileRef:displayName:Props.cpp,includeInIndex:1,isa:PBXFileReference,lastKnownFileType:sourcecode.cpp.cpp,path:Props.cpp,sourceTree:<group>,,isa:PBXBuildFile,settings:COMPILER_FLAGS:-DFOLLY_NO_CONFIG -DFOLLY_MOBILE=1 -DFOLLY_USE_LIBCPP=1 -DFOLLY_CFG_NO_COROUTINES=1 -DFOLLY_HAVE_CLOCK_GETTIME=1 -Wno-comma -Wno-shorten-64-to-32 -Wno-documentation -Wno-nullability-completeness -std=c++20,,
PBXBuildFile -- Pods.xcodeproj/targets/buildConfigurationList:buildConfigurations:baseConfigurationReference:|,buildSettings:|,displayName:|,isa:|,name:|,,baseConfigurationReference:|,buildSettings:|,displayName:|,isa:|,name:|,,defaultConfigurationIsVisible:0,defaultConfigurationName:Release,displayName:ConfigurationList,isa:XCConfigurationList,,buildPhases:buildActionMask:2147483647,displayName:Headers,files:|,|,|,|,|,|,|,|,|,|,|,|,|,|,|,|,|,|,|,|,|,|,|,|,|,|,|,|,isa:PBXHeadersBuildPhase,runOnlyForDeploymentPostprocessing:0,,buildActionMask:2147483647,displayName:Sources,files:|,|,|,|,|,|,|,|,|,|,|,|,|,|,|,|,|,|,|,|,|,|,|,isa:PBXSourcesBuildPhase,runOnlyForDeploymentPostprocessing:0,,buildActionMask:2147483647,displayName:Frameworks,files:|,isa:PBXFrameworksBuildPhase,runOnlyForDeploymentPostprocessing:0,,buildActionMask:2147483647,displayName:Resources,files:,isa:PBXResourcesBuildPhase,runOnlyForDeploymentPostprocessing:0,,buildRules:,dependencies:displayName:React-Core,isa:PBXTargetDependency,targetProxy:containerPortal:|,displayName:|,isa:|,proxyType:|,remoteGlobalIDString:|,remoteInfo:|,,,displayName:RCT-Folly,isa:PBXTargetDependency,targetProxy:containerPortal:|,displayName:|,isa:|,proxyType:|,remoteGlobalIDString:|,remoteInfo:|,,,displayName:glog,isa:PBXTargetDependency,targetProxy:containerPortal:|,displayName:|,isa:|,proxyType:|,remoteGlobalIDString:|,remoteInfo:|,,,displayName:React-RCTFabric,isa:PBXTargetDependency,targetProxy:containerPortal:|,displayName:|,isa:|,proxyType:|,remoteGlobalIDString:|,remoteInfo:|,,,displayName:React-Codegen,isa:PBXTargetDependency,targetProxy:containerPortal:|,displayName:|,isa:|,proxyType:|,remoteGlobalIDString:|,remoteInfo:|,,,displayName:RCTRequired,isa:PBXTargetDependency,targetProxy:containerPortal:|,displayName:|,isa:|,proxyType:|,remoteGlobalIDString:|,remoteInfo:|,,,displayName:RCTTypeSafety,isa:PBXTargetDependency,targetProxy:containerPortal:|,displayName:|,isa:|,proxyType:|,remoteGlobalIDString:|,remoteInfo:|,,,displayName:ReactCommon,isa:PBXTargetDependency,targetProxy:containerPortal:|,displayName:|,isa:|,proxyType:|,remoteGlobalIDString:|,remoteInfo:|,,,displayName:React-NativeModulesApple,isa:PBXTargetDependency,targetProxy:containerPortal:|,displayName:|,isa:|,proxyType:|,remoteGlobalIDString:|,remoteInfo:|,,,displayName:Yoga,isa:PBXTargetDependency,targetProxy:containerPortal:|,displayName:|,isa:|,proxyType:|,remoteGlobalIDString:|,remoteInfo:|,,,displayName:React-Fabric,isa:PBXTargetDependency,targetProxy:containerPortal:|,displayName:|,isa:|,proxyType:|,remoteGlobalIDString:|,remoteInfo:|,,,displayName:React-graphics,isa:PBXTargetDependency,targetProxy:containerPortal:|,displayName:|,isa:|,proxyType:|,remoteGlobalIDString:|,remoteInfo:|,,,displayName:React-utils,isa:PBXTargetDependency,targetProxy:containerPortal:|,displayName:|,isa:|,proxyType:|,remoteGlobalIDString:|,remoteInfo:|,,,displayName:React-featureflags,isa:PBXTargetDependency,targetProxy:containerPortal:|,displayName:|,isa:|,proxyType:|,remoteGlobalIDString:|,remoteInfo:|,,,displayName:React-debug,isa:PBXTargetDependency,targetProxy:containerPortal:|,displayName:|,isa:|,proxyType:|,remoteGlobalIDString:|,remoteInfo:|,,,displayName:React-ImageManager,isa:PBXTargetDependency,targetProxy:containerPortal:|,displayName:|,isa:|,proxyType:|,remoteGlobalIDString:|,remoteInfo:|,,,displayName:React-rendererdebug,isa:PBXTargetDependency,targetProxy:containerPortal:|,displayName:|,isa:|,proxyType:|,remoteGlobalIDString:|,remoteInfo:|,,,displayName:DoubleConversion,isa:PBXTargetDependency,targetProxy:containerPortal:|,displayName:|,isa:|,proxyType:|,remoteGlobalIDString:|,remoteInfo:|,,,displayName:React-jsi,isa:PBXTargetDependency,targetProxy:containerPortal:|,displayName:|,isa:|,proxyType:|,remoteGlobalIDString:|,remoteInfo:|,,,displayName:RNGestureHandler,fileSystemSynchronizedGroups:,isa:PBXNativeTarget,name:RNGestureHandler,packageProductDependencies:,productName:RNGestureHandler,productReference:displayName:RNGestureHandler,explicitFileType:wrapper.framework,includeInIndex:0,isa:PBXFileReference,name:RNGestureHandler,path:RNGestureHandler.framework,sourceTree:BUILT_PRODUCTS_DIR,,productType:com.apple.product-type.framework,/dependencies/displayName:React-RCTFabric,isa:PBXTargetDependency,targetProxy:containerPortal:46EB2E00000000,displayName:ContainerItemProxy,isa:PBXContainerItemProxy,proxyType:1,remoteGlobalIDString:46EB2E00020EA0,remoteInfo:React-RCTFabric,,/target/dependencies/displayName:React-RCTImage,isa:PBXTargetDependency,targetProxy:containerPortal:46EB2E00000000,displayName:ContainerItemProxy,isa:PBXContainerItemProxy,proxyType:1,remoteGlobalIDString:46EB2E000215E0,remoteInfo:React-RCTImage,,/target/dependencies/displayName:React-RCTNetwork,isa:PBXTargetDependency,targetProxy:containerPortal:46EB2E00000000,displayName:ContainerItemProxy,isa:PBXContainerItemProxy,proxyType:1,remoteGlobalIDString:46EB2E000219A0,remoteInfo:React-RCTNetwork,,/target/dependencies/displayName:React-Codegen,isa:PBXTargetDependency,targetProxy:containerPortal:46EB2E00000000,displayName:ContainerItemProxy,isa:PBXContainerItemProxy,proxyType:1,remoteGlobalIDString:46EB2E0001AAC0,remoteInfo:React-Codegen,,/target/buildPhases/buildActionMask:2147483647,displayName:Sources,files:displayName:FBReactNativeSpec-generated.mm,fileRef:displayName:|,includeInIndex:|,isa:|,path:|,sourceTree:|,,isa:PBXBuildFile,settings:COMPILER_FLAGS:|,,,displayName:FBReactNativeSpecJSI-generated.cpp,fileRef:displayName:|,includeInIndex:|,isa:|,lastKnownFileType:|,path:|,sourceTree:|,,isa:PBXBuildFile,settings:COMPILER_FLAGS:|,,,displayName:RCTModulesConformingToProtocolsProvider.mm,fileRef:displayName:|,includeInIndex:|,isa:|,path:|,sourceTree:|,,isa:PBXBuildFile,settings:COMPILER_FLAGS:|,,,displayName:ComponentDescriptors.cpp,fileRef:displayName:|,includeInIndex:|,isa:|,lastKnownFileType:|,path:|,sourceTree:|,,isa:PBXBuildFile,settings:COMPILER_FLAGS:|,,,displayName:EventEmitters.cpp,fileRef:displayName:|,includeInIndex:|,isa:|,lastKnownFileType:|,path:|,sourceTree:|,,isa:PBXBuildFile,settings:COMPILER_FLAGS:|,,,displayName:Props.cpp,fileRef:displayName:|,includeInIndex:|,isa:|,lastKnownFileType:|,path:|,sourceTree:|,,isa:PBXBuildFile,settings:COMPILER_FLAGS:|,,,displayName:ShadowNodes.cpp,fileRef:displayName:|,includeInIndex:|,isa:|,lastKnownFileType:|,path:|,sourceTree:|,,isa:PBXBuildFile,settings:COMPILER_FLAGS:|,,,displayName:States.cpp,fileRef:displayName:|,includeInIndex:|,isa:|,lastKnownFileType:|,path:|,sourceTree:|,,isa:PBXBuildFile,settings:COMPILER_FLAGS:|,,,displayName:ComponentDescriptors.cpp,fileRef:displayName:|,includeInIndex:|,isa:|,lastKnownFileType:|,path:|,sourceTree:|,,isa:PBXBuildFile,settings:COMPILER_FLAGS:|,,,displayName:EventEmitters.cpp,fileRef:displayName:|,includeInIndex:|,isa:|,lastKnownFileType:|,path:|,sourceTree:|,,isa:PBXBuildFile,settings:COMPILER_FLAGS:|,,,displayName:Props.cpp,fileRef:displayName:|,includeInIndex:|,isa:|,lastKnownFileType:|,path:|,sourceTree:|,,isa:PBXBuildFile,settings:COMPILER_FLAGS:|,,,displayName:ShadowNodes.cpp,fileRef:displayName:|,includeInIndex:|,isa:|,lastKnownFileType:|,path:|,sourceTree:|,,isa:PBXBuildFile,settings:COMPILER_FLAGS:|,,,displayName:States.cpp,fileRef:displayName:|,includeInIndex:|,isa:|,lastKnownFileType:|,path:|,sourceTree:|,,isa:PBXBuildFile,settings:COMPILER_FLAGS:|,,,displayName:ComponentDescriptors.cpp,fileRef:displayName:|,includeInIndex:|,isa:|,lastKnownFileType:|,path:|,sourceTree:|,,isa:PBXBuildFile,settings:COMPILER_FLAGS:|,,,displayName:EventEmitters.cpp,fileRef:displayName:|,includeInIndex:|,isa:|,lastKnownFileType:|,path:|,sourceTree:|,,isa:PBXBuildFile,settings:COMPILER_FLAGS:|,,,displayName:Props.cpp,fileRef:displayName:|,includeInIndex:|,isa:|,lastKnownFileType:|,path:|,sourceTree:|,,isa:PBXBuildFile,settings:COMPILER_FLAGS:|,,,displayName:ShadowNodes.cpp,fileRef:displayName:|,includeInIndex:|,isa:|,lastKnownFileType:|,path:|,sourceTree:|,,isa:PBXBuildFile,settings:COMPILER_FLAGS:|,,,displayName:States.cpp,fileRef:displayName:|,includeInIndex:|,isa:|,lastKnownFileType:|,path:|,sourceTree:|,,isa:PBXBuildFile,settings:COMPILER_FLAGS:|,,,displayName:ComponentDescriptors.cpp,fileRef:displayName:|,includeInIndex:|,isa:|,lastKnownFileType:|,path:|,sourceTree:|,,isa:PBXBuildFile,settings:COMPILER_FLAGS:|,,,displayName:EventEmitters.cpp,fileRef:displayName:|,includeInIndex:|,isa:|,lastKnownFileType:|,path:|,sourceTree:|,,isa:PBXBuildFile,settings:COMPILER_FLAGS:|,,,displayName:Props.cpp,fileRef:displayName:|,includeInIndex:|,isa:|,lastKnownFileType:|,path:|,sourceTree:|,,isa:PBXBuildFile,settings:COMPILER_FLAGS:|,,,displayName:ShadowNodes.cpp,fileRef:displayName:|,includeInIndex:|,isa:|,lastKnownFileType:|,path:|,sourceTree:|,,isa:PBXBuildFile,settings:COMPILER_FLAGS:|,,,displayName:States.cpp,fileRef:displayName:|,includeInIndex:|,isa:|,lastKnownFileType:|,path:|,sourceTree:|,,isa:PBXBuildFile,settings:COMPILER_FLAGS:|,,,displayName:ComponentDescriptors.cpp,fileRef:displayName:|,includeInIndex:|,isa:|,lastKnownFileType:|,path:|,sourceTree:|,,isa:PBXBuildFile,settings:COMPILER_FLAGS:|,,,displayName:EventEmitters.cpp,fileRef:displayName:|,includeInIndex:|,isa:|,lastKnownFileType:|,path:|,sourceTree:|,,isa:PBXBuildFile,settings:COMPILER_FLAGS:|,,,displayName:Props.cpp,fileRef:displayName:|,includeInIndex:|,isa:|,lastKnownFileType:|,path:|,sourceTree:|,,isa:PBXBuildFile,settings:COMPILER_FLAGS:|,,,displayName:ShadowNodes.cpp,fileRef:displayName:|,includeInIndex:|,isa:|,lastKnownFileType:|,path:|,sourceTree:|,,isa:PBXBuildFile,settings:COMPILER_FLAGS:|,,,displayName:States.cpp,fileRef:displayName:|,includeInIndex:|,isa:|,lastKnownFileType:|,path:|,sourceTree:|,,isa:PBXBuildFile,settings:COMPILER_FLAGS:|,,,displayName:ComponentDescriptors.cpp,fileRef:displayName:|,includeInIndex:|,isa:|,lastKnownFileType:|,path:|,sourceTree:|,,isa:PBXBuildFile,settings:COMPILER_FLAGS:|,,,displayName:EventEmitters.cpp,fileRef:displayName:|,includeInIndex:|,isa:|,lastKnownFileType:|,path:|,sourceTree:|,,isa:PBXBuildFile,settings:COMPILER_FLAGS:|,,,displayName:Props.cpp,fileRef:displayName:|,includeInIndex:|,isa:|,lastKnownFileType:|,path:|,sourceTree:|,,isa:PBXBuildFile,settings:COMPILER_FLAGS:|,,,displayName:ShadowNodes.cpp,fileRef:displayName:|,includeInIndex:|,isa:|,lastKnownFileType:|,path:|,sourceTree:|,,isa:PBXBuildFile,settings:COMPILER_FLAGS:|,,,displayName:States.cpp,fileRef:displayName:|,includeInIndex:|,isa:|,lastKnownFileType:|,path:|,sourceTree:|,,isa:PBXBuildFile,settings:COMPILER_FLAGS:|,,,displayName:rnasyncstorage-generated.mm,fileRef:displayName:|,includeInIndex:|,isa:|,path:|,sourceTree:|,,isa:PBXBuildFile,settings:COMPILER_FLAGS:|,,,displayName:rnasyncstorageJSI-generated.cpp,fileRef:displayName:|,includeInIndex:|,isa:|,lastKnownFileType:|,path:|,sourceTree:|,,isa:PBXBuildFile,settings:COMPILER_FLAGS:|,,,displayName:RNCConfigModule-generated.mm,fileRef:displayName:|,includeInIndex:|,isa:|,path:|,sourceTree:|,,isa:PBXBuildFile,settings:COMPILER_FLAGS:|,,,displayName:RNCConfigModuleJSI-generated.cpp,fileRef:displayName:|,includeInIndex:|,isa:|,lastKnownFileType:|,path:|,sourceTree:|,,isa:PBXBuildFile,settings:COMPILER_FLAGS:|,,,displayName:rnclipboard-generated.mm,fileRef:displayName:|,includeInIndex:|,isa:|,path:|,sourceTree:|,,isa:PBXBuildFile,settings:COMPILER_FLAGS:|,,,displayName:rnclipboardJSI-generated.cpp,fileRef:displayName:|,includeInIndex:|,isa:|,lastKnownFileType:|,path:|,sourceTree:|,,isa:PBXBuildFile,settings:COMPILER_FLAGS:|,,,displayName:rngesturehandler_codegen-generated.mm,fileRef:displayName:|,includeInIndex:|,isa:|,path:|,sourceTree:|,,isa:PBXBuildFile,settings:COMPILER_FLAGS:|,,,displayName:rngesturehandler_codegenJSI-generated.cpp,fileRef:displayName:|,includeInIndex:|,isa:|,lastKnownFileType:|,path:|,sourceTree:|,,isa:PBXBuildFile,settings:COMPILER_FLAGS:|,,,displayName:RNGoogleSignInCGen-generated.mm,fileRef:displayName:|,includeInIndex:|,isa:|,path:|,sourceTree:|,,isa:PBXBuildFile,settings:COMPILER_FLAGS:|,,,displayName:RNGoogleSignInCGenJSI-generated.cpp,fileRef:displayName:|,includeInIndex:|,isa:|,lastKnownFileType:|,path:|,sourceTree:|,,isa:PBXBuildFile,settings:COMPILER_FLAGS:|,,,displayName:RNImagePickerSpec-generated.mm,fileRef:displayName:|,includeInIndex:|,isa:|,path:|,sourceTree:|,,isa:PBXBuildFile,settings:COMPILER_FLAGS:|,,,displayName:RNImagePickerSpecJSI-generated.cpp,fileRef:displayName:|,includeInIndex:|,isa:|,lastKnownFileType:|,path:|,sourceTree:|,,isa:PBXBuildFile,settings:COMPILER_FLAGS:|,,,displayName:rnpermissions-generated.mm,fileRef:displayName:|,includeInIndex:|,isa:|,path:|,sourceTree:|,,isa:PBXBuildFile,settings:COMPILER_FLAGS:|,,,displayName:rnpermissionsJSI-generated.cpp,fileRef:displayName:|,includeInIndex:|,isa:|,lastKnownFileType:|,path:|,sourceTree:|,,isa:PBXBuildFile,settings:COMPILER_FLAGS:|,,,displayName:rnreanimated-generated.mm,fileRef:displayName:|,includeInIndex:|,isa:|,path:|,sourceTree:|,,isa:PBXBuildFile,settings:COMPILER_FLAGS:|,,,displayName:rnreanimatedJSI-generated.cpp,fileRef:displayName:|,includeInIndex:|,isa:|,lastKnownFileType:|,path:|,sourceTree:|,,isa:PBXBuildFile,settings:COMPILER_FLAGS:|,,,displayName:rnscreens-generated.mm,fileRef:displayName:|,includeInIndex:|,isa:|,path:|,sourceTree:|,,isa:PBXBuildFile,settings:COMPILER_FLAGS:|,,,displayName:rnscreensJSI-generated.cpp,fileRef:displayName:|,includeInIndex:|,isa:|,lastKnownFileType:|,path:|,sourceTree:|,,isa:PBXBuildFile,settings:COMPILER_FLAGS:|,,,displayName:rnsvg-generated.mm,fileRef:displayName:|,includeInIndex:|,isa:|,path:|,sourceTree:|,,isa:PBXBuildFile,settings:COMPILER_FLAGS:|,,,displayName:rnsvgJSI-generated.cpp,fileRef:displayName:|,includeInIndex:|,isa:|,lastKnownFileType:|,path:|,sourceTree:|,,isa:PBXBuildFile,settings:COMPILER_FLAGS:|,,,displayName:RNVectorIconsSpec-generated.mm,fileRef:displayName:|,includeInIndex:|,isa:|,path:|,sourceTree:|,,isa:PBXBuildFile,settings:COMPILER_FLAGS:|,,,displayName:RNVectorIconsSpecJSI-generated.cpp,fileRef:displayName:|,includeInIndex:|,isa:|,lastKnownFileType:|,path:|,sourceTree:|,,isa:PBXBuildFile,settings:COMPILER_FLAGS:|,,,displayName:safeareacontext-generated.mm,fileRef:displayName:|,includeInIndex:|,isa:|,path:|,sourceTree:|,,isa:PBXBuildFile,settings:COMPILER_FLAGS:|,,,displayName:safeareacontextJSI-generated.cpp,fileRef:displayName:|,includeInIndex:|,isa:|,lastKnownFileType:|,path:|,sourceTree:|,,isa:PBXBuildFile,settings:COMPILER_FLAGS:|,,,displayName:React-Codegen-dummy.m,fileRef:displayName:|,includeInIndex:|,isa:|,lastKnownFileType:|,path:|,sourceTree:|,,isa:PBXBuildFile,,isa:PBXSourcesBuildPhase,runOnlyForDeploymentPostprocessing:0,/files/displayName:ShadowNodes.cpp,fileRef:displayName:ShadowNodes.cpp,includeInIndex:1,isa:PBXFileReference,lastKnownFileType:sourcecode.cpp.cpp,path:ShadowNodes.cpp,sourceTree:<group>,,isa:PBXBuildFile,settings:COMPILER_FLAGS:-DFOLLY_NO_CONFIG -DFOLLY_MOBILE=1 -DFOLLY_USE_LIBCPP=1 -DFOLLY_CFG_NO_COROUTINES=1 -DFOLLY_HAVE_CLOCK_GETTIME=1 -Wno-comma -Wno-shorten-64-to-32 -Wno-documentation -Wno-nullability-completeness -std=c++20,,
PBXBuildFile -- Pods.xcodeproj/targets/buildConfigurationList:buildConfigurations:baseConfigurationReference:|,buildSettings:|,displayName:|,isa:|,name:|,,baseConfigurationReference:|,buildSettings:|,displayName:|,isa:|,name:|,,defaultConfigurationIsVisible:0,defaultConfigurationName:Release,displayName:ConfigurationList,isa:XCConfigurationList,,buildPhases:buildActionMask:2147483647,displayName:Headers,files:|,|,|,|,|,|,|,|,|,|,|,|,|,|,|,|,|,|,|,|,|,|,|,|,|,|,|,|,isa:PBXHeadersBuildPhase,runOnlyForDeploymentPostprocessing:0,,buildActionMask:2147483647,displayName:Sources,files:|,|,|,|,|,|,|,|,|,|,|,|,|,|,|,|,|,|,|,|,|,|,|,isa:PBXSourcesBuildPhase,runOnlyForDeploymentPostprocessing:0,,buildActionMask:2147483647,displayName:Frameworks,files:|,isa:PBXFrameworksBuildPhase,runOnlyForDeploymentPostprocessing:0,,buildActionMask:2147483647,displayName:Resources,files:,isa:PBXResourcesBuildPhase,runOnlyForDeploymentPostprocessing:0,,buildRules:,dependencies:displayName:React-Core,isa:PBXTargetDependency,targetProxy:containerPortal:|,displayName:|,isa:|,proxyType:|,remoteGlobalIDString:|,remoteInfo:|,,,displayName:RCT-Folly,isa:PBXTargetDependency,targetProxy:containerPortal:|,displayName:|,isa:|,proxyType:|,remoteGlobalIDString:|,remoteInfo:|,,,displayName:glog,isa:PBXTargetDependency,targetProxy:containerPortal:|,displayName:|,isa:|,proxyType:|,remoteGlobalIDString:|,remoteInfo:|,,,displayName:React-RCTFabric,isa:PBXTargetDependency,targetProxy:containerPortal:|,displayName:|,isa:|,proxyType:|,remoteGlobalIDString:|,remoteInfo:|,,,displayName:React-Codegen,isa:PBXTargetDependency,targetProxy:containerPortal:|,displayName:|,isa:|,proxyType:|,remoteGlobalIDString:|,remoteInfo:|,,,displayName:RCTRequired,isa:PBXTargetDependency,targetProxy:containerPortal:|,displayName:|,isa:|,proxyType:|,remoteGlobalIDString:|,remoteInfo:|,,,displayName:RCTTypeSafety,isa:PBXTargetDependency,targetProxy:containerPortal:|,displayName:|,isa:|,proxyType:|,remoteGlobalIDString:|,remoteInfo:|,,,displayName:ReactCommon,isa:PBXTargetDependency,targetProxy:containerPortal:|,displayName:|,isa:|,proxyType:|,remoteGlobalIDString:|,remoteInfo:|,,,displayName:React-NativeModulesApple,isa:PBXTargetDependency,targetProxy:containerPortal:|,displayName:|,isa:|,proxyType:|,remoteGlobalIDString:|,remoteInfo:|,,,displayName:Yoga,isa:PBXTargetDependency,targetProxy:containerPortal:|,displayName:|,isa:|,proxyType:|,remoteGlobalIDString:|,remoteInfo:|,,,displayName:React-Fabric,isa:PBXTargetDependency,targetProxy:containerPortal:|,displayName:|,isa:|,proxyType:|,remoteGlobalIDString:|,remoteInfo:|,,,displayName:React-graphics,isa:PBXTargetDependency,targetProxy:containerPortal:|,displayName:|,isa:|,proxyType:|,remoteGlobalIDString:|,remoteInfo:|,,,displayName:React-utils,isa:PBXTargetDependency,targetProxy:containerPortal:|,displayName:|,isa:|,proxyType:|,remoteGlobalIDString:|,remoteInfo:|,,,displayName:React-featureflags,isa:PBXTargetDependency,targetProxy:containerPortal:|,displayName:|,isa:|,proxyType:|,remoteGlobalIDString:|,remoteInfo:|,,,displayName:React-debug,isa:PBXTargetDependency,targetProxy:containerPortal:|,displayName:|,isa:|,proxyType:|,remoteGlobalIDString:|,remoteInfo:|,,,displayName:React-ImageManager,isa:PBXTargetDependency,targetProxy:containerPortal:|,displayName:|,isa:|,proxyType:|,remoteGlobalIDString:|,remoteInfo:|,,,displayName:React-rendererdebug,isa:PBXTargetDependency,targetProxy:containerPortal:|,displayName:|,isa:|,proxyType:|,remoteGlobalIDString:|,remoteInfo:|,,,displayName:DoubleConversion,isa:PBXTargetDependency,targetProxy:containerPortal:|,displayName:|,isa:|,proxyType:|,remoteGlobalIDString:|,remoteInfo:|,,,displayName:React-jsi,isa:PBXTargetDependency,targetProxy:containerPortal:|,displayName:|,isa:|,proxyType:|,remoteGlobalIDString:|,remoteInfo:|,,,displayName:RNGestureHandler,fileSystemSynchronizedGroups:,isa:PBXNativeTarget,name:RNGestureHandler,packageProductDependencies:,productName:RNGestureHandler,productReference:displayName:RNGestureHandler,explicitFileType:wrapper.framework,includeInIndex:0,isa:PBXFileReference,name:RNGestureHandler,path:RNGestureHandler.framework,sourceTree:BUILT_PRODUCTS_DIR,,productType:com.apple.product-type.framework,/dependencies/displayName:React-RCTFabric,isa:PBXTargetDependency,targetProxy:containerPortal:46EB2E00000000,displayName:ContainerItemProxy,isa:PBXContainerItemProxy,proxyType:1,remoteGlobalIDString:46EB2E00020EA0,remoteInfo:React-RCTFabric,,/target/dependencies/displayName:React-RCTImage,isa:PBXTargetDependency,targetProxy:containerPortal:46EB2E00000000,displayName:ContainerItemProxy,isa:PBXContainerItemProxy,proxyType:1,remoteGlobalIDString:46EB2E000215E0,remoteInfo:React-RCTImage,,/target/dependencies/displayName:React-RCTNetwork,isa:PBXTargetDependency,targetProxy:containerPortal:46EB2E00000000,displayName:ContainerItemProxy,isa:PBXContainerItemProxy,proxyType:1,remoteGlobalIDString:46EB2E000219A0,remoteInfo:React-RCTNetwork,,/target/dependencies/displayName:React-Codegen,isa:PBXTargetDependency,targetProxy:containerPortal:46EB2E00000000,displayName:ContainerItemProxy,isa:PBXContainerItemProxy,proxyType:1,remoteGlobalIDString:46EB2E0001AAC0,remoteInfo:React-Codegen,,/target/buildPhases/buildActionMask:2147483647,displayName:Sources,files:displayName:FBReactNativeSpec-generated.mm,fileRef:displayName:|,includeInIndex:|,isa:|,path:|,sourceTree:|,,isa:PBXBuildFile,settings:COMPILER_FLAGS:|,,,displayName:FBReactNativeSpecJSI-generated.cpp,fileRef:displayName:|,includeInIndex:|,isa:|,lastKnownFileType:|,path:|,sourceTree:|,,isa:PBXBuildFile,settings:COMPILER_FLAGS:|,,,displayName:RCTModulesConformingToProtocolsProvider.mm,fileRef:displayName:|,includeInIndex:|,isa:|,path:|,sourceTree:|,,isa:PBXBuildFile,settings:COMPILER_FLAGS:|,,,displayName:ComponentDescriptors.cpp,fileRef:displayName:|,includeInIndex:|,isa:|,lastKnownFileType:|,path:|,sourceTree:|,,isa:PBXBuildFile,settings:COMPILER_FLAGS:|,,,displayName:EventEmitters.cpp,fileRef:displayName:|,includeInIndex:|,isa:|,lastKnownFileType:|,path:|,sourceTree:|,,isa:PBXBuildFile,settings:COMPILER_FLAGS:|,,,displayName:Props.cpp,fileRef:displayName:|,includeInIndex:|,isa:|,lastKnownFileType:|,path:|,sourceTree:|,,isa:PBXBuildFile,settings:COMPILER_FLAGS:|,,,displayName:ShadowNodes.cpp,fileRef:displayName:|,includeInIndex:|,isa:|,lastKnownFileType:|,path:|,sourceTree:|,,isa:PBXBuildFile,settings:COMPILER_FLAGS:|,,,displayName:States.cpp,fileRef:displayName:|,includeInIndex:|,isa:|,lastKnownFileType:|,path:|,sourceTree:|,,isa:PBXBuildFile,settings:COMPILER_FLAGS:|,,,displayName:ComponentDescriptors.cpp,fileRef:displayName:|,includeInIndex:|,isa:|,lastKnownFileType:|,path:|,sourceTree:|,,isa:PBXBuildFile,settings:COMPILER_FLAGS:|,,,displayName:EventEmitters.cpp,fileRef:displayName:|,includeInIndex:|,isa:|,lastKnownFileType:|,path:|,sourceTree:|,,isa:PBXBuildFile,settings:COMPILER_FLAGS:|,,,displayName:Props.cpp,fileRef:displayName:|,includeInIndex:|,isa:|,lastKnownFileType:|,path:|,sourceTree:|,,isa:PBXBuildFile,settings:COMPILER_FLAGS:|,,,displayName:ShadowNodes.cpp,fileRef:displayName:|,includeInIndex:|,isa:|,lastKnownFileType:|,path:|,sourceTree:|,,isa:PBXBuildFile,settings:COMPILER_FLAGS:|,,,displayName:States.cpp,fileRef:displayName:|,includeInIndex:|,isa:|,lastKnownFileType:|,path:|,sourceTree:|,,isa:PBXBuildFile,settings:COMPILER_FLAGS:|,,,displayName:ComponentDescriptors.cpp,fileRef:displayName:|,includeInIndex:|,isa:|,lastKnownFileType:|,path:|,sourceTree:|,,isa:PBXBuildFile,settings:COMPILER_FLAGS:|,,,displayName:EventEmitters.cpp,fileRef:displayName:|,includeInIndex:|,isa:|,lastKnownFileType:|,path:|,sourceTree:|,,isa:PBXBuildFile,settings:COMPILER_FLAGS:|,,,displayName:Props.cpp,fileRef:displayName:|,includeInIndex:|,isa:|,lastKnownFileType:|,path:|,sourceTree:|,,isa:PBXBuildFile,settings:COMPILER_FLAGS:|,,,displayName:ShadowNodes.cpp,fileRef:displayName:|,includeInIndex:|,isa:|,lastKnownFileType:|,path:|,sourceTree:|,,isa:PBXBuildFile,settings:COMPILER_FLAGS:|,,,displayName:States.cpp,fileRef:displayName:|,includeInIndex:|,isa:|,lastKnownFileType:|,path:|,sourceTree:|,,isa:PBXBuildFile,settings:COMPILER_FLAGS:|,,,displayName:ComponentDescriptors.cpp,fileRef:displayName:|,includeInIndex:|,isa:|,lastKnownFileType:|,path:|,sourceTree:|,,isa:PBXBuildFile,settings:COMPILER_FLAGS:|,,,displayName:EventEmitters.cpp,fileRef:displayName:|,includeInIndex:|,isa:|,lastKnownFileType:|,path:|,sourceTree:|,,isa:PBXBuildFile,settings:COMPILER_FLAGS:|,,,displayName:Props.cpp,fileRef:displayName:|,includeInIndex:|,isa:|,lastKnownFileType:|,path:|,sourceTree:|,,isa:PBXBuildFile,settings:COMPILER_FLAGS:|,,,displayName:ShadowNodes.cpp,fileRef:displayName:|,includeInIndex:|,isa:|,lastKnownFileType:|,path:|,sourceTree:|,,isa:PBXBuildFile,settings:COMPILER_FLAGS:|,,,displayName:States.cpp,fileRef:displayName:|,includeInIndex:|,isa:|,lastKnownFileType:|,path:|,sourceTree:|,,isa:PBXBuildFile,settings:COMPILER_FLAGS:|,,,displayName:ComponentDescriptors.cpp,fileRef:displayName:|,includeInIndex:|,isa:|,lastKnownFileType:|,path:|,sourceTree:|,,isa:PBXBuildFile,settings:COMPILER_FLAGS:|,,,displayName:EventEmitters.cpp,fileRef:displayName:|,includeInIndex:|,isa:|,lastKnownFileType:|,path:|,sourceTree:|,,isa:PBXBuildFile,settings:COMPILER_FLAGS:|,,,displayName:Props.cpp,fileRef:displayName:|,includeInIndex:|,isa:|,lastKnownFileType:|,path:|,sourceTree:|,,isa:PBXBuildFile,settings:COMPILER_FLAGS:|,,,displayName:ShadowNodes.cpp,fileRef:displayName:|,includeInIndex:|,isa:|,lastKnownFileType:|,path:|,sourceTree:|,,isa:PBXBuildFile,settings:COMPILER_FLAGS:|,,,displayName:States.cpp,fileRef:displayName:|,includeInIndex:|,isa:|,lastKnownFileType:|,path:|,sourceTree:|,,isa:PBXBuildFile,settings:COMPILER_FLAGS:|,,,displayName:ComponentDescriptors.cpp,fileRef:displayName:|,includeInIndex:|,isa:|,lastKnownFileType:|,path:|,sourceTree:|,,isa:PBXBuildFile,settings:COMPILER_FLAGS:|,,,displayName:EventEmitters.cpp,fileRef:displayName:|,includeInIndex:|,isa:|,lastKnownFileType:|,path:|,sourceTree:|,,isa:PBXBuildFile,settings:COMPILER_FLAGS:|,,,displayName:Props.cpp,fileRef:displayName:|,includeInIndex:|,isa:|,lastKnownFileType:|,path:|,sourceTree:|,,isa:PBXBuildFile,settings:COMPILER_FLAGS:|,,,displayName:ShadowNodes.cpp,fileRef:displayName:|,includeInIndex:|,isa:|,lastKnownFileType:|,path:|,sourceTree:|,,isa:PBXBuildFile,settings:COMPILER_FLAGS:|,,,displayName:States.cpp,fileRef:displayName:|,includeInIndex:|,isa:|,lastKnownFileType:|,path:|,sourceTree:|,,isa:PBXBuildFile,settings:COMPILER_FLAGS:|,,,displayName:rnasyncstorage-generated.mm,fileRef:displayName:|,includeInIndex:|,isa:|,path:|,sourceTree:|,,isa:PBXBuildFile,settings:COMPILER_FLAGS:|,,,displayName:rnasyncstorageJSI-generated.cpp,fileRef:displayName:|,includeInIndex:|,isa:|,lastKnownFileType:|,path:|,sourceTree:|,,isa:PBXBuildFile,settings:COMPILER_FLAGS:|,,,displayName:RNCConfigModule-generated.mm,fileRef:displayName:|,includeInIndex:|,isa:|,path:|,sourceTree:|,,isa:PBXBuildFile,settings:COMPILER_FLAGS:|,,,displayName:RNCConfigModuleJSI-generated.cpp,fileRef:displayName:|,includeInIndex:|,isa:|,lastKnownFileType:|,path:|,sourceTree:|,,isa:PBXBuildFile,settings:COMPILER_FLAGS:|,,,displayName:rnclipboard-generated.mm,fileRef:displayName:|,includeInIndex:|,isa:|,path:|,sourceTree:|,,isa:PBXBuildFile,settings:COMPILER_FLAGS:|,,,displayName:rnclipboardJSI-generated.cpp,fileRef:displayName:|,includeInIndex:|,isa:|,lastKnownFileType:|,path:|,sourceTree:|,,isa:PBXBuildFile,settings:COMPILER_FLAGS:|,,,displayName:rngesturehandler_codegen-generated.mm,fileRef:displayName:|,includeInIndex:|,isa:|,path:|,sourceTree:|,,isa:PBXBuildFile,settings:COMPILER_FLAGS:|,,,displayName:rngesturehandler_codegenJSI-generated.cpp,fileRef:displayName:|,includeInIndex:|,isa:|,lastKnownFileType:|,path:|,sourceTree:|,,isa:PBXBuildFile,settings:COMPILER_FLAGS:|,,,displayName:RNGoogleSignInCGen-generated.mm,fileRef:displayName:|,includeInIndex:|,isa:|,path:|,sourceTree:|,,isa:PBXBuildFile,settings:COMPILER_FLAGS:|,,,displayName:RNGoogleSignInCGenJSI-generated.cpp,fileRef:displayName:|,includeInIndex:|,isa:|,lastKnownFileType:|,path:|,sourceTree:|,,isa:PBXBuildFile,settings:COMPILER_FLAGS:|,,,displayName:RNImagePickerSpec-generated.mm,fileRef:displayName:|,includeInIndex:|,isa:|,path:|,sourceTree:|,,isa:PBXBuildFile,settings:COMPILER_FLAGS:|,,,displayName:RNImagePickerSpecJSI-generated.cpp,fileRef:displayName:|,includeInIndex:|,isa:|,lastKnownFileType:|,path:|,sourceTree:|,,isa:PBXBuildFile,settings:COMPILER_FLAGS:|,,,displayName:rnpermissions-generated.mm,fileRef:displayName:|,includeInIndex:|,isa:|,path:|,sourceTree:|,,isa:PBXBuildFile,settings:COMPILER_FLAGS:|,,,displayName:rnpermissionsJSI-generated.cpp,fileRef:displayName:|,includeInIndex:|,isa:|,lastKnownFileType:|,path:|,sourceTree:|,,isa:PBXBuildFile,settings:COMPILER_FLAGS:|,,,displayName:rnreanimated-generated.mm,fileRef:displayName:|,includeInIndex:|,isa:|,path:|,sourceTree:|,,isa:PBXBuildFile,settings:COMPILER_FLAGS:|,,,displayName:rnreanimatedJSI-generated.cpp,fileRef:displayName:|,includeInIndex:|,isa:|,lastKnownFileType:|,path:|,sourceTree:|,,isa:PBXBuildFile,settings:COMPILER_FLAGS:|,,,displayName:rnscreens-generated.mm,fileRef:displayName:|,includeInIndex:|,isa:|,path:|,sourceTree:|,,isa:PBXBuildFile,settings:COMPILER_FLAGS:|,,,displayName:rnscreensJSI-generated.cpp,fileRef:displayName:|,includeInIndex:|,isa:|,lastKnownFileType:|,path:|,sourceTree:|,,isa:PBXBuildFile,settings:COMPILER_FLAGS:|,,,displayName:rnsvg-generated.mm,fileRef:displayName:|,includeInIndex:|,isa:|,path:|,sourceTree:|,,isa:PBXBuildFile,settings:COMPILER_FLAGS:|,,,displayName:rnsvgJSI-generated.cpp,fileRef:displayName:|,includeInIndex:|,isa:|,lastKnownFileType:|,path:|,sourceTree:|,,isa:PBXBuildFile,settings:COMPILER_FLAGS:|,,,displayName:RNVectorIconsSpec-generated.mm,fileRef:displayName:|,includeInIndex:|,isa:|,path:|,sourceTree:|,,isa:PBXBuildFile,settings:COMPILER_FLAGS:|,,,displayName:RNVectorIconsSpecJSI-generated.cpp,fileRef:displayName:|,includeInIndex:|,isa:|,lastKnownFileType:|,path:|,sourceTree:|,,isa:PBXBuildFile,settings:COMPILER_FLAGS:|,,,displayName:safeareacontext-generated.mm,fileRef:displayName:|,includeInIndex:|,isa:|,path:|,sourceTree:|,,isa:PBXBuildFile,settings:COMPILER_FLAGS:|,,,displayName:safeareacontextJSI-generated.cpp,fileRef:displayName:|,includeInIndex:|,isa:|,lastKnownFileType:|,path:|,sourceTree:|,,isa:PBXBuildFile,settings:COMPILER_FLAGS:|,,,displayName:React-Codegen-dummy.m,fileRef:displayName:|,includeInIndex:|,isa:|,lastKnownFileType:|,path:|,sourceTree:|,,isa:PBXBuildFile,,isa:PBXSourcesBuildPhase,runOnlyForDeploymentPostprocessing:0,/files/displayName:States.cpp,fileRef:displayName:States.cpp,includeInIndex:1,isa:PBXFileReference,lastKnownFileType:sourcecode.cpp.cpp,path:States.cpp,sourceTree:<group>,,isa:PBXBuildFile,settings:COMPILER_FLAGS:-DFOLLY_NO_CONFIG -DFOLLY_MOBILE=1 -DFOLLY_USE_LIBCPP=1 -DFOLLY_CFG_NO_COROUTINES=1 -DFOLLY_HAVE_CLOCK_GETTIME=1 -Wno-comma -Wno-shorten-64-to-32 -Wno-documentation -Wno-nullability-completeness -std=c++20,,
PBXBuildFile -- Pods.xcodeproj/targets/buildConfigurationList:buildConfigurations:baseConfigurationReference:|,buildSettings:|,displayName:|,isa:|,name:|,,baseConfigurationReference:|,buildSettings:|,displayName:|,isa:|,name:|,,defaultConfigurationIsVisible:0,defaultConfigurationName:Release,displayName:ConfigurationList,isa:XCConfigurationList,,buildPhases:buildActionMask:2147483647,displayName:Headers,files:|,|,|,|,|,|,|,|,|,|,|,|,|,|,|,|,|,|,|,|,|,|,|,|,|,|,|,|,isa:PBXHeadersBuildPhase,runOnlyForDeploymentPostprocessing:0,,buildActionMask:2147483647,displayName:Sources,files:|,|,|,|,|,|,|,|,|,|,|,|,|,|,|,|,|,|,|,|,|,|,|,isa:PBXSourcesBuildPhase,runOnlyForDeploymentPostprocessing:0,,buildActionMask:2147483647,displayName:Frameworks,files:|,isa:PBXFrameworksBuildPhase,runOnlyForDeploymentPostprocessing:0,,buildActionMask:2147483647,displayName:Resources,files:,isa:PBXResourcesBuildPhase,runOnlyForDeploymentPostprocessing:0,,buildRules:,dependencies:displayName:React-Core,isa:PBXTargetDependency,targetProxy:containerPortal:|,displayName:|,isa:|,proxyType:|,remoteGlobalIDString:|,remoteInfo:|,,,displayName:RCT-Folly,isa:PBXTargetDependency,targetProxy:containerPortal:|,displayName:|,isa:|,proxyType:|,remoteGlobalIDString:|,remoteInfo:|,,,displayName:glog,isa:PBXTargetDependency,targetProxy:containerPortal:|,displayName:|,isa:|,proxyType:|,remoteGlobalIDString:|,remoteInfo:|,,,displayName:React-RCTFabric,isa:PBXTargetDependency,targetProxy:containerPortal:|,displayName:|,isa:|,proxyType:|,remoteGlobalIDString:|,remoteInfo:|,,,displayName:React-Codegen,isa:PBXTargetDependency,targetProxy:containerPortal:|,displayName:|,isa:|,proxyType:|,remoteGlobalIDString:|,remoteInfo:|,,,displayName:RCTRequired,isa:PBXTargetDependency,targetProxy:containerPortal:|,displayName:|,isa:|,proxyType:|,remoteGlobalIDString:|,remoteInfo:|,,,displayName:RCTTypeSafety,isa:PBXTargetDependency,targetProxy:containerPortal:|,displayName:|,isa:|,proxyType:|,remoteGlobalIDString:|,remoteInfo:|,,,displayName:ReactCommon,isa:PBXTargetDependency,targetProxy:containerPortal:|,displayName:|,isa:|,proxyType:|,remoteGlobalIDString:|,remoteInfo:|,,,displayName:React-NativeModulesApple,isa:PBXTargetDependency,targetProxy:containerPortal:|,displayName:|,isa:|,proxyType:|,remoteGlobalIDString:|,remoteInfo:|,,,displayName:Yoga,isa:PBXTargetDependency,targetProxy:containerPortal:|,displayName:|,isa:|,proxyType:|,remoteGlobalIDString:|,remoteInfo:|,,,displayName:React-Fabric,isa:PBXTargetDependency,targetProxy:containerPortal:|,displayName:|,isa:|,proxyType:|,remoteGlobalIDString:|,remoteInfo:|,,,displayName:React-graphics,isa:PBXTargetDependency,targetProxy:containerPortal:|,displayName:|,isa:|,proxyType:|,remoteGlobalIDString:|,remoteInfo:|,,,displayName:React-utils,isa:PBXTargetDependency,targetProxy:containerPortal:|,displayName:|,isa:|,proxyType:|,remoteGlobalIDString:|,remoteInfo:|,,,displayName:React-featureflags,isa:PBXTargetDependency,targetProxy:containerPortal:|,displayName:|,isa:|,proxyType:|,remoteGlobalIDString:|,remoteInfo:|,,,displayName:React-debug,isa:PBXTargetDependency,targetProxy:containerPortal:|,displayName:|,isa:|,proxyType:|,remoteGlobalIDString:|,remoteInfo:|,,,displayName:React-ImageManager,isa:PBXTargetDependency,targetProxy:containerPortal:|,displayName:|,isa:|,proxyType:|,remoteGlobalIDString:|,remoteInfo:|,,,displayName:React-rendererdebug,isa:PBXTargetDependency,targetProxy:containerPortal:|,displayName:|,isa:|,proxyType:|,remoteGlobalIDString:|,remoteInfo:|,,,displayName:DoubleConversion,isa:PBXTargetDependency,targetProxy:containerPortal:|,displayName:|,isa:|,proxyType:|,remoteGlobalIDString:|,remoteInfo:|,,,displayName:React-jsi,isa:PBXTargetDependency,targetProxy:containerPortal:|,displayName:|,isa:|,proxyType:|,remoteGlobalIDString:|,remoteInfo:|,,,displayName:RNGestureHandler,fileSystemSynchronizedGroups:,isa:PBXNativeTarget,name:RNGestureHandler,packageProductDependencies:,productName:RNGestureHandler,productReference:displayName:RNGestureHandler,explicitFileType:wrapper.framework,includeInIndex:0,isa:PBXFileReference,name:RNGestureHandler,path:RNGestureHandler.framework,sourceTree:BUILT_PRODUCTS_DIR,,productType:com.apple.product-type.framework,/dependencies/displayName:React-RCTFabric,isa:PBXTargetDependency,targetProxy:containerPortal:46EB2E00000000,displayName:ContainerItemProxy,isa:PBXContainerItemProxy,proxyType:1,remoteGlobalIDString:46EB2E00020EA0,remoteInfo:React-RCTFabric,,/target/dependencies/displayName:React-RCTImage,isa:PBXTargetDependency,targetProxy:containerPortal:46EB2E00000000,displayName:ContainerItemProxy,isa:PBXContainerItemProxy,proxyType:1,remoteGlobalIDString:46EB2E000215E0,remoteInfo:React-RCTImage,,/target/dependencies/displayName:React-RCTNetwork,isa:PBXTargetDependency,targetProxy:containerPortal:46EB2E00000000,displayName:ContainerItemProxy,isa:PBXContainerItemProxy,proxyType:1,remoteGlobalIDString:46EB2E000219A0,remoteInfo:React-RCTNetwork,,/target/dependencies/displayName:React-Codegen,isa:PBXTargetDependency,targetProxy:containerPortal:46EB2E00000000,displayName:ContainerItemProxy,isa:PBXContainerItemProxy,proxyType:1,remoteGlobalIDString:46EB2E0001AAC0,remoteInfo:React-Codegen,,/target/buildPhases/buildActionMask:2147483647,displayName:Sources,files:displayName:FBReactNativeSpec-generated.mm,fileRef:displayName:|,includeInIndex:|,isa:|,path:|,sourceTree:|,,isa:PBXBuildFile,settings:COMPILER_FLAGS:|,,,displayName:FBReactNativeSpecJSI-generated.cpp,fileRef:displayName:|,includeInIndex:|,isa:|,lastKnownFileType:|,path:|,sourceTree:|,,isa:PBXBuildFile,settings:COMPILER_FLAGS:|,,,displayName:RCTModulesConformingToProtocolsProvider.mm,fileRef:displayName:|,includeInIndex:|,isa:|,path:|,sourceTree:|,,isa:PBXBuildFile,settings:COMPILER_FLAGS:|,,,displayName:ComponentDescriptors.cpp,fileRef:displayName:|,includeInIndex:|,isa:|,lastKnownFileType:|,path:|,sourceTree:|,,isa:PBXBuildFile,settings:COMPILER_FLAGS:|,,,displayName:EventEmitters.cpp,fileRef:displayName:|,includeInIndex:|,isa:|,lastKnownFileType:|,path:|,sourceTree:|,,isa:PBXBuildFile,settings:COMPILER_FLAGS:|,,,displayName:Props.cpp,fileRef:displayName:|,includeInIndex:|,isa:|,lastKnownFileType:|,path:|,sourceTree:|,,isa:PBXBuildFile,settings:COMPILER_FLAGS:|,,,displayName:ShadowNodes.cpp,fileRef:displayName:|,includeInIndex:|,isa:|,lastKnownFileType:|,path:|,sourceTree:|,,isa:PBXBuildFile,settings:COMPILER_FLAGS:|,,,displayName:States.cpp,fileRef:displayName:|,includeInIndex:|,isa:|,lastKnownFileType:|,path:|,sourceTree:|,,isa:PBXBuildFile,settings:COMPILER_FLAGS:|,,,displayName:ComponentDescriptors.cpp,fileRef:displayName:|,includeInIndex:|,isa:|,lastKnownFileType:|,path:|,sourceTree:|,,isa:PBXBuildFile,settings:COMPILER_FLAGS:|,,,displayName:EventEmitters.cpp,fileRef:displayName:|,includeInIndex:|,isa:|,lastKnownFileType:|,path:|,sourceTree:|,,isa:PBXBuildFile,settings:COMPILER_FLAGS:|,,,displayName:Props.cpp,fileRef:displayName:|,includeInIndex:|,isa:|,lastKnownFileType:|,path:|,sourceTree:|,,isa:PBXBuildFile,settings:COMPILER_FLAGS:|,,,displayName:ShadowNodes.cpp,fileRef:displayName:|,includeInIndex:|,isa:|,lastKnownFileType:|,path:|,sourceTree:|,,isa:PBXBuildFile,settings:COMPILER_FLAGS:|,,,displayName:States.cpp,fileRef:displayName:|,includeInIndex:|,isa:|,lastKnownFileType:|,path:|,sourceTree:|,,isa:PBXBuildFile,settings:COMPILER_FLAGS:|,,,displayName:ComponentDescriptors.cpp,fileRef:displayName:|,includeInIndex:|,isa:|,lastKnownFileType:|,path:|,sourceTree:|,,isa:PBXBuildFile,settings:COMPILER_FLAGS:|,,,displayName:EventEmitters.cpp,fileRef:displayName:|,includeInIndex:|,isa:|,lastKnownFileType:|,path:|,sourceTree:|,,isa:PBXBuildFile,settings:COMPILER_FLAGS:|,,,displayName:Props.cpp,fileRef:displayName:|,includeInIndex:|,isa:|,lastKnownFileType:|,path:|,sourceTree:|,,isa:PBXBuildFile,settings:COMPILER_FLAGS:|,,,displayName:ShadowNodes.cpp,fileRef:displayName:|,includeInIndex:|,isa:|,lastKnownFileType:|,path:|,sourceTree:|,,isa:PBXBuildFile,settings:COMPILER_FLAGS:|,,,displayName:States.cpp,fileRef:displayName:|,includeInIndex:|,isa:|,lastKnownFileType:|,path:|,sourceTree:|,,isa:PBXBuildFile,settings:COMPILER_FLAGS:|,,,displayName:ComponentDescriptors.cpp,fileRef:displayName:|,includeInIndex:|,isa:|,lastKnownFileType:|,path:|,sourceTree:|,,isa:PBXBuildFile,settings:COMPILER_FLAGS:|,,,displayName:EventEmitters.cpp,fileRef:displayName:|,includeInIndex:|,isa:|,lastKnownFileType:|,path:|,sourceTree:|,,isa:PBXBuildFile,settings:COMPILER_FLAGS:|,,,displayName:Props.cpp,fileRef:displayName:|,includeInIndex:|,isa:|,lastKnownFileType:|,path:|,sourceTree:|,,isa:PBXBuildFile,settings:COMPILER_FLAGS:|,,,displayName:ShadowNodes.cpp,fileRef:displayName:|,includeInIndex:|,isa:|,lastKnownFileType:|,path:|,sourceTree:|,,isa:PBXBuildFile,settings:COMPILER_FLAGS:|,,,displayName:States.cpp,fileRef:displayName:|,includeInIndex:|,isa:|,lastKnownFileType:|,path:|,sourceTree:|,,isa:PBXBuildFile,settings:COMPILER_FLAGS:|,,,displayName:ComponentDescriptors.cpp,fileRef:displayName:|,includeInIndex:|,isa:|,lastKnownFileType:|,path:|,sourceTree:|,,isa:PBXBuildFile,settings:COMPILER_FLAGS:|,,,displayName:EventEmitters.cpp,fileRef:displayName:|,includeInIndex:|,isa:|,lastKnownFileType:|,path:|,sourceTree:|,,isa:PBXBuildFile,settings:COMPILER_FLAGS:|,,,displayName:Props.cpp,fileRef:displayName:|,includeInIndex:|,isa:|,lastKnownFileType:|,path:|,sourceTree:|,,isa:PBXBuildFile,settings:COMPILER_FLAGS:|,,,displayName:ShadowNodes.cpp,fileRef:displayName:|,includeInIndex:|,isa:|,lastKnownFileType:|,path:|,sourceTree:|,,isa:PBXBuildFile,settings:COMPILER_FLAGS:|,,,displayName:States.cpp,fileRef:displayName:|,includeInIndex:|,isa:|,lastKnownFileType:|,path:|,sourceTree:|,,isa:PBXBuildFile,settings:COMPILER_FLAGS:|,,,displayName:ComponentDescriptors.cpp,fileRef:displayName:|,includeInIndex:|,isa:|,lastKnownFileType:|,path:|,sourceTree:|,,isa:PBXBuildFile,settings:COMPILER_FLAGS:|,,,displayName:EventEmitters.cpp,fileRef:displayName:|,includeInIndex:|,isa:|,lastKnownFileType:|,path:|,sourceTree:|,,isa:PBXBuildFile,settings:COMPILER_FLAGS:|,,,displayName:Props.cpp,fileRef:displayName:|,includeInIndex:|,isa:|,lastKnownFileType:|,path:|,sourceTree:|,,isa:PBXBuildFile,settings:COMPILER_FLAGS:|,,,displayName:ShadowNodes.cpp,fileRef:displayName:|,includeInIndex:|,isa:|,lastKnownFileType:|,path:|,sourceTree:|,,isa:PBXBuildFile,settings:COMPILER_FLAGS:|,,,displayName:States.cpp,fileRef:displayName:|,includeInIndex:|,isa:|,lastKnownFileType:|,path:|,sourceTree:|,,isa:PBXBuildFile,settings:COMPILER_FLAGS:|,,,displayName:rnasyncstorage-generated.mm,fileRef:displayName:|,includeInIndex:|,isa:|,path:|,sourceTree:|,,isa:PBXBuildFile,settings:COMPILER_FLAGS:|,,,displayName:rnasyncstorageJSI-generated.cpp,fileRef:displayName:|,includeInIndex:|,isa:|,lastKnownFileType:|,path:|,sourceTree:|,,isa:PBXBuildFile,settings:COMPILER_FLAGS:|,,,displayName:RNCConfigModule-generated.mm,fileRef:displayName:|,includeInIndex:|,isa:|,path:|,sourceTree:|,,isa:PBXBuildFile,settings:COMPILER_FLAGS:|,,,displayName:RNCConfigModuleJSI-generated.cpp,fileRef:displayName:|,includeInIndex:|,isa:|,lastKnownFileType:|,path:|,sourceTree:|,,isa:PBXBuildFile,settings:COMPILER_FLAGS:|,,,displayName:rnclipboard-generated.mm,fileRef:displayName:|,includeInIndex:|,isa:|,path:|,sourceTree:|,,isa:PBXBuildFile,settings:COMPILER_FLAGS:|,,,displayName:rnclipboardJSI-generated.cpp,fileRef:displayName:|,includeInIndex:|,isa:|,lastKnownFileType:|,path:|,sourceTree:|,,isa:PBXBuildFile,settings:COMPILER_FLAGS:|,,,displayName:rngesturehandler_codegen-generated.mm,fileRef:displayName:|,includeInIndex:|,isa:|,path:|,sourceTree:|,,isa:PBXBuildFile,settings:COMPILER_FLAGS:|,,,displayName:rngesturehandler_codegenJSI-generated.cpp,fileRef:displayName:|,includeInIndex:|,isa:|,lastKnownFileType:|,path:|,sourceTree:|,,isa:PBXBuildFile,settings:COMPILER_FLAGS:|,,,displayName:RNGoogleSignInCGen-generated.mm,fileRef:displayName:|,includeInIndex:|,isa:|,path:|,sourceTree:|,,isa:PBXBuildFile,settings:COMPILER_FLAGS:|,,,displayName:RNGoogleSignInCGenJSI-generated.cpp,fileRef:displayName:|,includeInIndex:|,isa:|,lastKnownFileType:|,path:|,sourceTree:|,,isa:PBXBuildFile,settings:COMPILER_FLAGS:|,,,displayName:RNImagePickerSpec-generated.mm,fileRef:displayName:|,includeInIndex:|,isa:|,path:|,sourceTree:|,,isa:PBXBuildFile,settings:COMPILER_FLAGS:|,,,displayName:RNImagePickerSpecJSI-generated.cpp,fileRef:displayName:|,includeInIndex:|,isa:|,lastKnownFileType:|,path:|,sourceTree:|,,isa:PBXBuildFile,settings:COMPILER_FLAGS:|,,,displayName:rnpermissions-generated.mm,fileRef:displayName:|,includeInIndex:|,isa:|,path:|,sourceTree:|,,isa:PBXBuildFile,settings:COMPILER_FLAGS:|,,,displayName:rnpermissionsJSI-generated.cpp,fileRef:displayName:|,includeInIndex:|,isa:|,lastKnownFileType:|,path:|,sourceTree:|,,isa:PBXBuildFile,settings:COMPILER_FLAGS:|,,,displayName:rnreanimated-generated.mm,fileRef:displayName:|,includeInIndex:|,isa:|,path:|,sourceTree:|,,isa:PBXBuildFile,settings:COMPILER_FLAGS:|,,,displayName:rnreanimatedJSI-generated.cpp,fileRef:displayName:|,includeInIndex:|,isa:|,lastKnownFileType:|,path:|,sourceTree:|,,isa:PBXBuildFile,settings:COMPILER_FLAGS:|,,,displayName:rnscreens-generated.mm,fileRef:displayName:|,includeInIndex:|,isa:|,path:|,sourceTree:|,,isa:PBXBuildFile,settings:COMPILER_FLAGS:|,,,displayName:rnscreensJSI-generated.cpp,fileRef:displayName:|,includeInIndex:|,isa:|,lastKnownFileType:|,path:|,sourceTree:|,,isa:PBXBuildFile,settings:COMPILER_FLAGS:|,,,displayName:rnsvg-generated.mm,fileRef:displayName:|,includeInIndex:|,isa:|,path:|,sourceTree:|,,isa:PBXBuildFile,settings:COMPILER_FLAGS:|,,,displayName:rnsvgJSI-generated.cpp,fileRef:displayName:|,includeInIndex:|,isa:|,lastKnownFileType:|,path:|,sourceTree:|,,isa:PBXBuildFile,settings:COMPILER_FLAGS:|,,,displayName:RNVectorIconsSpec-generated.mm,fileRef:displayName:|,includeInIndex:|,isa:|,path:|,sourceTree:|,,isa:PBXBuildFile,settings:COMPILER_FLAGS:|,,,displayName:RNVectorIconsSpecJSI-generated.cpp,fileRef:displayName:|,includeInIndex:|,isa:|,lastKnownFileType:|,path:|,sourceTree:|,,isa:PBXBuildFile,settings:COMPILER_FLAGS:|,,,displayName:safeareacontext-generated.mm,fileRef:displayName:|,includeInIndex:|,isa:|,path:|,sourceTree:|,,isa:PBXBuildFile,settings:COMPILER_FLAGS:|,,,displayName:safeareacontextJSI-generated.cpp,fileRef:displayName:|,includeInIndex:|,isa:|,lastKnownFileType:|,path:|,sourceTree:|,,isa:PBXBuildFile,settings:COMPILER_FLAGS:|,,,displayName:React-Codegen-dummy.m,fileRef:displayName:|,includeInIndex:|,isa:|,lastKnownFileType:|,path:|,sourceTree:|,,isa:PBXBuildFile,,isa:PBXSourcesBuildPhase,runOnlyForDeploymentPostprocessing:0,/files/displayName:ComponentDescriptors.cpp,fileRef:displayName:ComponentDescriptors.cpp,includeInIndex:1,isa:PBXFileReference,lastKnownFileType:sourcecode.cpp.cpp,path:ComponentDescriptors.cpp,sourceTree:<group>,,isa:PBXBuildFile,settings:COMPILER_FLAGS:-DFOLLY_NO_CONFIG -DFOLLY_MOBILE=1 -DFOLLY_USE_LIBCPP=1 -DFOLLY_CFG_NO_COROUTINES=1 -DFOLLY_HAVE_CLOCK_GETTIME=1 -Wno-comma -Wno-shorten-64-to-32 -Wno-documentation -Wno-nullability-completeness -std=c++20,,
PBXBuildFile -- Pods.xcodeproj/targets/buildConfigurationList:buildConfigurations:baseConfigurationReference:|,buildSettings:|,displayName:|,isa:|,name:|,,baseConfigurationReference:|,buildSettings:|,displayName:|,isa:|,name:|,,defaultConfigurationIsVisible:0,defaultConfigurationName:Release,displayName:ConfigurationList,isa:XCConfigurationList,,buildPhases:buildActionMask:2147483647,displayName:Headers,files:|,|,|,|,|,|,|,|,|,|,|,|,|,|,|,|,|,|,|,|,|,|,|,|,|,|,|,|,isa:PBXHeadersBuildPhase,runOnlyForDeploymentPostprocessing:0,,buildActionMask:2147483647,displayName:Sources,files:|,|,|,|,|,|,|,|,|,|,|,|,|,|,|,|,|,|,|,|,|,|,|,isa:PBXSourcesBuildPhase,runOnlyForDeploymentPostprocessing:0,,buildActionMask:2147483647,displayName:Frameworks,files:|,isa:PBXFrameworksBuildPhase,runOnlyForDeploymentPostprocessing:0,,buildActionMask:2147483647,displayName:Resources,files:,isa:PBXResourcesBuildPhase,runOnlyForDeploymentPostprocessing:0,,buildRules:,dependencies:displayName:React-Core,isa:PBXTargetDependency,targetProxy:containerPortal:|,displayName:|,isa:|,proxyType:|,remoteGlobalIDString:|,remoteInfo:|,,,displayName:RCT-Folly,isa:PBXTargetDependency,targetProxy:containerPortal:|,displayName:|,isa:|,proxyType:|,remoteGlobalIDString:|,remoteInfo:|,,,displayName:glog,isa:PBXTargetDependency,targetProxy:containerPortal:|,displayName:|,isa:|,proxyType:|,remoteGlobalIDString:|,remoteInfo:|,,,displayName:React-RCTFabric,isa:PBXTargetDependency,targetProxy:containerPortal:|,displayName:|,isa:|,proxyType:|,remoteGlobalIDString:|,remoteInfo:|,,,displayName:React-Codegen,isa:PBXTargetDependency,targetProxy:containerPortal:|,displayName:|,isa:|,proxyType:|,remoteGlobalIDString:|,remoteInfo:|,,,displayName:RCTRequired,isa:PBXTargetDependency,targetProxy:containerPortal:|,displayName:|,isa:|,proxyType:|,remoteGlobalIDString:|,remoteInfo:|,,,displayName:RCTTypeSafety,isa:PBXTargetDependency,targetProxy:containerPortal:|,displayName:|,isa:|,proxyType:|,remoteGlobalIDString:|,remoteInfo:|,,,displayName:ReactCommon,isa:PBXTargetDependency,targetProxy:containerPortal:|,displayName:|,isa:|,proxyType:|,remoteGlobalIDString:|,remoteInfo:|,,,displayName:React-NativeModulesApple,isa:PBXTargetDependency,targetProxy:containerPortal:|,displayName:|,isa:|,proxyType:|,remoteGlobalIDString:|,remoteInfo:|,,,displayName:Yoga,isa:PBXTargetDependency,targetProxy:containerPortal:|,displayName:|,isa:|,proxyType:|,remoteGlobalIDString:|,remoteInfo:|,,,displayName:React-Fabric,isa:PBXTargetDependency,targetProxy:containerPortal:|,displayName:|,isa:|,proxyType:|,remoteGlobalIDString:|,remoteInfo:|,,,displayName:React-graphics,isa:PBXTargetDependency,targetProxy:containerPortal:|,displayName:|,isa:|,proxyType:|,remoteGlobalIDString:|,remoteInfo:|,,,displayName:React-utils,isa:PBXTargetDependency,targetProxy:containerPortal:|,displayName:|,isa:|,proxyType:|,remoteGlobalIDString:|,remoteInfo:|,,,displayName:React-featureflags,isa:PBXTargetDependency,targetProxy:containerPortal:|,displayName:|,isa:|,proxyType:|,remoteGlobalIDString:|,remoteInfo:|,,,displayName:React-debug,isa:PBXTargetDependency,targetProxy:containerPortal:|,displayName:|,isa:|,proxyType:|,remoteGlobalIDString:|,remoteInfo:|,,,displayName:React-ImageManager,isa:PBXTargetDependency,targetProxy:containerPortal:|,displayName:|,isa:|,proxyType:|,remoteGlobalIDString:|,remoteInfo:|,,,displayName:React-rendererdebug,isa:PBXTargetDependency,targetProxy:containerPortal:|,displayName:|,isa:|,proxyType:|,remoteGlobalIDString:|,remoteInfo:|,,,displayName:DoubleConversion,isa:PBXTargetDependency,targetProxy:containerPortal:|,displayName:|,isa:|,proxyType:|,remoteGlobalIDString:|,remoteInfo:|,,,displayName:React-jsi,isa:PBXTargetDependency,targetProxy:containerPortal:|,displayName:|,isa:|,proxyType:|,remoteGlobalIDString:|,remoteInfo:|,,,displayName:RNGestureHandler,fileSystemSynchronizedGroups:,isa:PBXNativeTarget,name:RNGestureHandler,packageProductDependencies:,productName:RNGestureHandler,productReference:displayName:RNGestureHandler,explicitFileType:wrapper.framework,includeInIndex:0,isa:PBXFileReference,name:RNGestureHandler,path:RNGestureHandler.framework,sourceTree:BUILT_PRODUCTS_DIR,,productType:com.apple.product-type.framework,/dependencies/displayName:React-RCTFabric,isa:PBXTargetDependency,targetProxy:containerPortal:46EB2E00000000,displayName:ContainerItemProxy,isa:PBXContainerItemProxy,proxyType:1,remoteGlobalIDString:46EB2E00020EA0,remoteInfo:React-RCTFabric,,/target/dependencies/displayName:React-RCTImage,isa:PBXTargetDependency,targetProxy:containerPortal:46EB2E00000000,displayName:ContainerItemProxy,isa:PBXContainerItemProxy,proxyType:1,remoteGlobalIDString:46EB2E000215E0,remoteInfo:React-RCTImage,,/target/dependencies/displayName:React-RCTNetwork,isa:PBXTargetDependency,targetProxy:containerPortal:46EB2E00000000,displayName:ContainerItemProxy,isa:PBXContainerItemProxy,proxyType:1,remoteGlobalIDString:46EB2E000219A0,remoteInfo:React-RCTNetwork,,/target/dependencies/displayName:React-Codegen,isa:PBXTargetDependency,targetProxy:containerPortal:46EB2E00000000,displayName:ContainerItemProxy,isa:PBXContainerItemProxy,proxyType:1,remoteGlobalIDString:46EB2E0001AAC0,remoteInfo:React-Codegen,,/target/buildPhases/buildActionMask:2147483647,displayName:Sources,files:displayName:FBReactNativeSpec-generated.mm,fileRef:displayName:|,includeInIndex:|,isa:|,path:|,sourceTree:|,,isa:PBXBuildFile,settings:COMPILER_FLAGS:|,,,displayName:FBReactNativeSpecJSI-generated.cpp,fileRef:displayName:|,includeInIndex:|,isa:|,lastKnownFileType:|,path:|,sourceTree:|,,isa:PBXBuildFile,settings:COMPILER_FLAGS:|,,,displayName:RCTModulesConformingToProtocolsProvider.mm,fileRef:displayName:|,includeInIndex:|,isa:|,path:|,sourceTree:|,,isa:PBXBuildFile,settings:COMPILER_FLAGS:|,,,displayName:ComponentDescriptors.cpp,fileRef:displayName:|,includeInIndex:|,isa:|,lastKnownFileType:|,path:|,sourceTree:|,,isa:PBXBuildFile,settings:COMPILER_FLAGS:|,,,displayName:EventEmitters.cpp,fileRef:displayName:|,includeInIndex:|,isa:|,lastKnownFileType:|,path:|,sourceTree:|,,isa:PBXBuildFile,settings:COMPILER_FLAGS:|,,,displayName:Props.cpp,fileRef:displayName:|,includeInIndex:|,isa:|,lastKnownFileType:|,path:|,sourceTree:|,,isa:PBXBuildFile,settings:COMPILER_FLAGS:|,,,displayName:ShadowNodes.cpp,fileRef:displayName:|,includeInIndex:|,isa:|,lastKnownFileType:|,path:|,sourceTree:|,,isa:PBXBuildFile,settings:COMPILER_FLAGS:|,,,displayName:States.cpp,fileRef:displayName:|,includeInIndex:|,isa:|,lastKnownFileType:|,path:|,sourceTree:|,,isa:PBXBuildFile,settings:COMPILER_FLAGS:|,,,displayName:ComponentDescriptors.cpp,fileRef:displayName:|,includeInIndex:|,isa:|,lastKnownFileType:|,path:|,sourceTree:|,,isa:PBXBuildFile,settings:COMPILER_FLAGS:|,,,displayName:EventEmitters.cpp,fileRef:displayName:|,includeInIndex:|,isa:|,lastKnownFileType:|,path:|,sourceTree:|,,isa:PBXBuildFile,settings:COMPILER_FLAGS:|,,,displayName:Props.cpp,fileRef:displayName:|,includeInIndex:|,isa:|,lastKnownFileType:|,path:|,sourceTree:|,,isa:PBXBuildFile,settings:COMPILER_FLAGS:|,,,displayName:ShadowNodes.cpp,fileRef:displayName:|,includeInIndex:|,isa:|,lastKnownFileType:|,path:|,sourceTree:|,,isa:PBXBuildFile,settings:COMPILER_FLAGS:|,,,displayName:States.cpp,fileRef:displayName:|,includeInIndex:|,isa:|,lastKnownFileType:|,path:|,sourceTree:|,,isa:PBXBuildFile,settings:COMPILER_FLAGS:|,,,displayName:ComponentDescriptors.cpp,fileRef:displayName:|,includeInIndex:|,isa:|,lastKnownFileType:|,path:|,sourceTree:|,,isa:PBXBuildFile,settings:COMPILER_FLAGS:|,,,displayName:EventEmitters.cpp,fileRef:displayName:|,includeInIndex:|,isa:|,lastKnownFileType:|,path:|,sourceTree:|,,isa:PBXBuildFile,settings:COMPILER_FLAGS:|,,,displayName:Props.cpp,fileRef:displayName:|,includeInIndex:|,isa:|,lastKnownFileType:|,path:|,sourceTree:|,,isa:PBXBuildFile,settings:COMPILER_FLAGS:|,,,displayName:ShadowNodes.cpp,fileRef:displayName:|,includeInIndex:|,isa:|,lastKnownFileType:|,path:|,sourceTree:|,,isa:PBXBuildFile,settings:COMPILER_FLAGS:|,,,displayName:States.cpp,fileRef:displayName:|,includeInIndex:|,isa:|,lastKnownFileType:|,path:|,sourceTree:|,,isa:PBXBuildFile,settings:COMPILER_FLAGS:|,,,displayName:ComponentDescriptors.cpp,fileRef:displayName:|,includeInIndex:|,isa:|,lastKnownFileType:|,path:|,sourceTree:|,,isa:PBXBuildFile,settings:COMPILER_FLAGS:|,,,displayName:EventEmitters.cpp,fileRef:displayName:|,includeInIndex:|,isa:|,lastKnownFileType:|,path:|,sourceTree:|,,isa:PBXBuildFile,settings:COMPILER_FLAGS:|,,,displayName:Props.cpp,fileRef:displayName:|,includeInIndex:|,isa:|,lastKnownFileType:|,path:|,sourceTree:|,,isa:PBXBuildFile,settings:COMPILER_FLAGS:|,,,displayName:ShadowNodes.cpp,fileRef:displayName:|,includeInIndex:|,isa:|,lastKnownFileType:|,path:|,sourceTree:|,,isa:PBXBuildFile,settings:COMPILER_FLAGS:|,,,displayName:States.cpp,fileRef:displayName:|,includeInIndex:|,isa:|,lastKnownFileType:|,path:|,sourceTree:|,,isa:PBXBuildFile,settings:COMPILER_FLAGS:|,,,displayName:ComponentDescriptors.cpp,fileRef:displayName:|,includeInIndex:|,isa:|,lastKnownFileType:|,path:|,sourceTree:|,,isa:PBXBuildFile,settings:COMPILER_FLAGS:|,,,displayName:EventEmitters.cpp,fileRef:displayName:|,includeInIndex:|,isa:|,lastKnownFileType:|,path:|,sourceTree:|,,isa:PBXBuildFile,settings:COMPILER_FLAGS:|,,,displayName:Props.cpp,fileRef:displayName:|,includeInIndex:|,isa:|,lastKnownFileType:|,path:|,sourceTree:|,,isa:PBXBuildFile,settings:COMPILER_FLAGS:|,,,displayName:ShadowNodes.cpp,fileRef:displayName:|,includeInIndex:|,isa:|,lastKnownFileType:|,path:|,sourceTree:|,,isa:PBXBuildFile,settings:COMPILER_FLAGS:|,,,displayName:States.cpp,fileRef:displayName:|,includeInIndex:|,isa:|,lastKnownFileType:|,path:|,sourceTree:|,,isa:PBXBuildFile,settings:COMPILER_FLAGS:|,,,displayName:ComponentDescriptors.cpp,fileRef:displayName:|,includeInIndex:|,isa:|,lastKnownFileType:|,path:|,sourceTree:|,,isa:PBXBuildFile,settings:COMPILER_FLAGS:|,,,displayName:EventEmitters.cpp,fileRef:displayName:|,includeInIndex:|,isa:|,lastKnownFileType:|,path:|,sourceTree:|,,isa:PBXBuildFile,settings:COMPILER_FLAGS:|,,,displayName:Props.cpp,fileRef:displayName:|,includeInIndex:|,isa:|,lastKnownFileType:|,path:|,sourceTree:|,,isa:PBXBuildFile,settings:COMPILER_FLAGS:|,,,displayName:ShadowNodes.cpp,fileRef:displayName:|,includeInIndex:|,isa:|,lastKnownFileType:|,path:|,sourceTree:|,,isa:PBXBuildFile,settings:COMPILER_FLAGS:|,,,displayName:States.cpp,fileRef:displayName:|,includeInIndex:|,isa:|,lastKnownFileType:|,path:|,sourceTree:|,,isa:PBXBuildFile,settings:COMPILER_FLAGS:|,,,displayName:rnasyncstorage-generated.mm,fileRef:displayName:|,includeInIndex:|,isa:|,path:|,sourceTree:|,,isa:PBXBuildFile,settings:COMPILER_FLAGS:|,,,displayName:rnasyncstorageJSI-generated.cpp,fileRef:displayName:|,includeInIndex:|,isa:|,lastKnownFileType:|,path:|,sourceTree:|,,isa:PBXBuildFile,settings:COMPILER_FLAGS:|,,,displayName:RNCConfigModule-generated.mm,fileRef:displayName:|,includeInIndex:|,isa:|,path:|,sourceTree:|,,isa:PBXBuildFile,settings:COMPILER_FLAGS:|,,,displayName:RNCConfigModuleJSI-generated.cpp,fileRef:displayName:|,includeInIndex:|,isa:|,lastKnownFileType:|,path:|,sourceTree:|,,isa:PBXBuildFile,settings:COMPILER_FLAGS:|,,,displayName:rnclipboard-generated.mm,fileRef:displayName:|,includeInIndex:|,isa:|,path:|,sourceTree:|,,isa:PBXBuildFile,settings:COMPILER_FLAGS:|,,,displayName:rnclipboardJSI-generated.cpp,fileRef:displayName:|,includeInIndex:|,isa:|,lastKnownFileType:|,path:|,sourceTree:|,,isa:PBXBuildFile,settings:COMPILER_FLAGS:|,,,displayName:rngesturehandler_codegen-generated.mm,fileRef:displayName:|,includeInIndex:|,isa:|,path:|,sourceTree:|,,isa:PBXBuildFile,settings:COMPILER_FLAGS:|,,,displayName:rngesturehandler_codegenJSI-generated.cpp,fileRef:displayName:|,includeInIndex:|,isa:|,lastKnownFileType:|,path:|,sourceTree:|,,isa:PBXBuildFile,settings:COMPILER_FLAGS:|,,,displayName:RNGoogleSignInCGen-generated.mm,fileRef:displayName:|,includeInIndex:|,isa:|,path:|,sourceTree:|,,isa:PBXBuildFile,settings:COMPILER_FLAGS:|,,,displayName:RNGoogleSignInCGenJSI-generated.cpp,fileRef:displayName:|,includeInIndex:|,isa:|,lastKnownFileType:|,path:|,sourceTree:|,,isa:PBXBuildFile,settings:COMPILER_FLAGS:|,,,displayName:RNImagePickerSpec-generated.mm,fileRef:displayName:|,includeInIndex:|,isa:|,path:|,sourceTree:|,,isa:PBXBuildFile,settings:COMPILER_FLAGS:|,,,displayName:RNImagePickerSpecJSI-generated.cpp,fileRef:displayName:|,includeInIndex:|,isa:|,lastKnownFileType:|,path:|,sourceTree:|,,isa:PBXBuildFile,settings:COMPILER_FLAGS:|,,,displayName:rnpermissions-generated.mm,fileRef:displayName:|,includeInIndex:|,isa:|,path:|,sourceTree:|,,isa:PBXBuildFile,settings:COMPILER_FLAGS:|,,,displayName:rnpermissionsJSI-generated.cpp,fileRef:displayName:|,includeInIndex:|,isa:|,lastKnownFileType:|,path:|,sourceTree:|,,isa:PBXBuildFile,settings:COMPILER_FLAGS:|,,,displayName:rnreanimated-generated.mm,fileRef:displayName:|,includeInIndex:|,isa:|,path:|,sourceTree:|,,isa:PBXBuildFile,settings:COMPILER_FLAGS:|,,,displayName:rnreanimatedJSI-generated.cpp,fileRef:displayName:|,includeInIndex:|,isa:|,lastKnownFileType:|,path:|,sourceTree:|,,isa:PBXBuildFile,settings:COMPILER_FLAGS:|,,,displayName:rnscreens-generated.mm,fileRef:displayName:|,includeInIndex:|,isa:|,path:|,sourceTree:|,,isa:PBXBuildFile,settings:COMPILER_FLAGS:|,,,displayName:rnscreensJSI-generated.cpp,fileRef:displayName:|,includeInIndex:|,isa:|,lastKnownFileType:|,path:|,sourceTree:|,,isa:PBXBuildFile,settings:COMPILER_FLAGS:|,,,displayName:rnsvg-generated.mm,fileRef:displayName:|,includeInIndex:|,isa:|,path:|,sourceTree:|,,isa:PBXBuildFile,settings:COMPILER_FLAGS:|,,,displayName:rnsvgJSI-generated.cpp,fileRef:displayName:|,includeInIndex:|,isa:|,lastKnownFileType:|,path:|,sourceTree:|,,isa:PBXBuildFile,settings:COMPILER_FLAGS:|,,,displayName:RNVectorIconsSpec-generated.mm,fileRef:displayName:|,includeInIndex:|,isa:|,path:|,sourceTree:|,,isa:PBXBuildFile,settings:COMPILER_FLAGS:|,,,displayName:RNVectorIconsSpecJSI-generated.cpp,fileRef:displayName:|,includeInIndex:|,isa:|,lastKnownFileType:|,path:|,sourceTree:|,,isa:PBXBuildFile,settings:COMPILER_FLAGS:|,,,displayName:safeareacontext-generated.mm,fileRef:displayName:|,includeInIndex:|,isa:|,path:|,sourceTree:|,,isa:PBXBuildFile,settings:COMPILER_FLAGS:|,,,displayName:safeareacontextJSI-generated.cpp,fileRef:displayName:|,includeInIndex:|,isa:|,lastKnownFileType:|,path:|,sourceTree:|,,isa:PBXBuildFile,settings:COMPILER_FLAGS:|,,,displayName:React-Codegen-dummy.m,fileRef:displayName:|,includeInIndex:|,isa:|,lastKnownFileType:|,path:|,sourceTree:|,,isa:PBXBuildFile,,isa:PBXSourcesBuildPhase,runOnlyForDeploymentPostprocessing:0,/files/displayName:EventEmitters.cpp,fileRef:displayName:EventEmitters.cpp,includeInIndex:1,isa:PBXFileReference,lastKnownFileType:sourcecode.cpp.cpp,path:EventEmitters.cpp,sourceTree:<group>,,isa:PBXBuildFile,settings:COMPILER_FLAGS:-DFOLLY_NO_CONFIG -DFOLLY_MOBILE=1 -DFOLLY_USE_LIBCPP=1 -DFOLLY_CFG_NO_COROUTINES=1 -DFOLLY_HAVE_CLOCK_GETTIME=1 -Wno-comma -Wno-shorten-64-to-32 -Wno-documentation -Wno-nullability-completeness -std=c++20,,
PBXBuildFile -- Pods.xcodeproj/targets/buildConfigurationList:buildConfigurations:baseConfigurationReference:|,buildSettings:|,displayName:|,isa:|,name:|,,baseConfigurationReference:|,buildSettings:|,displayName:|,isa:|,name:|,,defaultConfigurationIsVisible:0,defaultConfigurationName:Release,displayName:ConfigurationList,isa:XCConfigurationList,,buildPhases:buildActionMask:2147483647,displayName:Headers,files:|,|,|,|,|,|,|,|,|,|,|,|,|,|,|,|,|,|,|,|,|,|,|,|,|,|,|,|,isa:PBXHeadersBuildPhase,runOnlyForDeploymentPostprocessing:0,,buildActionMask:2147483647,displayName:Sources,files:|,|,|,|,|,|,|,|,|,|,|,|,|,|,|,|,|,|,|,|,|,|,|,isa:PBXSourcesBuildPhase,runOnlyForDeploymentPostprocessing:0,,buildActionMask:2147483647,displayName:Frameworks,files:|,isa:PBXFrameworksBuildPhase,runOnlyForDeploymentPostprocessing:0,,buildActionMask:2147483647,displayName:Resources,files:,isa:PBXResourcesBuildPhase,runOnlyForDeploymentPostprocessing:0,,buildRules:,dependencies:displayName:React-Core,isa:PBXTargetDependency,targetProxy:containerPortal:|,displayName:|,isa:|,proxyType:|,remoteGlobalIDString:|,remoteInfo:|,,,displayName:RCT-Folly,isa:PBXTargetDependency,targetProxy:containerPortal:|,displayName:|,isa:|,proxyType:|,remoteGlobalIDString:|,remoteInfo:|,,,displayName:glog,isa:PBXTargetDependency,targetProxy:containerPortal:|,displayName:|,isa:|,proxyType:|,remoteGlobalIDString:|,remoteInfo:|,,,displayName:React-RCTFabric,isa:PBXTargetDependency,targetProxy:containerPortal:|,displayName:|,isa:|,proxyType:|,remoteGlobalIDString:|,remoteInfo:|,,,displayName:React-Codegen,isa:PBXTargetDependency,targetProxy:containerPortal:|,displayName:|,isa:|,proxyType:|,remoteGlobalIDString:|,remoteInfo:|,,,displayName:RCTRequired,isa:PBXTargetDependency,targetProxy:containerPortal:|,displayName:|,isa:|,proxyType:|,remoteGlobalIDString:|,remoteInfo:|,,,displayName:RCTTypeSafety,isa:PBXTargetDependency,targetProxy:containerPortal:|,displayName:|,isa:|,proxyType:|,remoteGlobalIDString:|,remoteInfo:|,,,displayName:ReactCommon,isa:PBXTargetDependency,targetProxy:containerPortal:|,displayName:|,isa:|,proxyType:|,remoteGlobalIDString:|,remoteInfo:|,,,displayName:React-NativeModulesApple,isa:PBXTargetDependency,targetProxy:containerPortal:|,displayName:|,isa:|,proxyType:|,remoteGlobalIDString:|,remoteInfo:|,,,displayName:Yoga,isa:PBXTargetDependency,targetProxy:containerPortal:|,displayName:|,isa:|,proxyType:|,remoteGlobalIDString:|,remoteInfo:|,,,displayName:React-Fabric,isa:PBXTargetDependency,targetProxy:containerPortal:|,displayName:|,isa:|,proxyType:|,remoteGlobalIDString:|,remoteInfo:|,,,displayName:React-graphics,isa:PBXTargetDependency,targetProxy:containerPortal:|,displayName:|,isa:|,proxyType:|,remoteGlobalIDString:|,remoteInfo:|,,,displayName:React-utils,isa:PBXTargetDependency,targetProxy:containerPortal:|,displayName:|,isa:|,proxyType:|,remoteGlobalIDString:|,remoteInfo:|,,,displayName:React-featureflags,isa:PBXTargetDependency,targetProxy:containerPortal:|,displayName:|,isa:|,proxyType:|,remoteGlobalIDString:|,remoteInfo:|,,,displayName:React-debug,isa:PBXTargetDependency,targetProxy:containerPortal:|,displayName:|,isa:|,proxyType:|,remoteGlobalIDString:|,remoteInfo:|,,,displayName:React-ImageManager,isa:PBXTargetDependency,targetProxy:containerPortal:|,displayName:|,isa:|,proxyType:|,remoteGlobalIDString:|,remoteInfo:|,,,displayName:React-rendererdebug,isa:PBXTargetDependency,targetProxy:containerPortal:|,displayName:|,isa:|,proxyType:|,remoteGlobalIDString:|,remoteInfo:|,,,displayName:DoubleConversion,isa:PBXTargetDependency,targetProxy:containerPortal:|,displayName:|,isa:|,proxyType:|,remoteGlobalIDString:|,remoteInfo:|,,,displayName:React-jsi,isa:PBXTargetDependency,targetProxy:containerPortal:|,displayName:|,isa:|,proxyType:|,remoteGlobalIDString:|,remoteInfo:|,,,displayName:RNGestureHandler,fileSystemSynchronizedGroups:,isa:PBXNativeTarget,name:RNGestureHandler,packageProductDependencies:,productName:RNGestureHandler,productReference:displayName:RNGestureHandler,explicitFileType:wrapper.framework,includeInIndex:0,isa:PBXFileReference,name:RNGestureHandler,path:RNGestureHandler.framework,sourceTree:BUILT_PRODUCTS_DIR,,productType:com.apple.product-type.framework,/dependencies/displayName:React-RCTFabric,isa:PBXTargetDependency,targetProxy:containerPortal:46EB2E00000000,displayName:ContainerItemProxy,isa:PBXContainerItemProxy,proxyType:1,remoteGlobalIDString:46EB2E00020EA0,remoteInfo:React-RCTFabric,,/target/dependencies/displayName:React-RCTImage,isa:PBXTargetDependency,targetProxy:containerPortal:46EB2E00000000,displayName:ContainerItemProxy,isa:PBXContainerItemProxy,proxyType:1,remoteGlobalIDString:46EB2E000215E0,remoteInfo:React-RCTImage,,/target/dependencies/displayName:React-RCTNetwork,isa:PBXTargetDependency,targetProxy:containerPortal:46EB2E00000000,displayName:ContainerItemProxy,isa:PBXContainerItemProxy,proxyType:1,remoteGlobalIDString:46EB2E000219A0,remoteInfo:React-RCTNetwork,,/target/dependencies/displayName:React-Codegen,isa:PBXTargetDependency,targetProxy:containerPortal:46EB2E00000000,displayName:ContainerItemProxy,isa:PBXContainerItemProxy,proxyType:1,remoteGlobalIDString:46EB2E0001AAC0,remoteInfo:React-Codegen,,/target/buildPhases/buildActionMask:2147483647,displayName:Sources,files:displayName:FBReactNativeSpec-generated.mm,fileRef:displayName:|,includeInIndex:|,isa:|,path:|,sourceTree:|,,isa:PBXBuildFile,settings:COMPILER_FLAGS:|,,,displayName:FBReactNativeSpecJSI-generated.cpp,fileRef:displayName:|,includeInIndex:|,isa:|,lastKnownFileType:|,path:|,sourceTree:|,,isa:PBXBuildFile,settings:COMPILER_FLAGS:|,,,displayName:RCTModulesConformingToProtocolsProvider.mm,fileRef:displayName:|,includeInIndex:|,isa:|,path:|,sourceTree:|,,isa:PBXBuildFile,settings:COMPILER_FLAGS:|,,,displayName:ComponentDescriptors.cpp,fileRef:displayName:|,includeInIndex:|,isa:|,lastKnownFileType:|,path:|,sourceTree:|,,isa:PBXBuildFile,settings:COMPILER_FLAGS:|,,,displayName:EventEmitters.cpp,fileRef:displayName:|,includeInIndex:|,isa:|,lastKnownFileType:|,path:|,sourceTree:|,,isa:PBXBuildFile,settings:COMPILER_FLAGS:|,,,displayName:Props.cpp,fileRef:displayName:|,includeInIndex:|,isa:|,lastKnownFileType:|,path:|,sourceTree:|,,isa:PBXBuildFile,settings:COMPILER_FLAGS:|,,,displayName:ShadowNodes.cpp,fileRef:displayName:|,includeInIndex:|,isa:|,lastKnownFileType:|,path:|,sourceTree:|,,isa:PBXBuildFile,settings:COMPILER_FLAGS:|,,,displayName:States.cpp,fileRef:displayName:|,includeInIndex:|,isa:|,lastKnownFileType:|,path:|,sourceTree:|,,isa:PBXBuildFile,settings:COMPILER_FLAGS:|,,,displayName:ComponentDescriptors.cpp,fileRef:displayName:|,includeInIndex:|,isa:|,lastKnownFileType:|,path:|,sourceTree:|,,isa:PBXBuildFile,settings:COMPILER_FLAGS:|,,,displayName:EventEmitters.cpp,fileRef:displayName:|,includeInIndex:|,isa:|,lastKnownFileType:|,path:|,sourceTree:|,,isa:PBXBuildFile,settings:COMPILER_FLAGS:|,,,displayName:Props.cpp,fileRef:displayName:|,includeInIndex:|,isa:|,lastKnownFileType:|,path:|,sourceTree:|,,isa:PBXBuildFile,settings:COMPILER_FLAGS:|,,,displayName:ShadowNodes.cpp,fileRef:displayName:|,includeInIndex:|,isa:|,lastKnownFileType:|,path:|,sourceTree:|,,isa:PBXBuildFile,settings:COMPILER_FLAGS:|,,,displayName:States.cpp,fileRef:displayName:|,includeInIndex:|,isa:|,lastKnownFileType:|,path:|,sourceTree:|,,isa:PBXBuildFile,settings:COMPILER_FLAGS:|,,,displayName:ComponentDescriptors.cpp,fileRef:displayName:|,includeInIndex:|,isa:|,lastKnownFileType:|,path:|,sourceTree:|,,isa:PBXBuildFile,settings:COMPILER_FLAGS:|,,,displayName:EventEmitters.cpp,fileRef:displayName:|,includeInIndex:|,isa:|,lastKnownFileType:|,path:|,sourceTree:|,,isa:PBXBuildFile,settings:COMPILER_FLAGS:|,,,displayName:Props.cpp,fileRef:displayName:|,includeInIndex:|,isa:|,lastKnownFileType:|,path:|,sourceTree:|,,isa:PBXBuildFile,settings:COMPILER_FLAGS:|,,,displayName:ShadowNodes.cpp,fileRef:displayName:|,includeInIndex:|,isa:|,lastKnownFileType:|,path:|,sourceTree:|,,isa:PBXBuildFile,settings:COMPILER_FLAGS:|,,,displayName:States.cpp,fileRef:displayName:|,includeInIndex:|,isa:|,lastKnownFileType:|,path:|,sourceTree:|,,isa:PBXBuildFile,settings:COMPILER_FLAGS:|,,,displayName:ComponentDescriptors.cpp,fileRef:displayName:|,includeInIndex:|,isa:|,lastKnownFileType:|,path:|,sourceTree:|,,isa:PBXBuildFile,settings:COMPILER_FLAGS:|,,,displayName:EventEmitters.cpp,fileRef:displayName:|,includeInIndex:|,isa:|,lastKnownFileType:|,path:|,sourceTree:|,,isa:PBXBuildFile,settings:COMPILER_FLAGS:|,,,displayName:Props.cpp,fileRef:displayName:|,includeInIndex:|,isa:|,lastKnownFileType:|,path:|,sourceTree:|,,isa:PBXBuildFile,settings:COMPILER_FLAGS:|,,,displayName:ShadowNodes.cpp,fileRef:displayName:|,includeInIndex:|,isa:|,lastKnownFileType:|,path:|,sourceTree:|,,isa:PBXBuildFile,settings:COMPILER_FLAGS:|,,,displayName:States.cpp,fileRef:displayName:|,includeInIndex:|,isa:|,lastKnownFileType:|,path:|,sourceTree:|,,isa:PBXBuildFile,settings:COMPILER_FLAGS:|,,,displayName:ComponentDescriptors.cpp,fileRef:displayName:|,includeInIndex:|,isa:|,lastKnownFileType:|,path:|,sourceTree:|,,isa:PBXBuildFile,settings:COMPILER_FLAGS:|,,,displayName:EventEmitters.cpp,fileRef:displayName:|,includeInIndex:|,isa:|,lastKnownFileType:|,path:|,sourceTree:|,,isa:PBXBuildFile,settings:COMPILER_FLAGS:|,,,displayName:Props.cpp,fileRef:displayName:|,includeInIndex:|,isa:|,lastKnownFileType:|,path:|,sourceTree:|,,isa:PBXBuildFile,settings:COMPILER_FLAGS:|,,,displayName:ShadowNodes.cpp,fileRef:displayName:|,includeInIndex:|,isa:|,lastKnownFileType:|,path:|,sourceTree:|,,isa:PBXBuildFile,settings:COMPILER_FLAGS:|,,,displayName:States.cpp,fileRef:displayName:|,includeInIndex:|,isa:|,lastKnownFileType:|,path:|,sourceTree:|,,isa:PBXBuildFile,settings:COMPILER_FLAGS:|,,,displayName:ComponentDescriptors.cpp,fileRef:displayName:|,includeInIndex:|,isa:|,lastKnownFileType:|,path:|,sourceTree:|,,isa:PBXBuildFile,settings:COMPILER_FLAGS:|,,,displayName:EventEmitters.cpp,fileRef:displayName:|,includeInIndex:|,isa:|,lastKnownFileType:|,path:|,sourceTree:|,,isa:PBXBuildFile,settings:COMPILER_FLAGS:|,,,displayName:Props.cpp,fileRef:displayName:|,includeInIndex:|,isa:|,lastKnownFileType:|,path:|,sourceTree:|,,isa:PBXBuildFile,settings:COMPILER_FLAGS:|,,,displayName:ShadowNodes.cpp,fileRef:displayName:|,includeInIndex:|,isa:|,lastKnownFileType:|,path:|,sourceTree:|,,isa:PBXBuildFile,settings:COMPILER_FLAGS:|,,,displayName:States.cpp,fileRef:displayName:|,includeInIndex:|,isa:|,lastKnownFileType:|,path:|,sourceTree:|,,isa:PBXBuildFile,settings:COMPILER_FLAGS:|,,,displayName:rnasyncstorage-generated.mm,fileRef:displayName:|,includeInIndex:|,isa:|,path:|,sourceTree:|,,isa:PBXBuildFile,settings:COMPILER_FLAGS:|,,,displayName:rnasyncstorageJSI-generated.cpp,fileRef:displayName:|,includeInIndex:|,isa:|,lastKnownFileType:|,path:|,sourceTree:|,,isa:PBXBuildFile,settings:COMPILER_FLAGS:|,,,displayName:RNCConfigModule-generated.mm,fileRef:displayName:|,includeInIndex:|,isa:|,path:|,sourceTree:|,,isa:PBXBuildFile,settings:COMPILER_FLAGS:|,,,displayName:RNCConfigModuleJSI-generated.cpp,fileRef:displayName:|,includeInIndex:|,isa:|,lastKnownFileType:|,path:|,sourceTree:|,,isa:PBXBuildFile,settings:COMPILER_FLAGS:|,,,displayName:rnclipboard-generated.mm,fileRef:displayName:|,includeInIndex:|,isa:|,path:|,sourceTree:|,,isa:PBXBuildFile,settings:COMPILER_FLAGS:|,,,displayName:rnclipboardJSI-generated.cpp,fileRef:displayName:|,includeInIndex:|,isa:|,lastKnownFileType:|,path:|,sourceTree:|,,isa:PBXBuildFile,settings:COMPILER_FLAGS:|,,,displayName:rngesturehandler_codegen-generated.mm,fileRef:displayName:|,includeInIndex:|,isa:|,path:|,sourceTree:|,,isa:PBXBuildFile,settings:COMPILER_FLAGS:|,,,displayName:rngesturehandler_codegenJSI-generated.cpp,fileRef:displayName:|,includeInIndex:|,isa:|,lastKnownFileType:|,path:|,sourceTree:|,,isa:PBXBuildFile,settings:COMPILER_FLAGS:|,,,displayName:RNGoogleSignInCGen-generated.mm,fileRef:displayName:|,includeInIndex:|,isa:|,path:|,sourceTree:|,,isa:PBXBuildFile,settings:COMPILER_FLAGS:|,,,displayName:RNGoogleSignInCGenJSI-generated.cpp,fileRef:displayName:|,includeInIndex:|,isa:|,lastKnownFileType:|,path:|,sourceTree:|,,isa:PBXBuildFile,settings:COMPILER_FLAGS:|,,,displayName:RNImagePickerSpec-generated.mm,fileRef:displayName:|,includeInIndex:|,isa:|,path:|,sourceTree:|,,isa:PBXBuildFile,settings:COMPILER_FLAGS:|,,,displayName:RNImagePickerSpecJSI-generated.cpp,fileRef:displayName:|,includeInIndex:|,isa:|,lastKnownFileType:|,path:|,sourceTree:|,,isa:PBXBuildFile,settings:COMPILER_FLAGS:|,,,displayName:rnpermissions-generated.mm,fileRef:displayName:|,includeInIndex:|,isa:|,path:|,sourceTree:|,,isa:PBXBuildFile,settings:COMPILER_FLAGS:|,,,displayName:rnpermissionsJSI-generated.cpp,fileRef:displayName:|,includeInIndex:|,isa:|,lastKnownFileType:|,path:|,sourceTree:|,,isa:PBXBuildFile,settings:COMPILER_FLAGS:|,,,displayName:rnreanimated-generated.mm,fileRef:displayName:|,includeInIndex:|,isa:|,path:|,sourceTree:|,,isa:PBXBuildFile,settings:COMPILER_FLAGS:|,,,displayName:rnreanimatedJSI-generated.cpp,fileRef:displayName:|,includeInIndex:|,isa:|,lastKnownFileType:|,path:|,sourceTree:|,,isa:PBXBuildFile,settings:COMPILER_FLAGS:|,,,displayName:rnscreens-generated.mm,fileRef:displayName:|,includeInIndex:|,isa:|,path:|,sourceTree:|,,isa:PBXBuildFile,settings:COMPILER_FLAGS:|,,,displayName:rnscreensJSI-generated.cpp,fileRef:displayName:|,includeInIndex:|,isa:|,lastKnownFileType:|,path:|,sourceTree:|,,isa:PBXBuildFile,settings:COMPILER_FLAGS:|,,,displayName:rnsvg-generated.mm,fileRef:displayName:|,includeInIndex:|,isa:|,path:|,sourceTree:|,,isa:PBXBuildFile,settings:COMPILER_FLAGS:|,,,displayName:rnsvgJSI-generated.cpp,fileRef:displayName:|,includeInIndex:|,isa:|,lastKnownFileType:|,path:|,sourceTree:|,,isa:PBXBuildFile,settings:COMPILER_FLAGS:|,,,displayName:RNVectorIconsSpec-generated.mm,fileRef:displayName:|,includeInIndex:|,isa:|,path:|,sourceTree:|,,isa:PBXBuildFile,settings:COMPILER_FLAGS:|,,,displayName:RNVectorIconsSpecJSI-generated.cpp,fileRef:displayName:|,includeInIndex:|,isa:|,lastKnownFileType:|,path:|,sourceTree:|,,isa:PBXBuildFile,settings:COMPILER_FLAGS:|,,,displayName:safeareacontext-generated.mm,fileRef:displayName:|,includeInIndex:|,isa:|,path:|,sourceTree:|,,isa:PBXBuildFile,settings:COMPILER_FLAGS:|,,,displayName:safeareacontextJSI-generated.cpp,fileRef:displayName:|,includeInIndex:|,isa:|,lastKnownFileType:|,path:|,sourceTree:|,,isa:PBXBuildFile,settings:COMPILER_FLAGS:|,,,displayName:React-Codegen-dummy.m,fileRef:displayName:|,includeInIndex:|,isa:|,lastKnownFileType:|,path:|,sourceTree:|,,isa:PBXBuildFile,,isa:PBXSourcesBuildPhase,runOnlyForDeploymentPostprocessing:0,/files/displayName:Props.cpp,fileRef:displayName:Props.cpp,includeInIndex:1,isa:PBXFileReference,lastKnownFileType:sourcecode.cpp.cpp,path:Props.cpp,sourceTree:<group>,,isa:PBXBuildFile,settings:COMPILER_FLAGS:-DFOLLY_NO_CONFIG -DFOLLY_MOBILE=1 -DFOLLY_USE_LIBCPP=1 -DFOLLY_CFG_NO_COROUTINES=1 -DFOLLY_HAVE_CLOCK_GETTIME=1 -Wno-comma -Wno-shorten-64-to-32 -Wno-documentation -Wno-nullability-completeness -std=c++20,,
PBXBuildFile -- Pods.xcodeproj/targets/buildConfigurationList:buildConfigurations:baseConfigurationReference:|,buildSettings:|,displayName:|,isa:|,name:|,,baseConfigurationReference:|,buildSettings:|,displayName:|,isa:|,name:|,,defaultConfigurationIsVisible:0,defaultConfigurationName:Release,displayName:ConfigurationList,isa:XCConfigurationList,,buildPhases:buildActionMask:2147483647,displayName:Headers,files:|,|,|,|,|,|,|,|,|,|,|,|,|,|,|,|,|,|,|,|,|,|,|,|,|,|,|,|,isa:PBXHeadersBuildPhase,runOnlyForDeploymentPostprocessing:0,,buildActionMask:2147483647,displayName:Sources,files:|,|,|,|,|,|,|,|,|,|,|,|,|,|,|,|,|,|,|,|,|,|,|,isa:PBXSourcesBuildPhase,runOnlyForDeploymentPostprocessing:0,,buildActionMask:2147483647,displayName:Frameworks,files:|,isa:PBXFrameworksBuildPhase,runOnlyForDeploymentPostprocessing:0,,buildActionMask:2147483647,displayName:Resources,files:,isa:PBXResourcesBuildPhase,runOnlyForDeploymentPostprocessing:0,,buildRules:,dependencies:displayName:React-Core,isa:PBXTargetDependency,targetProxy:containerPortal:|,displayName:|,isa:|,proxyType:|,remoteGlobalIDString:|,remoteInfo:|,,,displayName:RCT-Folly,isa:PBXTargetDependency,targetProxy:containerPortal:|,displayName:|,isa:|,proxyType:|,remoteGlobalIDString:|,remoteInfo:|,,,displayName:glog,isa:PBXTargetDependency,targetProxy:containerPortal:|,displayName:|,isa:|,proxyType:|,remoteGlobalIDString:|,remoteInfo:|,,,displayName:React-RCTFabric,isa:PBXTargetDependency,targetProxy:containerPortal:|,displayName:|,isa:|,proxyType:|,remoteGlobalIDString:|,remoteInfo:|,,,displayName:React-Codegen,isa:PBXTargetDependency,targetProxy:containerPortal:|,displayName:|,isa:|,proxyType:|,remoteGlobalIDString:|,remoteInfo:|,,,displayName:RCTRequired,isa:PBXTargetDependency,targetProxy:containerPortal:|,displayName:|,isa:|,proxyType:|,remoteGlobalIDString:|,remoteInfo:|,,,displayName:RCTTypeSafety,isa:PBXTargetDependency,targetProxy:containerPortal:|,displayName:|,isa:|,proxyType:|,remoteGlobalIDString:|,remoteInfo:|,,,displayName:ReactCommon,isa:PBXTargetDependency,targetProxy:containerPortal:|,displayName:|,isa:|,proxyType:|,remoteGlobalIDString:|,remoteInfo:|,,,displayName:React-NativeModulesApple,isa:PBXTargetDependency,targetProxy:containerPortal:|,displayName:|,isa:|,proxyType:|,remoteGlobalIDString:|,remoteInfo:|,,,displayName:Yoga,isa:PBXTargetDependency,targetProxy:containerPortal:|,displayName:|,isa:|,proxyType:|,remoteGlobalIDString:|,remoteInfo:|,,,displayName:React-Fabric,isa:PBXTargetDependency,targetProxy:containerPortal:|,displayName:|,isa:|,proxyType:|,remoteGlobalIDString:|,remoteInfo:|,,,displayName:React-graphics,isa:PBXTargetDependency,targetProxy:containerPortal:|,displayName:|,isa:|,proxyType:|,remoteGlobalIDString:|,remoteInfo:|,,,displayName:React-utils,isa:PBXTargetDependency,targetProxy:containerPortal:|,displayName:|,isa:|,proxyType:|,remoteGlobalIDString:|,remoteInfo:|,,,displayName:React-featureflags,isa:PBXTargetDependency,targetProxy:containerPortal:|,displayName:|,isa:|,proxyType:|,remoteGlobalIDString:|,remoteInfo:|,,,displayName:React-debug,isa:PBXTargetDependency,targetProxy:containerPortal:|,displayName:|,isa:|,proxyType:|,remoteGlobalIDString:|,remoteInfo:|,,,displayName:React-ImageManager,isa:PBXTargetDependency,targetProxy:containerPortal:|,displayName:|,isa:|,proxyType:|,remoteGlobalIDString:|,remoteInfo:|,,,displayName:React-rendererdebug,isa:PBXTargetDependency,targetProxy:containerPortal:|,displayName:|,isa:|,proxyType:|,remoteGlobalIDString:|,remoteInfo:|,,,displayName:DoubleConversion,isa:PBXTargetDependency,targetProxy:containerPortal:|,displayName:|,isa:|,proxyType:|,remoteGlobalIDString:|,remoteInfo:|,,,displayName:React-jsi,isa:PBXTargetDependency,targetProxy:containerPortal:|,displayName:|,isa:|,proxyType:|,remoteGlobalIDString:|,remoteInfo:|,,,displayName:RNGestureHandler,fileSystemSynchronizedGroups:,isa:PBXNativeTarget,name:RNGestureHandler,packageProductDependencies:,productName:RNGestureHandler,productReference:displayName:RNGestureHandler,explicitFileType:wrapper.framework,includeInIndex:0,isa:PBXFileReference,name:RNGestureHandler,path:RNGestureHandler.framework,sourceTree:BUILT_PRODUCTS_DIR,,productType:com.apple.product-type.framework,/dependencies/displayName:React-RCTFabric,isa:PBXTargetDependency,targetProxy:containerPortal:46EB2E00000000,displayName:ContainerItemProxy,isa:PBXContainerItemProxy,proxyType:1,remoteGlobalIDString:46EB2E00020EA0,remoteInfo:React-RCTFabric,,/target/dependencies/displayName:React-RCTImage,isa:PBXTargetDependency,targetProxy:containerPortal:46EB2E00000000,displayName:ContainerItemProxy,isa:PBXContainerItemProxy,proxyType:1,remoteGlobalIDString:46EB2E000215E0,remoteInfo:React-RCTImage,,/target/dependencies/displayName:React-RCTNetwork,isa:PBXTargetDependency,targetProxy:containerPortal:46EB2E00000000,displayName:ContainerItemProxy,isa:PBXContainerItemProxy,proxyType:1,remoteGlobalIDString:46EB2E000219A0,remoteInfo:React-RCTNetwork,,/target/dependencies/displayName:React-Codegen,isa:PBXTargetDependency,targetProxy:containerPortal:46EB2E00000000,displayName:ContainerItemProxy,isa:PBXContainerItemProxy,proxyType:1,remoteGlobalIDString:46EB2E0001AAC0,remoteInfo:React-Codegen,,/target/buildPhases/buildActionMask:2147483647,displayName:Sources,files:displayName:FBReactNativeSpec-generated.mm,fileRef:displayName:|,includeInIndex:|,isa:|,path:|,sourceTree:|,,isa:PBXBuildFile,settings:COMPILER_FLAGS:|,,,displayName:FBReactNativeSpecJSI-generated.cpp,fileRef:displayName:|,includeInIndex:|,isa:|,lastKnownFileType:|,path:|,sourceTree:|,,isa:PBXBuildFile,settings:COMPILER_FLAGS:|,,,displayName:RCTModulesConformingToProtocolsProvider.mm,fileRef:displayName:|,includeInIndex:|,isa:|,path:|,sourceTree:|,,isa:PBXBuildFile,settings:COMPILER_FLAGS:|,,,displayName:ComponentDescriptors.cpp,fileRef:displayName:|,includeInIndex:|,isa:|,lastKnownFileType:|,path:|,sourceTree:|,,isa:PBXBuildFile,settings:COMPILER_FLAGS:|,,,displayName:EventEmitters.cpp,fileRef:displayName:|,includeInIndex:|,isa:|,lastKnownFileType:|,path:|,sourceTree:|,,isa:PBXBuildFile,settings:COMPILER_FLAGS:|,,,displayName:Props.cpp,fileRef:displayName:|,includeInIndex:|,isa:|,lastKnownFileType:|,path:|,sourceTree:|,,isa:PBXBuildFile,settings:COMPILER_FLAGS:|,,,displayName:ShadowNodes.cpp,fileRef:displayName:|,includeInIndex:|,isa:|,lastKnownFileType:|,path:|,sourceTree:|,,isa:PBXBuildFile,settings:COMPILER_FLAGS:|,,,displayName:States.cpp,fileRef:displayName:|,includeInIndex:|,isa:|,lastKnownFileType:|,path:|,sourceTree:|,,isa:PBXBuildFile,settings:COMPILER_FLAGS:|,,,displayName:ComponentDescriptors.cpp,fileRef:displayName:|,includeInIndex:|,isa:|,lastKnownFileType:|,path:|,sourceTree:|,,isa:PBXBuildFile,settings:COMPILER_FLAGS:|,,,displayName:EventEmitters.cpp,fileRef:displayName:|,includeInIndex:|,isa:|,lastKnownFileType:|,path:|,sourceTree:|,,isa:PBXBuildFile,settings:COMPILER_FLAGS:|,,,displayName:Props.cpp,fileRef:displayName:|,includeInIndex:|,isa:|,lastKnownFileType:|,path:|,sourceTree:|,,isa:PBXBuildFile,settings:COMPILER_FLAGS:|,,,displayName:ShadowNodes.cpp,fileRef:displayName:|,includeInIndex:|,isa:|,lastKnownFileType:|,path:|,sourceTree:|,,isa:PBXBuildFile,settings:COMPILER_FLAGS:|,,,displayName:States.cpp,fileRef:displayName:|,includeInIndex:|,isa:|,lastKnownFileType:|,path:|,sourceTree:|,,isa:PBXBuildFile,settings:COMPILER_FLAGS:|,,,displayName:ComponentDescriptors.cpp,fileRef:displayName:|,includeInIndex:|,isa:|,lastKnownFileType:|,path:|,sourceTree:|,,isa:PBXBuildFile,settings:COMPILER_FLAGS:|,,,displayName:EventEmitters.cpp,fileRef:displayName:|,includeInIndex:|,isa:|,lastKnownFileType:|,path:|,sourceTree:|,,isa:PBXBuildFile,settings:COMPILER_FLAGS:|,,,displayName:Props.cpp,fileRef:displayName:|,includeInIndex:|,isa:|,lastKnownFileType:|,path:|,sourceTree:|,,isa:PBXBuildFile,settings:COMPILER_FLAGS:|,,,displayName:ShadowNodes.cpp,fileRef:displayName:|,includeInIndex:|,isa:|,lastKnownFileType:|,path:|,sourceTree:|,,isa:PBXBuildFile,settings:COMPILER_FLAGS:|,,,displayName:States.cpp,fileRef:displayName:|,includeInIndex:|,isa:|,lastKnownFileType:|,path:|,sourceTree:|,,isa:PBXBuildFile,settings:COMPILER_FLAGS:|,,,displayName:ComponentDescriptors.cpp,fileRef:displayName:|,includeInIndex:|,isa:|,lastKnownFileType:|,path:|,sourceTree:|,,isa:PBXBuildFile,settings:COMPILER_FLAGS:|,,,displayName:EventEmitters.cpp,fileRef:displayName:|,includeInIndex:|,isa:|,lastKnownFileType:|,path:|,sourceTree:|,,isa:PBXBuildFile,settings:COMPILER_FLAGS:|,,,displayName:Props.cpp,fileRef:displayName:|,includeInIndex:|,isa:|,lastKnownFileType:|,path:|,sourceTree:|,,isa:PBXBuildFile,settings:COMPILER_FLAGS:|,,,displayName:ShadowNodes.cpp,fileRef:displayName:|,includeInIndex:|,isa:|,lastKnownFileType:|,path:|,sourceTree:|,,isa:PBXBuildFile,settings:COMPILER_FLAGS:|,,,displayName:States.cpp,fileRef:displayName:|,includeInIndex:|,isa:|,lastKnownFileType:|,path:|,sourceTree:|,,isa:PBXBuildFile,settings:COMPILER_FLAGS:|,,,displayName:ComponentDescriptors.cpp,fileRef:displayName:|,includeInIndex:|,isa:|,lastKnownFileType:|,path:|,sourceTree:|,,isa:PBXBuildFile,settings:COMPILER_FLAGS:|,,,displayName:EventEmitters.cpp,fileRef:displayName:|,includeInIndex:|,isa:|,lastKnownFileType:|,path:|,sourceTree:|,,isa:PBXBuildFile,settings:COMPILER_FLAGS:|,,,displayName:Props.cpp,fileRef:displayName:|,includeInIndex:|,isa:|,lastKnownFileType:|,path:|,sourceTree:|,,isa:PBXBuildFile,settings:COMPILER_FLAGS:|,,,displayName:ShadowNodes.cpp,fileRef:displayName:|,includeInIndex:|,isa:|,lastKnownFileType:|,path:|,sourceTree:|,,isa:PBXBuildFile,settings:COMPILER_FLAGS:|,,,displayName:States.cpp,fileRef:displayName:|,includeInIndex:|,isa:|,lastKnownFileType:|,path:|,sourceTree:|,,isa:PBXBuildFile,settings:COMPILER_FLAGS:|,,,displayName:ComponentDescriptors.cpp,fileRef:displayName:|,includeInIndex:|,isa:|,lastKnownFileType:|,path:|,sourceTree:|,,isa:PBXBuildFile,settings:COMPILER_FLAGS:|,,,displayName:EventEmitters.cpp,fileRef:displayName:|,includeInIndex:|,isa:|,lastKnownFileType:|,path:|,sourceTree:|,,isa:PBXBuildFile,settings:COMPILER_FLAGS:|,,,displayName:Props.cpp,fileRef:displayName:|,includeInIndex:|,isa:|,lastKnownFileType:|,path:|,sourceTree:|,,isa:PBXBuildFile,settings:COMPILER_FLAGS:|,,,displayName:ShadowNodes.cpp,fileRef:displayName:|,includeInIndex:|,isa:|,lastKnownFileType:|,path:|,sourceTree:|,,isa:PBXBuildFile,settings:COMPILER_FLAGS:|,,,displayName:States.cpp,fileRef:displayName:|,includeInIndex:|,isa:|,lastKnownFileType:|,path:|,sourceTree:|,,isa:PBXBuildFile,settings:COMPILER_FLAGS:|,,,displayName:rnasyncstorage-generated.mm,fileRef:displayName:|,includeInIndex:|,isa:|,path:|,sourceTree:|,,isa:PBXBuildFile,settings:COMPILER_FLAGS:|,,,displayName:rnasyncstorageJSI-generated.cpp,fileRef:displayName:|,includeInIndex:|,isa:|,lastKnownFileType:|,path:|,sourceTree:|,,isa:PBXBuildFile,settings:COMPILER_FLAGS:|,,,displayName:RNCConfigModule-generated.mm,fileRef:displayName:|,includeInIndex:|,isa:|,path:|,sourceTree:|,,isa:PBXBuildFile,settings:COMPILER_FLAGS:|,,,displayName:RNCConfigModuleJSI-generated.cpp,fileRef:displayName:|,includeInIndex:|,isa:|,lastKnownFileType:|,path:|,sourceTree:|,,isa:PBXBuildFile,settings:COMPILER_FLAGS:|,,,displayName:rnclipboard-generated.mm,fileRef:displayName:|,includeInIndex:|,isa:|,path:|,sourceTree:|,,isa:PBXBuildFile,settings:COMPILER_FLAGS:|,,,displayName:rnclipboardJSI-generated.cpp,fileRef:displayName:|,includeInIndex:|,isa:|,lastKnownFileType:|,path:|,sourceTree:|,,isa:PBXBuildFile,settings:COMPILER_FLAGS:|,,,displayName:rngesturehandler_codegen-generated.mm,fileRef:displayName:|,includeInIndex:|,isa:|,path:|,sourceTree:|,,isa:PBXBuildFile,settings:COMPILER_FLAGS:|,,,displayName:rngesturehandler_codegenJSI-generated.cpp,fileRef:displayName:|,includeInIndex:|,isa:|,lastKnownFileType:|,path:|,sourceTree:|,,isa:PBXBuildFile,settings:COMPILER_FLAGS:|,,,displayName:RNGoogleSignInCGen-generated.mm,fileRef:displayName:|,includeInIndex:|,isa:|,path:|,sourceTree:|,,isa:PBXBuildFile,settings:COMPILER_FLAGS:|,,,displayName:RNGoogleSignInCGenJSI-generated.cpp,fileRef:displayName:|,includeInIndex:|,isa:|,lastKnownFileType:|,path:|,sourceTree:|,,isa:PBXBuildFile,settings:COMPILER_FLAGS:|,,,displayName:RNImagePickerSpec-generated.mm,fileRef:displayName:|,includeInIndex:|,isa:|,path:|,sourceTree:|,,isa:PBXBuildFile,settings:COMPILER_FLAGS:|,,,displayName:RNImagePickerSpecJSI-generated.cpp,fileRef:displayName:|,includeInIndex:|,isa:|,lastKnownFileType:|,path:|,sourceTree:|,,isa:PBXBuildFile,settings:COMPILER_FLAGS:|,,,displayName:rnpermissions-generated.mm,fileRef:displayName:|,includeInIndex:|,isa:|,path:|,sourceTree:|,,isa:PBXBuildFile,settings:COMPILER_FLAGS:|,,,displayName:rnpermissionsJSI-generated.cpp,fileRef:displayName:|,includeInIndex:|,isa:|,lastKnownFileType:|,path:|,sourceTree:|,,isa:PBXBuildFile,settings:COMPILER_FLAGS:|,,,displayName:rnreanimated-generated.mm,fileRef:displayName:|,includeInIndex:|,isa:|,path:|,sourceTree:|,,isa:PBXBuildFile,settings:COMPILER_FLAGS:|,,,displayName:rnreanimatedJSI-generated.cpp,fileRef:displayName:|,includeInIndex:|,isa:|,lastKnownFileType:|,path:|,sourceTree:|,,isa:PBXBuildFile,settings:COMPILER_FLAGS:|,,,displayName:rnscreens-generated.mm,fileRef:displayName:|,includeInIndex:|,isa:|,path:|,sourceTree:|,,isa:PBXBuildFile,settings:COMPILER_FLAGS:|,,,displayName:rnscreensJSI-generated.cpp,fileRef:displayName:|,includeInIndex:|,isa:|,lastKnownFileType:|,path:|,sourceTree:|,,isa:PBXBuildFile,settings:COMPILER_FLAGS:|,,,displayName:rnsvg-generated.mm,fileRef:displayName:|,includeInIndex:|,isa:|,path:|,sourceTree:|,,isa:PBXBuildFile,settings:COMPILER_FLAGS:|,,,displayName:rnsvgJSI-generated.cpp,fileRef:displayName:|,includeInIndex:|,isa:|,lastKnownFileType:|,path:|,sourceTree:|,,isa:PBXBuildFile,settings:COMPILER_FLAGS:|,,,displayName:RNVectorIconsSpec-generated.mm,fileRef:displayName:|,includeInIndex:|,isa:|,path:|,sourceTree:|,,isa:PBXBuildFile,settings:COMPILER_FLAGS:|,,,displayName:RNVectorIconsSpecJSI-generated.cpp,fileRef:displayName:|,includeInIndex:|,isa:|,lastKnownFileType:|,path:|,sourceTree:|,,isa:PBXBuildFile,settings:COMPILER_FLAGS:|,,,displayName:safeareacontext-generated.mm,fileRef:displayName:|,includeInIndex:|,isa:|,path:|,sourceTree:|,,isa:PBXBuildFile,settings:COMPILER_FLAGS:|,,,displayName:safeareacontextJSI-generated.cpp,fileRef:displayName:|,includeInIndex:|,isa:|,lastKnownFileType:|,path:|,sourceTree:|,,isa:PBXBuildFile,settings:COMPILER_FLAGS:|,,,displayName:React-Codegen-dummy.m,fileRef:displayName:|,includeInIndex:|,isa:|,lastKnownFileType:|,path:|,sourceTree:|,,isa:PBXBuildFile,,isa:PBXSourcesBuildPhase,runOnlyForDeploymentPostprocessing:0,/files/displayName:ShadowNodes.cpp,fileRef:displayName:ShadowNodes.cpp,includeInIndex:1,isa:PBXFileReference,lastKnownFileType:sourcecode.cpp.cpp,path:ShadowNodes.cpp,sourceTree:<group>,,isa:PBXBuildFile,settings:COMPILER_FLAGS:-DFOLLY_NO_CONFIG -DFOLLY_MOBILE=1 -DFOLLY_USE_LIBCPP=1 -DFOLLY_CFG_NO_COROUTINES=1 -DFOLLY_HAVE_CLOCK_GETTIME=1 -Wno-comma -Wno-shorten-64-to-32 -Wno-documentation -Wno-nullability-completeness -std=c++20,,
PBXBuildFile -- Pods.xcodeproj/targets/buildConfigurationList:buildConfigurations:baseConfigurationReference:|,buildSettings:|,displayName:|,isa:|,name:|,,baseConfigurationReference:|,buildSettings:|,displayName:|,isa:|,name:|,,defaultConfigurationIsVisible:0,defaultConfigurationName:Release,displayName:ConfigurationList,isa:XCConfigurationList,,buildPhases:buildActionMask:2147483647,displayName:Headers,files:|,|,|,|,|,|,|,|,|,|,|,|,|,|,|,|,|,|,|,|,|,|,|,|,|,|,|,|,isa:PBXHeadersBuildPhase,runOnlyForDeploymentPostprocessing:0,,buildActionMask:2147483647,displayName:Sources,files:|,|,|,|,|,|,|,|,|,|,|,|,|,|,|,|,|,|,|,|,|,|,|,isa:PBXSourcesBuildPhase,runOnlyForDeploymentPostprocessing:0,,buildActionMask:2147483647,displayName:Frameworks,files:|,isa:PBXFrameworksBuildPhase,runOnlyForDeploymentPostprocessing:0,,buildActionMask:2147483647,displayName:Resources,files:,isa:PBXResourcesBuildPhase,runOnlyForDeploymentPostprocessing:0,,buildRules:,dependencies:displayName:React-Core,isa:PBXTargetDependency,targetProxy:containerPortal:|,displayName:|,isa:|,proxyType:|,remoteGlobalIDString:|,remoteInfo:|,,,displayName:RCT-Folly,isa:PBXTargetDependency,targetProxy:containerPortal:|,displayName:|,isa:|,proxyType:|,remoteGlobalIDString:|,remoteInfo:|,,,displayName:glog,isa:PBXTargetDependency,targetProxy:containerPortal:|,displayName:|,isa:|,proxyType:|,remoteGlobalIDString:|,remoteInfo:|,,,displayName:React-RCTFabric,isa:PBXTargetDependency,targetProxy:containerPortal:|,displayName:|,isa:|,proxyType:|,remoteGlobalIDString:|,remoteInfo:|,,,displayName:React-Codegen,isa:PBXTargetDependency,targetProxy:containerPortal:|,displayName:|,isa:|,proxyType:|,remoteGlobalIDString:|,remoteInfo:|,,,displayName:RCTRequired,isa:PBXTargetDependency,targetProxy:containerPortal:|,displayName:|,isa:|,proxyType:|,remoteGlobalIDString:|,remoteInfo:|,,,displayName:RCTTypeSafety,isa:PBXTargetDependency,targetProxy:containerPortal:|,displayName:|,isa:|,proxyType:|,remoteGlobalIDString:|,remoteInfo:|,,,displayName:ReactCommon,isa:PBXTargetDependency,targetProxy:containerPortal:|,displayName:|,isa:|,proxyType:|,remoteGlobalIDString:|,remoteInfo:|,,,displayName:React-NativeModulesApple,isa:PBXTargetDependency,targetProxy:containerPortal:|,displayName:|,isa:|,proxyType:|,remoteGlobalIDString:|,remoteInfo:|,,,displayName:Yoga,isa:PBXTargetDependency,targetProxy:containerPortal:|,displayName:|,isa:|,proxyType:|,remoteGlobalIDString:|,remoteInfo:|,,,displayName:React-Fabric,isa:PBXTargetDependency,targetProxy:containerPortal:|,displayName:|,isa:|,proxyType:|,remoteGlobalIDString:|,remoteInfo:|,,,displayName:React-graphics,isa:PBXTargetDependency,targetProxy:containerPortal:|,displayName:|,isa:|,proxyType:|,remoteGlobalIDString:|,remoteInfo:|,,,displayName:React-utils,isa:PBXTargetDependency,targetProxy:containerPortal:|,displayName:|,isa:|,proxyType:|,remoteGlobalIDString:|,remoteInfo:|,,,displayName:React-featureflags,isa:PBXTargetDependency,targetProxy:containerPortal:|,displayName:|,isa:|,proxyType:|,remoteGlobalIDString:|,remoteInfo:|,,,displayName:React-debug,isa:PBXTargetDependency,targetProxy:containerPortal:|,displayName:|,isa:|,proxyType:|,remoteGlobalIDString:|,remoteInfo:|,,,displayName:React-ImageManager,isa:PBXTargetDependency,targetProxy:containerPortal:|,displayName:|,isa:|,proxyType:|,remoteGlobalIDString:|,remoteInfo:|,,,displayName:React-rendererdebug,isa:PBXTargetDependency,targetProxy:containerPortal:|,displayName:|,isa:|,proxyType:|,remoteGlobalIDString:|,remoteInfo:|,,,displayName:DoubleConversion,isa:PBXTargetDependency,targetProxy:containerPortal:|,displayName:|,isa:|,proxyType:|,remoteGlobalIDString:|,remoteInfo:|,,,displayName:React-jsi,isa:PBXTargetDependency,targetProxy:containerPortal:|,displayName:|,isa:|,proxyType:|,remoteGlobalIDString:|,remoteInfo:|,,,displayName:RNGestureHandler,fileSystemSynchronizedGroups:,isa:PBXNativeTarget,name:RNGestureHandler,packageProductDependencies:,productName:RNGestureHandler,productReference:displayName:RNGestureHandler,explicitFileType:wrapper.framework,includeInIndex:0,isa:PBXFileReference,name:RNGestureHandler,path:RNGestureHandler.framework,sourceTree:BUILT_PRODUCTS_DIR,,productType:com.apple.product-type.framework,/dependencies/displayName:React-RCTFabric,isa:PBXTargetDependency,targetProxy:containerPortal:46EB2E00000000,displayName:ContainerItemProxy,isa:PBXContainerItemProxy,proxyType:1,remoteGlobalIDString:46EB2E00020EA0,remoteInfo:React-RCTFabric,,/target/dependencies/displayName:React-RCTImage,isa:PBXTargetDependency,targetProxy:containerPortal:46EB2E00000000,displayName:ContainerItemProxy,isa:PBXContainerItemProxy,proxyType:1,remoteGlobalIDString:46EB2E000215E0,remoteInfo:React-RCTImage,,/target/dependencies/displayName:React-RCTNetwork,isa:PBXTargetDependency,targetProxy:containerPortal:46EB2E00000000,displayName:ContainerItemProxy,isa:PBXContainerItemProxy,proxyType:1,remoteGlobalIDString:46EB2E000219A0,remoteInfo:React-RCTNetwork,,/target/dependencies/displayName:React-Codegen,isa:PBXTargetDependency,targetProxy:containerPortal:46EB2E00000000,displayName:ContainerItemProxy,isa:PBXContainerItemProxy,proxyType:1,remoteGlobalIDString:46EB2E0001AAC0,remoteInfo:React-Codegen,,/target/buildPhases/buildActionMask:2147483647,displayName:Sources,files:displayName:FBReactNativeSpec-generated.mm,fileRef:displayName:|,includeInIndex:|,isa:|,path:|,sourceTree:|,,isa:PBXBuildFile,settings:COMPILER_FLAGS:|,,,displayName:FBReactNativeSpecJSI-generated.cpp,fileRef:displayName:|,includeInIndex:|,isa:|,lastKnownFileType:|,path:|,sourceTree:|,,isa:PBXBuildFile,settings:COMPILER_FLAGS:|,,,displayName:RCTModulesConformingToProtocolsProvider.mm,fileRef:displayName:|,includeInIndex:|,isa:|,path:|,sourceTree:|,,isa:PBXBuildFile,settings:COMPILER_FLAGS:|,,,displayName:ComponentDescriptors.cpp,fileRef:displayName:|,includeInIndex:|,isa:|,lastKnownFileType:|,path:|,sourceTree:|,,isa:PBXBuildFile,settings:COMPILER_FLAGS:|,,,displayName:EventEmitters.cpp,fileRef:displayName:|,includeInIndex:|,isa:|,lastKnownFileType:|,path:|,sourceTree:|,,isa:PBXBuildFile,settings:COMPILER_FLAGS:|,,,displayName:Props.cpp,fileRef:displayName:|,includeInIndex:|,isa:|,lastKnownFileType:|,path:|,sourceTree:|,,isa:PBXBuildFile,settings:COMPILER_FLAGS:|,,,displayName:ShadowNodes.cpp,fileRef:displayName:|,includeInIndex:|,isa:|,lastKnownFileType:|,path:|,sourceTree:|,,isa:PBXBuildFile,settings:COMPILER_FLAGS:|,,,displayName:States.cpp,fileRef:displayName:|,includeInIndex:|,isa:|,lastKnownFileType:|,path:|,sourceTree:|,,isa:PBXBuildFile,settings:COMPILER_FLAGS:|,,,displayName:ComponentDescriptors.cpp,fileRef:displayName:|,includeInIndex:|,isa:|,lastKnownFileType:|,path:|,sourceTree:|,,isa:PBXBuildFile,settings:COMPILER_FLAGS:|,,,displayName:EventEmitters.cpp,fileRef:displayName:|,includeInIndex:|,isa:|,lastKnownFileType:|,path:|,sourceTree:|,,isa:PBXBuildFile,settings:COMPILER_FLAGS:|,,,displayName:Props.cpp,fileRef:displayName:|,includeInIndex:|,isa:|,lastKnownFileType:|,path:|,sourceTree:|,,isa:PBXBuildFile,settings:COMPILER_FLAGS:|,,,displayName:ShadowNodes.cpp,fileRef:displayName:|,includeInIndex:|,isa:|,lastKnownFileType:|,path:|,sourceTree:|,,isa:PBXBuildFile,settings:COMPILER_FLAGS:|,,,displayName:States.cpp,fileRef:displayName:|,includeInIndex:|,isa:|,lastKnownFileType:|,path:|,sourceTree:|,,isa:PBXBuildFile,settings:COMPILER_FLAGS:|,,,displayName:ComponentDescriptors.cpp,fileRef:displayName:|,includeInIndex:|,isa:|,lastKnownFileType:|,path:|,sourceTree:|,,isa:PBXBuildFile,settings:COMPILER_FLAGS:|,,,displayName:EventEmitters.cpp,fileRef:displayName:|,includeInIndex:|,isa:|,lastKnownFileType:|,path:|,sourceTree:|,,isa:PBXBuildFile,settings:COMPILER_FLAGS:|,,,displayName:Props.cpp,fileRef:displayName:|,includeInIndex:|,isa:|,lastKnownFileType:|,path:|,sourceTree:|,,isa:PBXBuildFile,settings:COMPILER_FLAGS:|,,,displayName:ShadowNodes.cpp,fileRef:displayName:|,includeInIndex:|,isa:|,lastKnownFileType:|,path:|,sourceTree:|,,isa:PBXBuildFile,settings:COMPILER_FLAGS:|,,,displayName:States.cpp,fileRef:displayName:|,includeInIndex:|,isa:|,lastKnownFileType:|,path:|,sourceTree:|,,isa:PBXBuildFile,settings:COMPILER_FLAGS:|,,,displayName:ComponentDescriptors.cpp,fileRef:displayName:|,includeInIndex:|,isa:|,lastKnownFileType:|,path:|,sourceTree:|,,isa:PBXBuildFile,settings:COMPILER_FLAGS:|,,,displayName:EventEmitters.cpp,fileRef:displayName:|,includeInIndex:|,isa:|,lastKnownFileType:|,path:|,sourceTree:|,,isa:PBXBuildFile,settings:COMPILER_FLAGS:|,,,displayName:Props.cpp,fileRef:displayName:|,includeInIndex:|,isa:|,lastKnownFileType:|,path:|,sourceTree:|,,isa:PBXBuildFile,settings:COMPILER_FLAGS:|,,,displayName:ShadowNodes.cpp,fileRef:displayName:|,includeInIndex:|,isa:|,lastKnownFileType:|,path:|,sourceTree:|,,isa:PBXBuildFile,settings:COMPILER_FLAGS:|,,,displayName:States.cpp,fileRef:displayName:|,includeInIndex:|,isa:|,lastKnownFileType:|,path:|,sourceTree:|,,isa:PBXBuildFile,settings:COMPILER_FLAGS:|,,,displayName:ComponentDescriptors.cpp,fileRef:displayName:|,includeInIndex:|,isa:|,lastKnownFileType:|,path:|,sourceTree:|,,isa:PBXBuildFile,settings:COMPILER_FLAGS:|,,,displayName:EventEmitters.cpp,fileRef:displayName:|,includeInIndex:|,isa:|,lastKnownFileType:|,path:|,sourceTree:|,,isa:PBXBuildFile,settings:COMPILER_FLAGS:|,,,displayName:Props.cpp,fileRef:displayName:|,includeInIndex:|,isa:|,lastKnownFileType:|,path:|,sourceTree:|,,isa:PBXBuildFile,settings:COMPILER_FLAGS:|,,,displayName:ShadowNodes.cpp,fileRef:displayName:|,includeInIndex:|,isa:|,lastKnownFileType:|,path:|,sourceTree:|,,isa:PBXBuildFile,settings:COMPILER_FLAGS:|,,,displayName:States.cpp,fileRef:displayName:|,includeInIndex:|,isa:|,lastKnownFileType:|,path:|,sourceTree:|,,isa:PBXBuildFile,settings:COMPILER_FLAGS:|,,,displayName:ComponentDescriptors.cpp,fileRef:displayName:|,includeInIndex:|,isa:|,lastKnownFileType:|,path:|,sourceTree:|,,isa:PBXBuildFile,settings:COMPILER_FLAGS:|,,,displayName:EventEmitters.cpp,fileRef:displayName:|,includeInIndex:|,isa:|,lastKnownFileType:|,path:|,sourceTree:|,,isa:PBXBuildFile,settings:COMPILER_FLAGS:|,,,displayName:Props.cpp,fileRef:displayName:|,includeInIndex:|,isa:|,lastKnownFileType:|,path:|,sourceTree:|,,isa:PBXBuildFile,settings:COMPILER_FLAGS:|,,,displayName:ShadowNodes.cpp,fileRef:displayName:|,includeInIndex:|,isa:|,lastKnownFileType:|,path:|,sourceTree:|,,isa:PBXBuildFile,settings:COMPILER_FLAGS:|,,,displayName:States.cpp,fileRef:displayName:|,includeInIndex:|,isa:|,lastKnownFileType:|,path:|,sourceTree:|,,isa:PBXBuildFile,settings:COMPILER_FLAGS:|,,,displayName:rnasyncstorage-generated.mm,fileRef:displayName:|,includeInIndex:|,isa:|,path:|,sourceTree:|,,isa:PBXBuildFile,settings:COMPILER_FLAGS:|,,,displayName:rnasyncstorageJSI-generated.cpp,fileRef:displayName:|,includeInIndex:|,isa:|,lastKnownFileType:|,path:|,sourceTree:|,,isa:PBXBuildFile,settings:COMPILER_FLAGS:|,,,displayName:RNCConfigModule-generated.mm,fileRef:displayName:|,includeInIndex:|,isa:|,path:|,sourceTree:|,,isa:PBXBuildFile,settings:COMPILER_FLAGS:|,,,displayName:RNCConfigModuleJSI-generated.cpp,fileRef:displayName:|,includeInIndex:|,isa:|,lastKnownFileType:|,path:|,sourceTree:|,,isa:PBXBuildFile,settings:COMPILER_FLAGS:|,,,displayName:rnclipboard-generated.mm,fileRef:displayName:|,includeInIndex:|,isa:|,path:|,sourceTree:|,,isa:PBXBuildFile,settings:COMPILER_FLAGS:|,,,displayName:rnclipboardJSI-generated.cpp,fileRef:displayName:|,includeInIndex:|,isa:|,lastKnownFileType:|,path:|,sourceTree:|,,isa:PBXBuildFile,settings:COMPILER_FLAGS:|,,,displayName:rngesturehandler_codegen-generated.mm,fileRef:displayName:|,includeInIndex:|,isa:|,path:|,sourceTree:|,,isa:PBXBuildFile,settings:COMPILER_FLAGS:|,,,displayName:rngesturehandler_codegenJSI-generated.cpp,fileRef:displayName:|,includeInIndex:|,isa:|,lastKnownFileType:|,path:|,sourceTree:|,,isa:PBXBuildFile,settings:COMPILER_FLAGS:|,,,displayName:RNGoogleSignInCGen-generated.mm,fileRef:displayName:|,includeInIndex:|,isa:|,path:|,sourceTree:|,,isa:PBXBuildFile,settings:COMPILER_FLAGS:|,,,displayName:RNGoogleSignInCGenJSI-generated.cpp,fileRef:displayName:|,includeInIndex:|,isa:|,lastKnownFileType:|,path:|,sourceTree:|,,isa:PBXBuildFile,settings:COMPILER_FLAGS:|,,,displayName:RNImagePickerSpec-generated.mm,fileRef:displayName:|,includeInIndex:|,isa:|,path:|,sourceTree:|,,isa:PBXBuildFile,settings:COMPILER_FLAGS:|,,,displayName:RNImagePickerSpecJSI-generated.cpp,fileRef:displayName:|,includeInIndex:|,isa:|,lastKnownFileType:|,path:|,sourceTree:|,,isa:PBXBuildFile,settings:COMPILER_FLAGS:|,,,displayName:rnpermissions-generated.mm,fileRef:displayName:|,includeInIndex:|,isa:|,path:|,sourceTree:|,,isa:PBXBuildFile,settings:COMPILER_FLAGS:|,,,displayName:rnpermissionsJSI-generated.cpp,fileRef:displayName:|,includeInIndex:|,isa:|,lastKnownFileType:|,path:|,sourceTree:|,,isa:PBXBuildFile,settings:COMPILER_FLAGS:|,,,displayName:rnreanimated-generated.mm,fileRef:displayName:|,includeInIndex:|,isa:|,path:|,sourceTree:|,,isa:PBXBuildFile,settings:COMPILER_FLAGS:|,,,displayName:rnreanimatedJSI-generated.cpp,fileRef:displayName:|,includeInIndex:|,isa:|,lastKnownFileType:|,path:|,sourceTree:|,,isa:PBXBuildFile,settings:COMPILER_FLAGS:|,,,displayName:rnscreens-generated.mm,fileRef:displayName:|,includeInIndex:|,isa:|,path:|,sourceTree:|,,isa:PBXBuildFile,settings:COMPILER_FLAGS:|,,,displayName:rnscreensJSI-generated.cpp,fileRef:displayName:|,includeInIndex:|,isa:|,lastKnownFileType:|,path:|,sourceTree:|,,isa:PBXBuildFile,settings:COMPILER_FLAGS:|,,,displayName:rnsvg-generated.mm,fileRef:displayName:|,includeInIndex:|,isa:|,path:|,sourceTree:|,,isa:PBXBuildFile,settings:COMPILER_FLAGS:|,,,displayName:rnsvgJSI-generated.cpp,fileRef:displayName:|,includeInIndex:|,isa:|,lastKnownFileType:|,path:|,sourceTree:|,,isa:PBXBuildFile,settings:COMPILER_FLAGS:|,,,displayName:RNVectorIconsSpec-generated.mm,fileRef:displayName:|,includeInIndex:|,isa:|,path:|,sourceTree:|,,isa:PBXBuildFile,settings:COMPILER_FLAGS:|,,,displayName:RNVectorIconsSpecJSI-generated.cpp,fileRef:displayName:|,includeInIndex:|,isa:|,lastKnownFileType:|,path:|,sourceTree:|,,isa:PBXBuildFile,settings:COMPILER_FLAGS:|,,,displayName:safeareacontext-generated.mm,fileRef:displayName:|,includeInIndex:|,isa:|,path:|,sourceTree:|,,isa:PBXBuildFile,settings:COMPILER_FLAGS:|,,,displayName:safeareacontextJSI-generated.cpp,fileRef:displayName:|,includeInIndex:|,isa:|,lastKnownFileType:|,path:|,sourceTree:|,,isa:PBXBuildFile,settings:COMPILER_FLAGS:|,,,displayName:React-Codegen-dummy.m,fileRef:displayName:|,includeInIndex:|,isa:|,lastKnownFileType:|,path:|,sourceTree:|,,isa:PBXBuildFile,,isa:PBXSourcesBuildPhase,runOnlyForDeploymentPostprocessing:0,/files/displayName:States.cpp,fileRef:displayName:States.cpp,includeInIndex:1,isa:PBXFileReference,lastKnownFileType:sourcecode.cpp.cpp,path:States.cpp,sourceTree:<group>,,isa:PBXBuildFile,settings:COMPILER_FLAGS:-DFOLLY_NO_CONFIG -DFOLLY_MOBILE=1 -DFOLLY_USE_LIBCPP=1 -DFOLLY_CFG_NO_COROUTINES=1 -DFOLLY_HAVE_CLOCK_GETTIME=1 -Wno-comma -Wno-shorten-64-to-32 -Wno-documentation -Wno-nullability-completeness -std=c++20,,
PBXBuildFile -- Pods.xcodeproj/targets/buildConfigurationList:buildConfigurations:baseConfigurationReference:|,buildSettings:|,displayName:|,isa:|,name:|,,baseConfigurationReference:|,buildSettings:|,displayName:|,isa:|,name:|,,defaultConfigurationIsVisible:0,defaultConfigurationName:Release,displayName:ConfigurationList,isa:XCConfigurationList,,buildPhases:buildActionMask:2147483647,displayName:Headers,files:|,|,|,|,|,|,|,|,|,|,|,|,|,|,|,|,|,|,|,|,|,|,|,|,|,|,|,|,isa:PBXHeadersBuildPhase,runOnlyForDeploymentPostprocessing:0,,buildActionMask:2147483647,displayName:Sources,files:|,|,|,|,|,|,|,|,|,|,|,|,|,|,|,|,|,|,|,|,|,|,|,isa:PBXSourcesBuildPhase,runOnlyForDeploymentPostprocessing:0,,buildActionMask:2147483647,displayName:Frameworks,files:|,isa:PBXFrameworksBuildPhase,runOnlyForDeploymentPostprocessing:0,,buildActionMask:2147483647,displayName:Resources,files:,isa:PBXResourcesBuildPhase,runOnlyForDeploymentPostprocessing:0,,buildRules:,dependencies:displayName:React-Core,isa:PBXTargetDependency,targetProxy:containerPortal:|,displayName:|,isa:|,proxyType:|,remoteGlobalIDString:|,remoteInfo:|,,,displayName:RCT-Folly,isa:PBXTargetDependency,targetProxy:containerPortal:|,displayName:|,isa:|,proxyType:|,remoteGlobalIDString:|,remoteInfo:|,,,displayName:glog,isa:PBXTargetDependency,targetProxy:containerPortal:|,displayName:|,isa:|,proxyType:|,remoteGlobalIDString:|,remoteInfo:|,,,displayName:React-RCTFabric,isa:PBXTargetDependency,targetProxy:containerPortal:|,displayName:|,isa:|,proxyType:|,remoteGlobalIDString:|,remoteInfo:|,,,displayName:React-Codegen,isa:PBXTargetDependency,targetProxy:containerPortal:|,displayName:|,isa:|,proxyType:|,remoteGlobalIDString:|,remoteInfo:|,,,displayName:RCTRequired,isa:PBXTargetDependency,targetProxy:containerPortal:|,displayName:|,isa:|,proxyType:|,remoteGlobalIDString:|,remoteInfo:|,,,displayName:RCTTypeSafety,isa:PBXTargetDependency,targetProxy:containerPortal:|,displayName:|,isa:|,proxyType:|,remoteGlobalIDString:|,remoteInfo:|,,,displayName:ReactCommon,isa:PBXTargetDependency,targetProxy:containerPortal:|,displayName:|,isa:|,proxyType:|,remoteGlobalIDString:|,remoteInfo:|,,,displayName:React-NativeModulesApple,isa:PBXTargetDependency,targetProxy:containerPortal:|,displayName:|,isa:|,proxyType:|,remoteGlobalIDString:|,remoteInfo:|,,,displayName:Yoga,isa:PBXTargetDependency,targetProxy:containerPortal:|,displayName:|,isa:|,proxyType:|,remoteGlobalIDString:|,remoteInfo:|,,,displayName:React-Fabric,isa:PBXTargetDependency,targetProxy:containerPortal:|,displayName:|,isa:|,proxyType:|,remoteGlobalIDString:|,remoteInfo:|,,,displayName:React-graphics,isa:PBXTargetDependency,targetProxy:containerPortal:|,displayName:|,isa:|,proxyType:|,remoteGlobalIDString:|,remoteInfo:|,,,displayName:React-utils,isa:PBXTargetDependency,targetProxy:containerPortal:|,displayName:|,isa:|,proxyType:|,remoteGlobalIDString:|,remoteInfo:|,,,displayName:React-featureflags,isa:PBXTargetDependency,targetProxy:containerPortal:|,displayName:|,isa:|,proxyType:|,remoteGlobalIDString:|,remoteInfo:|,,,displayName:React-debug,isa:PBXTargetDependency,targetProxy:containerPortal:|,displayName:|,isa:|,proxyType:|,remoteGlobalIDString:|,remoteInfo:|,,,displayName:React-ImageManager,isa:PBXTargetDependency,targetProxy:containerPortal:|,displayName:|,isa:|,proxyType:|,remoteGlobalIDString:|,remoteInfo:|,,,displayName:React-rendererdebug,isa:PBXTargetDependency,targetProxy:containerPortal:|,displayName:|,isa:|,proxyType:|,remoteGlobalIDString:|,remoteInfo:|,,,displayName:DoubleConversion,isa:PBXTargetDependency,targetProxy:containerPortal:|,displayName:|,isa:|,proxyType:|,remoteGlobalIDString:|,remoteInfo:|,,,displayName:React-jsi,isa:PBXTargetDependency,targetProxy:containerPortal:|,displayName:|,isa:|,proxyType:|,remoteGlobalIDString:|,remoteInfo:|,,,displayName:RNGestureHandler,fileSystemSynchronizedGroups:,isa:PBXNativeTarget,name:RNGestureHandler,packageProductDependencies:,productName:RNGestureHandler,productReference:displayName:RNGestureHandler,explicitFileType:wrapper.framework,includeInIndex:0,isa:PBXFileReference,name:RNGestureHandler,path:RNGestureHandler.framework,sourceTree:BUILT_PRODUCTS_DIR,,productType:com.apple.product-type.framework,/dependencies/displayName:React-RCTFabric,isa:PBXTargetDependency,targetProxy:containerPortal:46EB2E00000000,displayName:ContainerItemProxy,isa:PBXContainerItemProxy,proxyType:1,remoteGlobalIDString:46EB2E00020EA0,remoteInfo:React-RCTFabric,,/target/dependencies/displayName:React-RCTImage,isa:PBXTargetDependency,targetProxy:containerPortal:46EB2E00000000,displayName:ContainerItemProxy,isa:PBXContainerItemProxy,proxyType:1,remoteGlobalIDString:46EB2E000215E0,remoteInfo:React-RCTImage,,/target/dependencies/displayName:React-RCTNetwork,isa:PBXTargetDependency,targetProxy:containerPortal:46EB2E00000000,displayName:ContainerItemProxy,isa:PBXContainerItemProxy,proxyType:1,remoteGlobalIDString:46EB2E000219A0,remoteInfo:React-RCTNetwork,,/target/dependencies/displayName:React-Codegen,isa:PBXTargetDependency,targetProxy:containerPortal:46EB2E00000000,displayName:ContainerItemProxy,isa:PBXContainerItemProxy,proxyType:1,remoteGlobalIDString:46EB2E0001AAC0,remoteInfo:React-Codegen,,/target/buildPhases/buildActionMask:2147483647,displayName:Sources,files:displayName:FBReactNativeSpec-generated.mm,fileRef:displayName:|,includeInIndex:|,isa:|,path:|,sourceTree:|,,isa:PBXBuildFile,settings:COMPILER_FLAGS:|,,,displayName:FBReactNativeSpecJSI-generated.cpp,fileRef:displayName:|,includeInIndex:|,isa:|,lastKnownFileType:|,path:|,sourceTree:|,,isa:PBXBuildFile,settings:COMPILER_FLAGS:|,,,displayName:RCTModulesConformingToProtocolsProvider.mm,fileRef:displayName:|,includeInIndex:|,isa:|,path:|,sourceTree:|,,isa:PBXBuildFile,settings:COMPILER_FLAGS:|,,,displayName:ComponentDescriptors.cpp,fileRef:displayName:|,includeInIndex:|,isa:|,lastKnownFileType:|,path:|,sourceTree:|,,isa:PBXBuildFile,settings:COMPILER_FLAGS:|,,,displayName:EventEmitters.cpp,fileRef:displayName:|,includeInIndex:|,isa:|,lastKnownFileType:|,path:|,sourceTree:|,,isa:PBXBuildFile,settings:COMPILER_FLAGS:|,,,displayName:Props.cpp,fileRef:displayName:|,includeInIndex:|,isa:|,lastKnownFileType:|,path:|,sourceTree:|,,isa:PBXBuildFile,settings:COMPILER_FLAGS:|,,,displayName:ShadowNodes.cpp,fileRef:displayName:|,includeInIndex:|,isa:|,lastKnownFileType:|,path:|,sourceTree:|,,isa:PBXBuildFile,settings:COMPILER_FLAGS:|,,,displayName:States.cpp,fileRef:displayName:|,includeInIndex:|,isa:|,lastKnownFileType:|,path:|,sourceTree:|,,isa:PBXBuildFile,settings:COMPILER_FLAGS:|,,,displayName:ComponentDescriptors.cpp,fileRef:displayName:|,includeInIndex:|,isa:|,lastKnownFileType:|,path:|,sourceTree:|,,isa:PBXBuildFile,settings:COMPILER_FLAGS:|,,,displayName:EventEmitters.cpp,fileRef:displayName:|,includeInIndex:|,isa:|,lastKnownFileType:|,path:|,sourceTree:|,,isa:PBXBuildFile,settings:COMPILER_FLAGS:|,,,displayName:Props.cpp,fileRef:displayName:|,includeInIndex:|,isa:|,lastKnownFileType:|,path:|,sourceTree:|,,isa:PBXBuildFile,settings:COMPILER_FLAGS:|,,,displayName:ShadowNodes.cpp,fileRef:displayName:|,includeInIndex:|,isa:|,lastKnownFileType:|,path:|,sourceTree:|,,isa:PBXBuildFile,settings:COMPILER_FLAGS:|,,,displayName:States.cpp,fileRef:displayName:|,includeInIndex:|,isa:|,lastKnownFileType:|,path:|,sourceTree:|,,isa:PBXBuildFile,settings:COMPILER_FLAGS:|,,,displayName:ComponentDescriptors.cpp,fileRef:displayName:|,includeInIndex:|,isa:|,lastKnownFileType:|,path:|,sourceTree:|,,isa:PBXBuildFile,settings:COMPILER_FLAGS:|,,,displayName:EventEmitters.cpp,fileRef:displayName:|,includeInIndex:|,isa:|,lastKnownFileType:|,path:|,sourceTree:|,,isa:PBXBuildFile,settings:COMPILER_FLAGS:|,,,displayName:Props.cpp,fileRef:displayName:|,includeInIndex:|,isa:|,lastKnownFileType:|,path:|,sourceTree:|,,isa:PBXBuildFile,settings:COMPILER_FLAGS:|,,,displayName:ShadowNodes.cpp,fileRef:displayName:|,includeInIndex:|,isa:|,lastKnownFileType:|,path:|,sourceTree:|,,isa:PBXBuildFile,settings:COMPILER_FLAGS:|,,,displayName:States.cpp,fileRef:displayName:|,includeInIndex:|,isa:|,lastKnownFileType:|,path:|,sourceTree:|,,isa:PBXBuildFile,settings:COMPILER_FLAGS:|,,,displayName:ComponentDescriptors.cpp,fileRef:displayName:|,includeInIndex:|,isa:|,lastKnownFileType:|,path:|,sourceTree:|,,isa:PBXBuildFile,settings:COMPILER_FLAGS:|,,,displayName:EventEmitters.cpp,fileRef:displayName:|,includeInIndex:|,isa:|,lastKnownFileType:|,path:|,sourceTree:|,,isa:PBXBuildFile,settings:COMPILER_FLAGS:|,,,displayName:Props.cpp,fileRef:displayName:|,includeInIndex:|,isa:|,lastKnownFileType:|,path:|,sourceTree:|,,isa:PBXBuildFile,settings:COMPILER_FLAGS:|,,,displayName:ShadowNodes.cpp,fileRef:displayName:|,includeInIndex:|,isa:|,lastKnownFileType:|,path:|,sourceTree:|,,isa:PBXBuildFile,settings:COMPILER_FLAGS:|,,,displayName:States.cpp,fileRef:displayName:|,includeInIndex:|,isa:|,lastKnownFileType:|,path:|,sourceTree:|,,isa:PBXBuildFile,settings:COMPILER_FLAGS:|,,,displayName:ComponentDescriptors.cpp,fileRef:displayName:|,includeInIndex:|,isa:|,lastKnownFileType:|,path:|,sourceTree:|,,isa:PBXBuildFile,settings:COMPILER_FLAGS:|,,,displayName:EventEmitters.cpp,fileRef:displayName:|,includeInIndex:|,isa:|,lastKnownFileType:|,path:|,sourceTree:|,,isa:PBXBuildFile,settings:COMPILER_FLAGS:|,,,displayName:Props.cpp,fileRef:displayName:|,includeInIndex:|,isa:|,lastKnownFileType:|,path:|,sourceTree:|,,isa:PBXBuildFile,settings:COMPILER_FLAGS:|,,,displayName:ShadowNodes.cpp,fileRef:displayName:|,includeInIndex:|,isa:|,lastKnownFileType:|,path:|,sourceTree:|,,isa:PBXBuildFile,settings:COMPILER_FLAGS:|,,,displayName:States.cpp,fileRef:displayName:|,includeInIndex:|,isa:|,lastKnownFileType:|,path:|,sourceTree:|,,isa:PBXBuildFile,settings:COMPILER_FLAGS:|,,,displayName:ComponentDescriptors.cpp,fileRef:displayName:|,includeInIndex:|,isa:|,lastKnownFileType:|,path:|,sourceTree:|,,isa:PBXBuildFile,settings:COMPILER_FLAGS:|,,,displayName:EventEmitters.cpp,fileRef:displayName:|,includeInIndex:|,isa:|,lastKnownFileType:|,path:|,sourceTree:|,,isa:PBXBuildFile,settings:COMPILER_FLAGS:|,,,displayName:Props.cpp,fileRef:displayName:|,includeInIndex:|,isa:|,lastKnownFileType:|,path:|,sourceTree:|,,isa:PBXBuildFile,settings:COMPILER_FLAGS:|,,,displayName:ShadowNodes.cpp,fileRef:displayName:|,includeInIndex:|,isa:|,lastKnownFileType:|,path:|,sourceTree:|,,isa:PBXBuildFile,settings:COMPILER_FLAGS:|,,,displayName:States.cpp,fileRef:displayName:|,includeInIndex:|,isa:|,lastKnownFileType:|,path:|,sourceTree:|,,isa:PBXBuildFile,settings:COMPILER_FLAGS:|,,,displayName:rnasyncstorage-generated.mm,fileRef:displayName:|,includeInIndex:|,isa:|,path:|,sourceTree:|,,isa:PBXBuildFile,settings:COMPILER_FLAGS:|,,,displayName:rnasyncstorageJSI-generated.cpp,fileRef:displayName:|,includeInIndex:|,isa:|,lastKnownFileType:|,path:|,sourceTree:|,,isa:PBXBuildFile,settings:COMPILER_FLAGS:|,,,displayName:RNCConfigModule-generated.mm,fileRef:displayName:|,includeInIndex:|,isa:|,path:|,sourceTree:|,,isa:PBXBuildFile,settings:COMPILER_FLAGS:|,,,displayName:RNCConfigModuleJSI-generated.cpp,fileRef:displayName:|,includeInIndex:|,isa:|,lastKnownFileType:|,path:|,sourceTree:|,,isa:PBXBuildFile,settings:COMPILER_FLAGS:|,,,displayName:rnclipboard-generated.mm,fileRef:displayName:|,includeInIndex:|,isa:|,path:|,sourceTree:|,,isa:PBXBuildFile,settings:COMPILER_FLAGS:|,,,displayName:rnclipboardJSI-generated.cpp,fileRef:displayName:|,includeInIndex:|,isa:|,lastKnownFileType:|,path:|,sourceTree:|,,isa:PBXBuildFile,settings:COMPILER_FLAGS:|,,,displayName:rngesturehandler_codegen-generated.mm,fileRef:displayName:|,includeInIndex:|,isa:|,path:|,sourceTree:|,,isa:PBXBuildFile,settings:COMPILER_FLAGS:|,,,displayName:rngesturehandler_codegenJSI-generated.cpp,fileRef:displayName:|,includeInIndex:|,isa:|,lastKnownFileType:|,path:|,sourceTree:|,,isa:PBXBuildFile,settings:COMPILER_FLAGS:|,,,displayName:RNGoogleSignInCGen-generated.mm,fileRef:displayName:|,includeInIndex:|,isa:|,path:|,sourceTree:|,,isa:PBXBuildFile,settings:COMPILER_FLAGS:|,,,displayName:RNGoogleSignInCGenJSI-generated.cpp,fileRef:displayName:|,includeInIndex:|,isa:|,lastKnownFileType:|,path:|,sourceTree:|,,isa:PBXBuildFile,settings:COMPILER_FLAGS:|,,,displayName:RNImagePickerSpec-generated.mm,fileRef:displayName:|,includeInIndex:|,isa:|,path:|,sourceTree:|,,isa:PBXBuildFile,settings:COMPILER_FLAGS:|,,,displayName:RNImagePickerSpecJSI-generated.cpp,fileRef:displayName:|,includeInIndex:|,isa:|,lastKnownFileType:|,path:|,sourceTree:|,,isa:PBXBuildFile,settings:COMPILER_FLAGS:|,,,displayName:rnpermissions-generated.mm,fileRef:displayName:|,includeInIndex:|,isa:|,path:|,sourceTree:|,,isa:PBXBuildFile,settings:COMPILER_FLAGS:|,,,displayName:rnpermissionsJSI-generated.cpp,fileRef:displayName:|,includeInIndex:|,isa:|,lastKnownFileType:|,path:|,sourceTree:|,,isa:PBXBuildFile,settings:COMPILER_FLAGS:|,,,displayName:rnreanimated-generated.mm,fileRef:displayName:|,includeInIndex:|,isa:|,path:|,sourceTree:|,,isa:PBXBuildFile,settings:COMPILER_FLAGS:|,,,displayName:rnreanimatedJSI-generated.cpp,fileRef:displayName:|,includeInIndex:|,isa:|,lastKnownFileType:|,path:|,sourceTree:|,,isa:PBXBuildFile,settings:COMPILER_FLAGS:|,,,displayName:rnscreens-generated.mm,fileRef:displayName:|,includeInIndex:|,isa:|,path:|,sourceTree:|,,isa:PBXBuildFile,settings:COMPILER_FLAGS:|,,,displayName:rnscreensJSI-generated.cpp,fileRef:displayName:|,includeInIndex:|,isa:|,lastKnownFileType:|,path:|,sourceTree:|,,isa:PBXBuildFile,settings:COMPILER_FLAGS:|,,,displayName:rnsvg-generated.mm,fileRef:displayName:|,includeInIndex:|,isa:|,path:|,sourceTree:|,,isa:PBXBuildFile,settings:COMPILER_FLAGS:|,,,displayName:rnsvgJSI-generated.cpp,fileRef:displayName:|,includeInIndex:|,isa:|,lastKnownFileType:|,path:|,sourceTree:|,,isa:PBXBuildFile,settings:COMPILER_FLAGS:|,,,displayName:RNVectorIconsSpec-generated.mm,fileRef:displayName:|,includeInIndex:|,isa:|,path:|,sourceTree:|,,isa:PBXBuildFile,settings:COMPILER_FLAGS:|,,,displayName:RNVectorIconsSpecJSI-generated.cpp,fileRef:displayName:|,includeInIndex:|,isa:|,lastKnownFileType:|,path:|,sourceTree:|,,isa:PBXBuildFile,settings:COMPILER_FLAGS:|,,,displayName:safeareacontext-generated.mm,fileRef:displayName:|,includeInIndex:|,isa:|,path:|,sourceTree:|,,isa:PBXBuildFile,settings:COMPILER_FLAGS:|,,,displayName:safeareacontextJSI-generated.cpp,fileRef:displayName:|,includeInIndex:|,isa:|,lastKnownFileType:|,path:|,sourceTree:|,,isa:PBXBuildFile,settings:COMPILER_FLAGS:|,,,displayName:React-Codegen-dummy.m,fileRef:displayName:|,includeInIndex:|,isa:|,lastKnownFileType:|,path:|,sourceTree:|,,isa:PBXBuildFile,,isa:PBXSourcesBuildPhase,runOnlyForDeploymentPostprocessing:0,/files/displayName:ComponentDescriptors.cpp,fileRef:displayName:ComponentDescriptors.cpp,includeInIndex:1,isa:PBXFileReference,lastKnownFileType:sourcecode.cpp.cpp,path:ComponentDescriptors.cpp,sourceTree:<group>,,isa:PBXBuildFile,settings:COMPILER_FLAGS:-DFOLLY_NO_CONFIG -DFOLLY_MOBILE=1 -DFOLLY_USE_LIBCPP=1 -DFOLLY_CFG_NO_COROUTINES=1 -DFOLLY_HAVE_CLOCK_GETTIME=1 -Wno-comma -Wno-shorten-64-to-32 -Wno-documentation -Wno-nullability-completeness -std=c++20,,
PBXBuildFile -- Pods.xcodeproj/targets/buildConfigurationList:buildConfigurations:baseConfigurationReference:|,buildSettings:|,displayName:|,isa:|,name:|,,baseConfigurationReference:|,buildSettings:|,displayName:|,isa:|,name:|,,defaultConfigurationIsVisible:0,defaultConfigurationName:Release,displayName:ConfigurationList,isa:XCConfigurationList,,buildPhases:buildActionMask:2147483647,displayName:Headers,files:|,|,|,|,|,|,|,|,|,|,|,|,|,|,|,|,|,|,|,|,|,|,|,|,|,|,|,|,isa:PBXHeadersBuildPhase,runOnlyForDeploymentPostprocessing:0,,buildActionMask:2147483647,displayName:Sources,files:|,|,|,|,|,|,|,|,|,|,|,|,|,|,|,|,|,|,|,|,|,|,|,isa:PBXSourcesBuildPhase,runOnlyForDeploymentPostprocessing:0,,buildActionMask:2147483647,displayName:Frameworks,files:|,isa:PBXFrameworksBuildPhase,runOnlyForDeploymentPostprocessing:0,,buildActionMask:2147483647,displayName:Resources,files:,isa:PBXResourcesBuildPhase,runOnlyForDeploymentPostprocessing:0,,buildRules:,dependencies:displayName:React-Core,isa:PBXTargetDependency,targetProxy:containerPortal:|,displayName:|,isa:|,proxyType:|,remoteGlobalIDString:|,remoteInfo:|,,,displayName:RCT-Folly,isa:PBXTargetDependency,targetProxy:containerPortal:|,displayName:|,isa:|,proxyType:|,remoteGlobalIDString:|,remoteInfo:|,,,displayName:glog,isa:PBXTargetDependency,targetProxy:containerPortal:|,displayName:|,isa:|,proxyType:|,remoteGlobalIDString:|,remoteInfo:|,,,displayName:React-RCTFabric,isa:PBXTargetDependency,targetProxy:containerPortal:|,displayName:|,isa:|,proxyType:|,remoteGlobalIDString:|,remoteInfo:|,,,displayName:React-Codegen,isa:PBXTargetDependency,targetProxy:containerPortal:|,displayName:|,isa:|,proxyType:|,remoteGlobalIDString:|,remoteInfo:|,,,displayName:RCTRequired,isa:PBXTargetDependency,targetProxy:containerPortal:|,displayName:|,isa:|,proxyType:|,remoteGlobalIDString:|,remoteInfo:|,,,displayName:RCTTypeSafety,isa:PBXTargetDependency,targetProxy:containerPortal:|,displayName:|,isa:|,proxyType:|,remoteGlobalIDString:|,remoteInfo:|,,,displayName:ReactCommon,isa:PBXTargetDependency,targetProxy:containerPortal:|,displayName:|,isa:|,proxyType:|,remoteGlobalIDString:|,remoteInfo:|,,,displayName:React-NativeModulesApple,isa:PBXTargetDependency,targetProxy:containerPortal:|,displayName:|,isa:|,proxyType:|,remoteGlobalIDString:|,remoteInfo:|,,,displayName:Yoga,isa:PBXTargetDependency,targetProxy:containerPortal:|,displayName:|,isa:|,proxyType:|,remoteGlobalIDString:|,remoteInfo:|,,,displayName:React-Fabric,isa:PBXTargetDependency,targetProxy:containerPortal:|,displayName:|,isa:|,proxyType:|,remoteGlobalIDString:|,remoteInfo:|,,,displayName:React-graphics,isa:PBXTargetDependency,targetProxy:containerPortal:|,displayName:|,isa:|,proxyType:|,remoteGlobalIDString:|,remoteInfo:|,,,displayName:React-utils,isa:PBXTargetDependency,targetProxy:containerPortal:|,displayName:|,isa:|,proxyType:|,remoteGlobalIDString:|,remoteInfo:|,,,displayName:React-featureflags,isa:PBXTargetDependency,targetProxy:containerPortal:|,displayName:|,isa:|,proxyType:|,remoteGlobalIDString:|,remoteInfo:|,,,displayName:React-debug,isa:PBXTargetDependency,targetProxy:containerPortal:|,displayName:|,isa:|,proxyType:|,remoteGlobalIDString:|,remoteInfo:|,,,displayName:React-ImageManager,isa:PBXTargetDependency,targetProxy:containerPortal:|,displayName:|,isa:|,proxyType:|,remoteGlobalIDString:|,remoteInfo:|,,,displayName:React-rendererdebug,isa:PBXTargetDependency,targetProxy:containerPortal:|,displayName:|,isa:|,proxyType:|,remoteGlobalIDString:|,remoteInfo:|,,,displayName:DoubleConversion,isa:PBXTargetDependency,targetProxy:containerPortal:|,displayName:|,isa:|,proxyType:|,remoteGlobalIDString:|,remoteInfo:|,,,displayName:React-jsi,isa:PBXTargetDependency,targetProxy:containerPortal:|,displayName:|,isa:|,proxyType:|,remoteGlobalIDString:|,remoteInfo:|,,,displayName:RNGestureHandler,fileSystemSynchronizedGroups:,isa:PBXNativeTarget,name:RNGestureHandler,packageProductDependencies:,productName:RNGestureHandler,productReference:displayName:RNGestureHandler,explicitFileType:wrapper.framework,includeInIndex:0,isa:PBXFileReference,name:RNGestureHandler,path:RNGestureHandler.framework,sourceTree:BUILT_PRODUCTS_DIR,,productType:com.apple.product-type.framework,/dependencies/displayName:React-RCTFabric,isa:PBXTargetDependency,targetProxy:containerPortal:46EB2E00000000,displayName:ContainerItemProxy,isa:PBXContainerItemProxy,proxyType:1,remoteGlobalIDString:46EB2E00020EA0,remoteInfo:React-RCTFabric,,/target/dependencies/displayName:React-RCTImage,isa:PBXTargetDependency,targetProxy:containerPortal:46EB2E00000000,displayName:ContainerItemProxy,isa:PBXContainerItemProxy,proxyType:1,remoteGlobalIDString:46EB2E000215E0,remoteInfo:React-RCTImage,,/target/dependencies/displayName:React-RCTNetwork,isa:PBXTargetDependency,targetProxy:containerPortal:46EB2E00000000,displayName:ContainerItemProxy,isa:PBXContainerItemProxy,proxyType:1,remoteGlobalIDString:46EB2E000219A0,remoteInfo:React-RCTNetwork,,/target/dependencies/displayName:React-Codegen,isa:PBXTargetDependency,targetProxy:containerPortal:46EB2E00000000,displayName:ContainerItemProxy,isa:PBXContainerItemProxy,proxyType:1,remoteGlobalIDString:46EB2E0001AAC0,remoteInfo:React-Codegen,,/target/buildPhases/buildActionMask:2147483647,displayName:Sources,files:displayName:FBReactNativeSpec-generated.mm,fileRef:displayName:|,includeInIndex:|,isa:|,path:|,sourceTree:|,,isa:PBXBuildFile,settings:COMPILER_FLAGS:|,,,displayName:FBReactNativeSpecJSI-generated.cpp,fileRef:displayName:|,includeInIndex:|,isa:|,lastKnownFileType:|,path:|,sourceTree:|,,isa:PBXBuildFile,settings:COMPILER_FLAGS:|,,,displayName:RCTModulesConformingToProtocolsProvider.mm,fileRef:displayName:|,includeInIndex:|,isa:|,path:|,sourceTree:|,,isa:PBXBuildFile,settings:COMPILER_FLAGS:|,,,displayName:ComponentDescriptors.cpp,fileRef:displayName:|,includeInIndex:|,isa:|,lastKnownFileType:|,path:|,sourceTree:|,,isa:PBXBuildFile,settings:COMPILER_FLAGS:|,,,displayName:EventEmitters.cpp,fileRef:displayName:|,includeInIndex:|,isa:|,lastKnownFileType:|,path:|,sourceTree:|,,isa:PBXBuildFile,settings:COMPILER_FLAGS:|,,,displayName:Props.cpp,fileRef:displayName:|,includeInIndex:|,isa:|,lastKnownFileType:|,path:|,sourceTree:|,,isa:PBXBuildFile,settings:COMPILER_FLAGS:|,,,displayName:ShadowNodes.cpp,fileRef:displayName:|,includeInIndex:|,isa:|,lastKnownFileType:|,path:|,sourceTree:|,,isa:PBXBuildFile,settings:COMPILER_FLAGS:|,,,displayName:States.cpp,fileRef:displayName:|,includeInIndex:|,isa:|,lastKnownFileType:|,path:|,sourceTree:|,,isa:PBXBuildFile,settings:COMPILER_FLAGS:|,,,displayName:ComponentDescriptors.cpp,fileRef:displayName:|,includeInIndex:|,isa:|,lastKnownFileType:|,path:|,sourceTree:|,,isa:PBXBuildFile,settings:COMPILER_FLAGS:|,,,displayName:EventEmitters.cpp,fileRef:displayName:|,includeInIndex:|,isa:|,lastKnownFileType:|,path:|,sourceTree:|,,isa:PBXBuildFile,settings:COMPILER_FLAGS:|,,,displayName:Props.cpp,fileRef:displayName:|,includeInIndex:|,isa:|,lastKnownFileType:|,path:|,sourceTree:|,,isa:PBXBuildFile,settings:COMPILER_FLAGS:|,,,displayName:ShadowNodes.cpp,fileRef:displayName:|,includeInIndex:|,isa:|,lastKnownFileType:|,path:|,sourceTree:|,,isa:PBXBuildFile,settings:COMPILER_FLAGS:|,,,displayName:States.cpp,fileRef:displayName:|,includeInIndex:|,isa:|,lastKnownFileType:|,path:|,sourceTree:|,,isa:PBXBuildFile,settings:COMPILER_FLAGS:|,,,displayName:ComponentDescriptors.cpp,fileRef:displayName:|,includeInIndex:|,isa:|,lastKnownFileType:|,path:|,sourceTree:|,,isa:PBXBuildFile,settings:COMPILER_FLAGS:|,,,displayName:EventEmitters.cpp,fileRef:displayName:|,includeInIndex:|,isa:|,lastKnownFileType:|,path:|,sourceTree:|,,isa:PBXBuildFile,settings:COMPILER_FLAGS:|,,,displayName:Props.cpp,fileRef:displayName:|,includeInIndex:|,isa:|,lastKnownFileType:|,path:|,sourceTree:|,,isa:PBXBuildFile,settings:COMPILER_FLAGS:|,,,displayName:ShadowNodes.cpp,fileRef:displayName:|,includeInIndex:|,isa:|,lastKnownFileType:|,path:|,sourceTree:|,,isa:PBXBuildFile,settings:COMPILER_FLAGS:|,,,displayName:States.cpp,fileRef:displayName:|,includeInIndex:|,isa:|,lastKnownFileType:|,path:|,sourceTree:|,,isa:PBXBuildFile,settings:COMPILER_FLAGS:|,,,displayName:ComponentDescriptors.cpp,fileRef:displayName:|,includeInIndex:|,isa:|,lastKnownFileType:|,path:|,sourceTree:|,,isa:PBXBuildFile,settings:COMPILER_FLAGS:|,,,displayName:EventEmitters.cpp,fileRef:displayName:|,includeInIndex:|,isa:|,lastKnownFileType:|,path:|,sourceTree:|,,isa:PBXBuildFile,settings:COMPILER_FLAGS:|,,,displayName:Props.cpp,fileRef:displayName:|,includeInIndex:|,isa:|,lastKnownFileType:|,path:|,sourceTree:|,,isa:PBXBuildFile,settings:COMPILER_FLAGS:|,,,displayName:ShadowNodes.cpp,fileRef:displayName:|,includeInIndex:|,isa:|,lastKnownFileType:|,path:|,sourceTree:|,,isa:PBXBuildFile,settings:COMPILER_FLAGS:|,,,displayName:States.cpp,fileRef:displayName:|,includeInIndex:|,isa:|,lastKnownFileType:|,path:|,sourceTree:|,,isa:PBXBuildFile,settings:COMPILER_FLAGS:|,,,displayName:ComponentDescriptors.cpp,fileRef:displayName:|,includeInIndex:|,isa:|,lastKnownFileType:|,path:|,sourceTree:|,,isa:PBXBuildFile,settings:COMPILER_FLAGS:|,,,displayName:EventEmitters.cpp,fileRef:displayName:|,includeInIndex:|,isa:|,lastKnownFileType:|,path:|,sourceTree:|,,isa:PBXBuildFile,settings:COMPILER_FLAGS:|,,,displayName:Props.cpp,fileRef:displayName:|,includeInIndex:|,isa:|,lastKnownFileType:|,path:|,sourceTree:|,,isa:PBXBuildFile,settings:COMPILER_FLAGS:|,,,displayName:ShadowNodes.cpp,fileRef:displayName:|,includeInIndex:|,isa:|,lastKnownFileType:|,path:|,sourceTree:|,,isa:PBXBuildFile,settings:COMPILER_FLAGS:|,,,displayName:States.cpp,fileRef:displayName:|,includeInIndex:|,isa:|,lastKnownFileType:|,path:|,sourceTree:|,,isa:PBXBuildFile,settings:COMPILER_FLAGS:|,,,displayName:ComponentDescriptors.cpp,fileRef:displayName:|,includeInIndex:|,isa:|,lastKnownFileType:|,path:|,sourceTree:|,,isa:PBXBuildFile,settings:COMPILER_FLAGS:|,,,displayName:EventEmitters.cpp,fileRef:displayName:|,includeInIndex:|,isa:|,lastKnownFileType:|,path:|,sourceTree:|,,isa:PBXBuildFile,settings:COMPILER_FLAGS:|,,,displayName:Props.cpp,fileRef:displayName:|,includeInIndex:|,isa:|,lastKnownFileType:|,path:|,sourceTree:|,,isa:PBXBuildFile,settings:COMPILER_FLAGS:|,,,displayName:ShadowNodes.cpp,fileRef:displayName:|,includeInIndex:|,isa:|,lastKnownFileType:|,path:|,sourceTree:|,,isa:PBXBuildFile,settings:COMPILER_FLAGS:|,,,displayName:States.cpp,fileRef:displayName:|,includeInIndex:|,isa:|,lastKnownFileType:|,path:|,sourceTree:|,,isa:PBXBuildFile,settings:COMPILER_FLAGS:|,,,displayName:rnasyncstorage-generated.mm,fileRef:displayName:|,includeInIndex:|,isa:|,path:|,sourceTree:|,,isa:PBXBuildFile,settings:COMPILER_FLAGS:|,,,displayName:rnasyncstorageJSI-generated.cpp,fileRef:displayName:|,includeInIndex:|,isa:|,lastKnownFileType:|,path:|,sourceTree:|,,isa:PBXBuildFile,settings:COMPILER_FLAGS:|,,,displayName:RNCConfigModule-generated.mm,fileRef:displayName:|,includeInIndex:|,isa:|,path:|,sourceTree:|,,isa:PBXBuildFile,settings:COMPILER_FLAGS:|,,,displayName:RNCConfigModuleJSI-generated.cpp,fileRef:displayName:|,includeInIndex:|,isa:|,lastKnownFileType:|,path:|,sourceTree:|,,isa:PBXBuildFile,settings:COMPILER_FLAGS:|,,,displayName:rnclipboard-generated.mm,fileRef:displayName:|,includeInIndex:|,isa:|,path:|,sourceTree:|,,isa:PBXBuildFile,settings:COMPILER_FLAGS:|,,,displayName:rnclipboardJSI-generated.cpp,fileRef:displayName:|,includeInIndex:|,isa:|,lastKnownFileType:|,path:|,sourceTree:|,,isa:PBXBuildFile,settings:COMPILER_FLAGS:|,,,displayName:rngesturehandler_codegen-generated.mm,fileRef:displayName:|,includeInIndex:|,isa:|,path:|,sourceTree:|,,isa:PBXBuildFile,settings:COMPILER_FLAGS:|,,,displayName:rngesturehandler_codegenJSI-generated.cpp,fileRef:displayName:|,includeInIndex:|,isa:|,lastKnownFileType:|,path:|,sourceTree:|,,isa:PBXBuildFile,settings:COMPILER_FLAGS:|,,,displayName:RNGoogleSignInCGen-generated.mm,fileRef:displayName:|,includeInIndex:|,isa:|,path:|,sourceTree:|,,isa:PBXBuildFile,settings:COMPILER_FLAGS:|,,,displayName:RNGoogleSignInCGenJSI-generated.cpp,fileRef:displayName:|,includeInIndex:|,isa:|,lastKnownFileType:|,path:|,sourceTree:|,,isa:PBXBuildFile,settings:COMPILER_FLAGS:|,,,displayName:RNImagePickerSpec-generated.mm,fileRef:displayName:|,includeInIndex:|,isa:|,path:|,sourceTree:|,,isa:PBXBuildFile,settings:COMPILER_FLAGS:|,,,displayName:RNImagePickerSpecJSI-generated.cpp,fileRef:displayName:|,includeInIndex:|,isa:|,lastKnownFileType:|,path:|,sourceTree:|,,isa:PBXBuildFile,settings:COMPILER_FLAGS:|,,,displayName:rnpermissions-generated.mm,fileRef:displayName:|,includeInIndex:|,isa:|,path:|,sourceTree:|,,isa:PBXBuildFile,settings:COMPILER_FLAGS:|,,,displayName:rnpermissionsJSI-generated.cpp,fileRef:displayName:|,includeInIndex:|,isa:|,lastKnownFileType:|,path:|,sourceTree:|,,isa:PBXBuildFile,settings:COMPILER_FLAGS:|,,,displayName:rnreanimated-generated.mm,fileRef:displayName:|,includeInIndex:|,isa:|,path:|,sourceTree:|,,isa:PBXBuildFile,settings:COMPILER_FLAGS:|,,,displayName:rnreanimatedJSI-generated.cpp,fileRef:displayName:|,includeInIndex:|,isa:|,lastKnownFileType:|,path:|,sourceTree:|,,isa:PBXBuildFile,settings:COMPILER_FLAGS:|,,,displayName:rnscreens-generated.mm,fileRef:displayName:|,includeInIndex:|,isa:|,path:|,sourceTree:|,,isa:PBXBuildFile,settings:COMPILER_FLAGS:|,,,displayName:rnscreensJSI-generated.cpp,fileRef:displayName:|,includeInIndex:|,isa:|,lastKnownFileType:|,path:|,sourceTree:|,,isa:PBXBuildFile,settings:COMPILER_FLAGS:|,,,displayName:rnsvg-generated.mm,fileRef:displayName:|,includeInIndex:|,isa:|,path:|,sourceTree:|,,isa:PBXBuildFile,settings:COMPILER_FLAGS:|,,,displayName:rnsvgJSI-generated.cpp,fileRef:displayName:|,includeInIndex:|,isa:|,lastKnownFileType:|,path:|,sourceTree:|,,isa:PBXBuildFile,settings:COMPILER_FLAGS:|,,,displayName:RNVectorIconsSpec-generated.mm,fileRef:displayName:|,includeInIndex:|,isa:|,path:|,sourceTree:|,,isa:PBXBuildFile,settings:COMPILER_FLAGS:|,,,displayName:RNVectorIconsSpecJSI-generated.cpp,fileRef:displayName:|,includeInIndex:|,isa:|,lastKnownFileType:|,path:|,sourceTree:|,,isa:PBXBuildFile,settings:COMPILER_FLAGS:|,,,displayName:safeareacontext-generated.mm,fileRef:displayName:|,includeInIndex:|,isa:|,path:|,sourceTree:|,,isa:PBXBuildFile,settings:COMPILER_FLAGS:|,,,displayName:safeareacontextJSI-generated.cpp,fileRef:displayName:|,includeInIndex:|,isa:|,lastKnownFileType:|,path:|,sourceTree:|,,isa:PBXBuildFile,settings:COMPILER_FLAGS:|,,,displayName:React-Codegen-dummy.m,fileRef:displayName:|,includeInIndex:|,isa:|,lastKnownFileType:|,path:|,sourceTree:|,,isa:PBXBuildFile,,isa:PBXSourcesBuildPhase,runOnlyForDeploymentPostprocessing:0,/files/displayName:EventEmitters.cpp,fileRef:displayName:EventEmitters.cpp,includeInIndex:1,isa:PBXFileReference,lastKnownFileType:sourcecode.cpp.cpp,path:EventEmitters.cpp,sourceTree:<group>,,isa:PBXBuildFile,settings:COMPILER_FLAGS:-DFOLLY_NO_CONFIG -DFOLLY_MOBILE=1 -DFOLLY_USE_LIBCPP=1 -DFOLLY_CFG_NO_COROUTINES=1 -DFOLLY_HAVE_CLOCK_GETTIME=1 -Wno-comma -Wno-shorten-64-to-32 -Wno-documentation -Wno-nullability-completeness -std=c++20,,
PBXBuildFile -- Pods.xcodeproj/targets/buildConfigurationList:buildConfigurations:baseConfigurationReference:|,buildSettings:|,displayName:|,isa:|,name:|,,baseConfigurationReference:|,buildSettings:|,displayName:|,isa:|,name:|,,defaultConfigurationIsVisible:0,defaultConfigurationName:Release,displayName:ConfigurationList,isa:XCConfigurationList,,buildPhases:buildActionMask:2147483647,displayName:Headers,files:|,|,|,|,|,|,|,|,|,|,|,|,|,|,|,|,|,|,|,|,|,|,|,|,|,|,|,|,isa:PBXHeadersBuildPhase,runOnlyForDeploymentPostprocessing:0,,buildActionMask:2147483647,displayName:Sources,files:|,|,|,|,|,|,|,|,|,|,|,|,|,|,|,|,|,|,|,|,|,|,|,isa:PBXSourcesBuildPhase,runOnlyForDeploymentPostprocessing:0,,buildActionMask:2147483647,displayName:Frameworks,files:|,isa:PBXFrameworksBuildPhase,runOnlyForDeploymentPostprocessing:0,,buildActionMask:2147483647,displayName:Resources,files:,isa:PBXResourcesBuildPhase,runOnlyForDeploymentPostprocessing:0,,buildRules:,dependencies:displayName:React-Core,isa:PBXTargetDependency,targetProxy:containerPortal:|,displayName:|,isa:|,proxyType:|,remoteGlobalIDString:|,remoteInfo:|,,,displayName:RCT-Folly,isa:PBXTargetDependency,targetProxy:containerPortal:|,displayName:|,isa:|,proxyType:|,remoteGlobalIDString:|,remoteInfo:|,,,displayName:glog,isa:PBXTargetDependency,targetProxy:containerPortal:|,displayName:|,isa:|,proxyType:|,remoteGlobalIDString:|,remoteInfo:|,,,displayName:React-RCTFabric,isa:PBXTargetDependency,targetProxy:containerPortal:|,displayName:|,isa:|,proxyType:|,remoteGlobalIDString:|,remoteInfo:|,,,displayName:React-Codegen,isa:PBXTargetDependency,targetProxy:containerPortal:|,displayName:|,isa:|,proxyType:|,remoteGlobalIDString:|,remoteInfo:|,,,displayName:RCTRequired,isa:PBXTargetDependency,targetProxy:containerPortal:|,displayName:|,isa:|,proxyType:|,remoteGlobalIDString:|,remoteInfo:|,,,displayName:RCTTypeSafety,isa:PBXTargetDependency,targetProxy:containerPortal:|,displayName:|,isa:|,proxyType:|,remoteGlobalIDString:|,remoteInfo:|,,,displayName:ReactCommon,isa:PBXTargetDependency,targetProxy:containerPortal:|,displayName:|,isa:|,proxyType:|,remoteGlobalIDString:|,remoteInfo:|,,,displayName:React-NativeModulesApple,isa:PBXTargetDependency,targetProxy:containerPortal:|,displayName:|,isa:|,proxyType:|,remoteGlobalIDString:|,remoteInfo:|,,,displayName:Yoga,isa:PBXTargetDependency,targetProxy:containerPortal:|,displayName:|,isa:|,proxyType:|,remoteGlobalIDString:|,remoteInfo:|,,,displayName:React-Fabric,isa:PBXTargetDependency,targetProxy:containerPortal:|,displayName:|,isa:|,proxyType:|,remoteGlobalIDString:|,remoteInfo:|,,,displayName:React-graphics,isa:PBXTargetDependency,targetProxy:containerPortal:|,displayName:|,isa:|,proxyType:|,remoteGlobalIDString:|,remoteInfo:|,,,displayName:React-utils,isa:PBXTargetDependency,targetProxy:containerPortal:|,displayName:|,isa:|,proxyType:|,remoteGlobalIDString:|,remoteInfo:|,,,displayName:React-featureflags,isa:PBXTargetDependency,targetProxy:containerPortal:|,displayName:|,isa:|,proxyType:|,remoteGlobalIDString:|,remoteInfo:|,,,displayName:React-debug,isa:PBXTargetDependency,targetProxy:containerPortal:|,displayName:|,isa:|,proxyType:|,remoteGlobalIDString:|,remoteInfo:|,,,displayName:React-ImageManager,isa:PBXTargetDependency,targetProxy:containerPortal:|,displayName:|,isa:|,proxyType:|,remoteGlobalIDString:|,remoteInfo:|,,,displayName:React-rendererdebug,isa:PBXTargetDependency,targetProxy:containerPortal:|,displayName:|,isa:|,proxyType:|,remoteGlobalIDString:|,remoteInfo:|,,,displayName:DoubleConversion,isa:PBXTargetDependency,targetProxy:containerPortal:|,displayName:|,isa:|,proxyType:|,remoteGlobalIDString:|,remoteInfo:|,,,displayName:React-jsi,isa:PBXTargetDependency,targetProxy:containerPortal:|,displayName:|,isa:|,proxyType:|,remoteGlobalIDString:|,remoteInfo:|,,,displayName:RNGestureHandler,fileSystemSynchronizedGroups:,isa:PBXNativeTarget,name:RNGestureHandler,packageProductDependencies:,productName:RNGestureHandler,productReference:displayName:RNGestureHandler,explicitFileType:wrapper.framework,includeInIndex:0,isa:PBXFileReference,name:RNGestureHandler,path:RNGestureHandler.framework,sourceTree:BUILT_PRODUCTS_DIR,,productType:com.apple.product-type.framework,/dependencies/displayName:React-RCTFabric,isa:PBXTargetDependency,targetProxy:containerPortal:46EB2E00000000,displayName:ContainerItemProxy,isa:PBXContainerItemProxy,proxyType:1,remoteGlobalIDString:46EB2E00020EA0,remoteInfo:React-RCTFabric,,/target/dependencies/displayName:React-RCTImage,isa:PBXTargetDependency,targetProxy:containerPortal:46EB2E00000000,displayName:ContainerItemProxy,isa:PBXContainerItemProxy,proxyType:1,remoteGlobalIDString:46EB2E000215E0,remoteInfo:React-RCTImage,,/target/dependencies/displayName:React-RCTNetwork,isa:PBXTargetDependency,targetProxy:containerPortal:46EB2E00000000,displayName:ContainerItemProxy,isa:PBXContainerItemProxy,proxyType:1,remoteGlobalIDString:46EB2E000219A0,remoteInfo:React-RCTNetwork,,/target/dependencies/displayName:React-Codegen,isa:PBXTargetDependency,targetProxy:containerPortal:46EB2E00000000,displayName:ContainerItemProxy,isa:PBXContainerItemProxy,proxyType:1,remoteGlobalIDString:46EB2E0001AAC0,remoteInfo:React-Codegen,,/target/buildPhases/buildActionMask:2147483647,displayName:Sources,files:displayName:FBReactNativeSpec-generated.mm,fileRef:displayName:|,includeInIndex:|,isa:|,path:|,sourceTree:|,,isa:PBXBuildFile,settings:COMPILER_FLAGS:|,,,displayName:FBReactNativeSpecJSI-generated.cpp,fileRef:displayName:|,includeInIndex:|,isa:|,lastKnownFileType:|,path:|,sourceTree:|,,isa:PBXBuildFile,settings:COMPILER_FLAGS:|,,,displayName:RCTModulesConformingToProtocolsProvider.mm,fileRef:displayName:|,includeInIndex:|,isa:|,path:|,sourceTree:|,,isa:PBXBuildFile,settings:COMPILER_FLAGS:|,,,displayName:ComponentDescriptors.cpp,fileRef:displayName:|,includeInIndex:|,isa:|,lastKnownFileType:|,path:|,sourceTree:|,,isa:PBXBuildFile,settings:COMPILER_FLAGS:|,,,displayName:EventEmitters.cpp,fileRef:displayName:|,includeInIndex:|,isa:|,lastKnownFileType:|,path:|,sourceTree:|,,isa:PBXBuildFile,settings:COMPILER_FLAGS:|,,,displayName:Props.cpp,fileRef:displayName:|,includeInIndex:|,isa:|,lastKnownFileType:|,path:|,sourceTree:|,,isa:PBXBuildFile,settings:COMPILER_FLAGS:|,,,displayName:ShadowNodes.cpp,fileRef:displayName:|,includeInIndex:|,isa:|,lastKnownFileType:|,path:|,sourceTree:|,,isa:PBXBuildFile,settings:COMPILER_FLAGS:|,,,displayName:States.cpp,fileRef:displayName:|,includeInIndex:|,isa:|,lastKnownFileType:|,path:|,sourceTree:|,,isa:PBXBuildFile,settings:COMPILER_FLAGS:|,,,displayName:ComponentDescriptors.cpp,fileRef:displayName:|,includeInIndex:|,isa:|,lastKnownFileType:|,path:|,sourceTree:|,,isa:PBXBuildFile,settings:COMPILER_FLAGS:|,,,displayName:EventEmitters.cpp,fileRef:displayName:|,includeInIndex:|,isa:|,lastKnownFileType:|,path:|,sourceTree:|,,isa:PBXBuildFile,settings:COMPILER_FLAGS:|,,,displayName:Props.cpp,fileRef:displayName:|,includeInIndex:|,isa:|,lastKnownFileType:|,path:|,sourceTree:|,,isa:PBXBuildFile,settings:COMPILER_FLAGS:|,,,displayName:ShadowNodes.cpp,fileRef:displayName:|,includeInIndex:|,isa:|,lastKnownFileType:|,path:|,sourceTree:|,,isa:PBXBuildFile,settings:COMPILER_FLAGS:|,,,displayName:States.cpp,fileRef:displayName:|,includeInIndex:|,isa:|,lastKnownFileType:|,path:|,sourceTree:|,,isa:PBXBuildFile,settings:COMPILER_FLAGS:|,,,displayName:ComponentDescriptors.cpp,fileRef:displayName:|,includeInIndex:|,isa:|,lastKnownFileType:|,path:|,sourceTree:|,,isa:PBXBuildFile,settings:COMPILER_FLAGS:|,,,displayName:EventEmitters.cpp,fileRef:displayName:|,includeInIndex:|,isa:|,lastKnownFileType:|,path:|,sourceTree:|,,isa:PBXBuildFile,settings:COMPILER_FLAGS:|,,,displayName:Props.cpp,fileRef:displayName:|,includeInIndex:|,isa:|,lastKnownFileType:|,path:|,sourceTree:|,,isa:PBXBuildFile,settings:COMPILER_FLAGS:|,,,displayName:ShadowNodes.cpp,fileRef:displayName:|,includeInIndex:|,isa:|,lastKnownFileType:|,path:|,sourceTree:|,,isa:PBXBuildFile,settings:COMPILER_FLAGS:|,,,displayName:States.cpp,fileRef:displayName:|,includeInIndex:|,isa:|,lastKnownFileType:|,path:|,sourceTree:|,,isa:PBXBuildFile,settings:COMPILER_FLAGS:|,,,displayName:ComponentDescriptors.cpp,fileRef:displayName:|,includeInIndex:|,isa:|,lastKnownFileType:|,path:|,sourceTree:|,,isa:PBXBuildFile,settings:COMPILER_FLAGS:|,,,displayName:EventEmitters.cpp,fileRef:displayName:|,includeInIndex:|,isa:|,lastKnownFileType:|,path:|,sourceTree:|,,isa:PBXBuildFile,settings:COMPILER_FLAGS:|,,,displayName:Props.cpp,fileRef:displayName:|,includeInIndex:|,isa:|,lastKnownFileType:|,path:|,sourceTree:|,,isa:PBXBuildFile,settings:COMPILER_FLAGS:|,,,displayName:ShadowNodes.cpp,fileRef:displayName:|,includeInIndex:|,isa:|,lastKnownFileType:|,path:|,sourceTree:|,,isa:PBXBuildFile,settings:COMPILER_FLAGS:|,,,displayName:States.cpp,fileRef:displayName:|,includeInIndex:|,isa:|,lastKnownFileType:|,path:|,sourceTree:|,,isa:PBXBuildFile,settings:COMPILER_FLAGS:|,,,displayName:ComponentDescriptors.cpp,fileRef:displayName:|,includeInIndex:|,isa:|,lastKnownFileType:|,path:|,sourceTree:|,,isa:PBXBuildFile,settings:COMPILER_FLAGS:|,,,displayName:EventEmitters.cpp,fileRef:displayName:|,includeInIndex:|,isa:|,lastKnownFileType:|,path:|,sourceTree:|,,isa:PBXBuildFile,settings:COMPILER_FLAGS:|,,,displayName:Props.cpp,fileRef:displayName:|,includeInIndex:|,isa:|,lastKnownFileType:|,path:|,sourceTree:|,,isa:PBXBuildFile,settings:COMPILER_FLAGS:|,,,displayName:ShadowNodes.cpp,fileRef:displayName:|,includeInIndex:|,isa:|,lastKnownFileType:|,path:|,sourceTree:|,,isa:PBXBuildFile,settings:COMPILER_FLAGS:|,,,displayName:States.cpp,fileRef:displayName:|,includeInIndex:|,isa:|,lastKnownFileType:|,path:|,sourceTree:|,,isa:PBXBuildFile,settings:COMPILER_FLAGS:|,,,displayName:ComponentDescriptors.cpp,fileRef:displayName:|,includeInIndex:|,isa:|,lastKnownFileType:|,path:|,sourceTree:|,,isa:PBXBuildFile,settings:COMPILER_FLAGS:|,,,displayName:EventEmitters.cpp,fileRef:displayName:|,includeInIndex:|,isa:|,lastKnownFileType:|,path:|,sourceTree:|,,isa:PBXBuildFile,settings:COMPILER_FLAGS:|,,,displayName:Props.cpp,fileRef:displayName:|,includeInIndex:|,isa:|,lastKnownFileType:|,path:|,sourceTree:|,,isa:PBXBuildFile,settings:COMPILER_FLAGS:|,,,displayName:ShadowNodes.cpp,fileRef:displayName:|,includeInIndex:|,isa:|,lastKnownFileType:|,path:|,sourceTree:|,,isa:PBXBuildFile,settings:COMPILER_FLAGS:|,,,displayName:States.cpp,fileRef:displayName:|,includeInIndex:|,isa:|,lastKnownFileType:|,path:|,sourceTree:|,,isa:PBXBuildFile,settings:COMPILER_FLAGS:|,,,displayName:rnasyncstorage-generated.mm,fileRef:displayName:|,includeInIndex:|,isa:|,path:|,sourceTree:|,,isa:PBXBuildFile,settings:COMPILER_FLAGS:|,,,displayName:rnasyncstorageJSI-generated.cpp,fileRef:displayName:|,includeInIndex:|,isa:|,lastKnownFileType:|,path:|,sourceTree:|,,isa:PBXBuildFile,settings:COMPILER_FLAGS:|,,,displayName:RNCConfigModule-generated.mm,fileRef:displayName:|,includeInIndex:|,isa:|,path:|,sourceTree:|,,isa:PBXBuildFile,settings:COMPILER_FLAGS:|,,,displayName:RNCConfigModuleJSI-generated.cpp,fileRef:displayName:|,includeInIndex:|,isa:|,lastKnownFileType:|,path:|,sourceTree:|,,isa:PBXBuildFile,settings:COMPILER_FLAGS:|,,,displayName:rnclipboard-generated.mm,fileRef:displayName:|,includeInIndex:|,isa:|,path:|,sourceTree:|,,isa:PBXBuildFile,settings:COMPILER_FLAGS:|,,,displayName:rnclipboardJSI-generated.cpp,fileRef:displayName:|,includeInIndex:|,isa:|,lastKnownFileType:|,path:|,sourceTree:|,,isa:PBXBuildFile,settings:COMPILER_FLAGS:|,,,displayName:rngesturehandler_codegen-generated.mm,fileRef:displayName:|,includeInIndex:|,isa:|,path:|,sourceTree:|,,isa:PBXBuildFile,settings:COMPILER_FLAGS:|,,,displayName:rngesturehandler_codegenJSI-generated.cpp,fileRef:displayName:|,includeInIndex:|,isa:|,lastKnownFileType:|,path:|,sourceTree:|,,isa:PBXBuildFile,settings:COMPILER_FLAGS:|,,,displayName:RNGoogleSignInCGen-generated.mm,fileRef:displayName:|,includeInIndex:|,isa:|,path:|,sourceTree:|,,isa:PBXBuildFile,settings:COMPILER_FLAGS:|,,,displayName:RNGoogleSignInCGenJSI-generated.cpp,fileRef:displayName:|,includeInIndex:|,isa:|,lastKnownFileType:|,path:|,sourceTree:|,,isa:PBXBuildFile,settings:COMPILER_FLAGS:|,,,displayName:RNImagePickerSpec-generated.mm,fileRef:displayName:|,includeInIndex:|,isa:|,path:|,sourceTree:|,,isa:PBXBuildFile,settings:COMPILER_FLAGS:|,,,displayName:RNImagePickerSpecJSI-generated.cpp,fileRef:displayName:|,includeInIndex:|,isa:|,lastKnownFileType:|,path:|,sourceTree:|,,isa:PBXBuildFile,settings:COMPILER_FLAGS:|,,,displayName:rnpermissions-generated.mm,fileRef:displayName:|,includeInIndex:|,isa:|,path:|,sourceTree:|,,isa:PBXBuildFile,settings:COMPILER_FLAGS:|,,,displayName:rnpermissionsJSI-generated.cpp,fileRef:displayName:|,includeInIndex:|,isa:|,lastKnownFileType:|,path:|,sourceTree:|,,isa:PBXBuildFile,settings:COMPILER_FLAGS:|,,,displayName:rnreanimated-generated.mm,fileRef:displayName:|,includeInIndex:|,isa:|,path:|,sourceTree:|,,isa:PBXBuildFile,settings:COMPILER_FLAGS:|,,,displayName:rnreanimatedJSI-generated.cpp,fileRef:displayName:|,includeInIndex:|,isa:|,lastKnownFileType:|,path:|,sourceTree:|,,isa:PBXBuildFile,settings:COMPILER_FLAGS:|,,,displayName:rnscreens-generated.mm,fileRef:displayName:|,includeInIndex:|,isa:|,path:|,sourceTree:|,,isa:PBXBuildFile,settings:COMPILER_FLAGS:|,,,displayName:rnscreensJSI-generated.cpp,fileRef:displayName:|,includeInIndex:|,isa:|,lastKnownFileType:|,path:|,sourceTree:|,,isa:PBXBuildFile,settings:COMPILER_FLAGS:|,,,displayName:rnsvg-generated.mm,fileRef:displayName:|,includeInIndex:|,isa:|,path:|,sourceTree:|,,isa:PBXBuildFile,settings:COMPILER_FLAGS:|,,,displayName:rnsvgJSI-generated.cpp,fileRef:displayName:|,includeInIndex:|,isa:|,lastKnownFileType:|,path:|,sourceTree:|,,isa:PBXBuildFile,settings:COMPILER_FLAGS:|,,,displayName:RNVectorIconsSpec-generated.mm,fileRef:displayName:|,includeInIndex:|,isa:|,path:|,sourceTree:|,,isa:PBXBuildFile,settings:COMPILER_FLAGS:|,,,displayName:RNVectorIconsSpecJSI-generated.cpp,fileRef:displayName:|,includeInIndex:|,isa:|,lastKnownFileType:|,path:|,sourceTree:|,,isa:PBXBuildFile,settings:COMPILER_FLAGS:|,,,displayName:safeareacontext-generated.mm,fileRef:displayName:|,includeInIndex:|,isa:|,path:|,sourceTree:|,,isa:PBXBuildFile,settings:COMPILER_FLAGS:|,,,displayName:safeareacontextJSI-generated.cpp,fileRef:displayName:|,includeInIndex:|,isa:|,lastKnownFileType:|,path:|,sourceTree:|,,isa:PBXBuildFile,settings:COMPILER_FLAGS:|,,,displayName:React-Codegen-dummy.m,fileRef:displayName:|,includeInIndex:|,isa:|,lastKnownFileType:|,path:|,sourceTree:|,,isa:PBXBuildFile,,isa:PBXSourcesBuildPhase,runOnlyForDeploymentPostprocessing:0,/files/displayName:Props.cpp,fileRef:displayName:Props.cpp,includeInIndex:1,isa:PBXFileReference,lastKnownFileType:sourcecode.cpp.cpp,path:Props.cpp,sourceTree:<group>,,isa:PBXBuildFile,settings:COMPILER_FLAGS:-DFOLLY_NO_CONFIG -DFOLLY_MOBILE=1 -DFOLLY_USE_LIBCPP=1 -DFOLLY_CFG_NO_COROUTINES=1 -DFOLLY_HAVE_CLOCK_GETTIME=1 -Wno-comma -Wno-shorten-64-to-32 -Wno-documentation -Wno-nullability-completeness -std=c++20,,
PBXBuildFile -- Pods.xcodeproj/targets/buildConfigurationList:buildConfigurations:baseConfigurationReference:|,buildSettings:|,displayName:|,isa:|,name:|,,baseConfigurationReference:|,buildSettings:|,displayName:|,isa:|,name:|,,defaultConfigurationIsVisible:0,defaultConfigurationName:Release,displayName:ConfigurationList,isa:XCConfigurationList,,buildPhases:buildActionMask:2147483647,displayName:Headers,files:|,|,|,|,|,|,|,|,|,|,|,|,|,|,|,|,|,|,|,|,|,|,|,|,|,|,|,|,isa:PBXHeadersBuildPhase,runOnlyForDeploymentPostprocessing:0,,buildActionMask:2147483647,displayName:Sources,files:|,|,|,|,|,|,|,|,|,|,|,|,|,|,|,|,|,|,|,|,|,|,|,isa:PBXSourcesBuildPhase,runOnlyForDeploymentPostprocessing:0,,buildActionMask:2147483647,displayName:Frameworks,files:|,isa:PBXFrameworksBuildPhase,runOnlyForDeploymentPostprocessing:0,,buildActionMask:2147483647,displayName:Resources,files:,isa:PBXResourcesBuildPhase,runOnlyForDeploymentPostprocessing:0,,buildRules:,dependencies:displayName:React-Core,isa:PBXTargetDependency,targetProxy:containerPortal:|,displayName:|,isa:|,proxyType:|,remoteGlobalIDString:|,remoteInfo:|,,,displayName:RCT-Folly,isa:PBXTargetDependency,targetProxy:containerPortal:|,displayName:|,isa:|,proxyType:|,remoteGlobalIDString:|,remoteInfo:|,,,displayName:glog,isa:PBXTargetDependency,targetProxy:containerPortal:|,displayName:|,isa:|,proxyType:|,remoteGlobalIDString:|,remoteInfo:|,,,displayName:React-RCTFabric,isa:PBXTargetDependency,targetProxy:containerPortal:|,displayName:|,isa:|,proxyType:|,remoteGlobalIDString:|,remoteInfo:|,,,displayName:React-Codegen,isa:PBXTargetDependency,targetProxy:containerPortal:|,displayName:|,isa:|,proxyType:|,remoteGlobalIDString:|,remoteInfo:|,,,displayName:RCTRequired,isa:PBXTargetDependency,targetProxy:containerPortal:|,displayName:|,isa:|,proxyType:|,remoteGlobalIDString:|,remoteInfo:|,,,displayName:RCTTypeSafety,isa:PBXTargetDependency,targetProxy:containerPortal:|,displayName:|,isa:|,proxyType:|,remoteGlobalIDString:|,remoteInfo:|,,,displayName:ReactCommon,isa:PBXTargetDependency,targetProxy:containerPortal:|,displayName:|,isa:|,proxyType:|,remoteGlobalIDString:|,remoteInfo:|,,,displayName:React-NativeModulesApple,isa:PBXTargetDependency,targetProxy:containerPortal:|,displayName:|,isa:|,proxyType:|,remoteGlobalIDString:|,remoteInfo:|,,,displayName:Yoga,isa:PBXTargetDependency,targetProxy:containerPortal:|,displayName:|,isa:|,proxyType:|,remoteGlobalIDString:|,remoteInfo:|,,,displayName:React-Fabric,isa:PBXTargetDependency,targetProxy:containerPortal:|,displayName:|,isa:|,proxyType:|,remoteGlobalIDString:|,remoteInfo:|,,,displayName:React-graphics,isa:PBXTargetDependency,targetProxy:containerPortal:|,displayName:|,isa:|,proxyType:|,remoteGlobalIDString:|,remoteInfo:|,,,displayName:React-utils,isa:PBXTargetDependency,targetProxy:containerPortal:|,displayName:|,isa:|,proxyType:|,remoteGlobalIDString:|,remoteInfo:|,,,displayName:React-featureflags,isa:PBXTargetDependency,targetProxy:containerPortal:|,displayName:|,isa:|,proxyType:|,remoteGlobalIDString:|,remoteInfo:|,,,displayName:React-debug,isa:PBXTargetDependency,targetProxy:containerPortal:|,displayName:|,isa:|,proxyType:|,remoteGlobalIDString:|,remoteInfo:|,,,displayName:React-ImageManager,isa:PBXTargetDependency,targetProxy:containerPortal:|,displayName:|,isa:|,proxyType:|,remoteGlobalIDString:|,remoteInfo:|,,,displayName:React-rendererdebug,isa:PBXTargetDependency,targetProxy:containerPortal:|,displayName:|,isa:|,proxyType:|,remoteGlobalIDString:|,remoteInfo:|,,,displayName:DoubleConversion,isa:PBXTargetDependency,targetProxy:containerPortal:|,displayName:|,isa:|,proxyType:|,remoteGlobalIDString:|,remoteInfo:|,,,displayName:React-jsi,isa:PBXTargetDependency,targetProxy:containerPortal:|,displayName:|,isa:|,proxyType:|,remoteGlobalIDString:|,remoteInfo:|,,,displayName:RNGestureHandler,fileSystemSynchronizedGroups:,isa:PBXNativeTarget,name:RNGestureHandler,packageProductDependencies:,productName:RNGestureHandler,productReference:displayName:RNGestureHandler,explicitFileType:wrapper.framework,includeInIndex:0,isa:PBXFileReference,name:RNGestureHandler,path:RNGestureHandler.framework,sourceTree:BUILT_PRODUCTS_DIR,,productType:com.apple.product-type.framework,/dependencies/displayName:React-RCTFabric,isa:PBXTargetDependency,targetProxy:containerPortal:46EB2E00000000,displayName:ContainerItemProxy,isa:PBXContainerItemProxy,proxyType:1,remoteGlobalIDString:46EB2E00020EA0,remoteInfo:React-RCTFabric,,/target/dependencies/displayName:React-RCTImage,isa:PBXTargetDependency,targetProxy:containerPortal:46EB2E00000000,displayName:ContainerItemProxy,isa:PBXContainerItemProxy,proxyType:1,remoteGlobalIDString:46EB2E000215E0,remoteInfo:React-RCTImage,,/target/dependencies/displayName:React-RCTNetwork,isa:PBXTargetDependency,targetProxy:containerPortal:46EB2E00000000,displayName:ContainerItemProxy,isa:PBXContainerItemProxy,proxyType:1,remoteGlobalIDString:46EB2E000219A0,remoteInfo:React-RCTNetwork,,/target/dependencies/displayName:React-Codegen,isa:PBXTargetDependency,targetProxy:containerPortal:46EB2E00000000,displayName:ContainerItemProxy,isa:PBXContainerItemProxy,proxyType:1,remoteGlobalIDString:46EB2E0001AAC0,remoteInfo:React-Codegen,,/target/buildPhases/buildActionMask:2147483647,displayName:Sources,files:displayName:FBReactNativeSpec-generated.mm,fileRef:displayName:|,includeInIndex:|,isa:|,path:|,sourceTree:|,,isa:PBXBuildFile,settings:COMPILER_FLAGS:|,,,displayName:FBReactNativeSpecJSI-generated.cpp,fileRef:displayName:|,includeInIndex:|,isa:|,lastKnownFileType:|,path:|,sourceTree:|,,isa:PBXBuildFile,settings:COMPILER_FLAGS:|,,,displayName:RCTModulesConformingToProtocolsProvider.mm,fileRef:displayName:|,includeInIndex:|,isa:|,path:|,sourceTree:|,,isa:PBXBuildFile,settings:COMPILER_FLAGS:|,,,displayName:ComponentDescriptors.cpp,fileRef:displayName:|,includeInIndex:|,isa:|,lastKnownFileType:|,path:|,sourceTree:|,,isa:PBXBuildFile,settings:COMPILER_FLAGS:|,,,displayName:EventEmitters.cpp,fileRef:displayName:|,includeInIndex:|,isa:|,lastKnownFileType:|,path:|,sourceTree:|,,isa:PBXBuildFile,settings:COMPILER_FLAGS:|,,,displayName:Props.cpp,fileRef:displayName:|,includeInIndex:|,isa:|,lastKnownFileType:|,path:|,sourceTree:|,,isa:PBXBuildFile,settings:COMPILER_FLAGS:|,,,displayName:ShadowNodes.cpp,fileRef:displayName:|,includeInIndex:|,isa:|,lastKnownFileType:|,path:|,sourceTree:|,,isa:PBXBuildFile,settings:COMPILER_FLAGS:|,,,displayName:States.cpp,fileRef:displayName:|,includeInIndex:|,isa:|,lastKnownFileType:|,path:|,sourceTree:|,,isa:PBXBuildFile,settings:COMPILER_FLAGS:|,,,displayName:ComponentDescriptors.cpp,fileRef:displayName:|,includeInIndex:|,isa:|,lastKnownFileType:|,path:|,sourceTree:|,,isa:PBXBuildFile,settings:COMPILER_FLAGS:|,,,displayName:EventEmitters.cpp,fileRef:displayName:|,includeInIndex:|,isa:|,lastKnownFileType:|,path:|,sourceTree:|,,isa:PBXBuildFile,settings:COMPILER_FLAGS:|,,,displayName:Props.cpp,fileRef:displayName:|,includeInIndex:|,isa:|,lastKnownFileType:|,path:|,sourceTree:|,,isa:PBXBuildFile,settings:COMPILER_FLAGS:|,,,displayName:ShadowNodes.cpp,fileRef:displayName:|,includeInIndex:|,isa:|,lastKnownFileType:|,path:|,sourceTree:|,,isa:PBXBuildFile,settings:COMPILER_FLAGS:|,,,displayName:States.cpp,fileRef:displayName:|,includeInIndex:|,isa:|,lastKnownFileType:|,path:|,sourceTree:|,,isa:PBXBuildFile,settings:COMPILER_FLAGS:|,,,displayName:ComponentDescriptors.cpp,fileRef:displayName:|,includeInIndex:|,isa:|,lastKnownFileType:|,path:|,sourceTree:|,,isa:PBXBuildFile,settings:COMPILER_FLAGS:|,,,displayName:EventEmitters.cpp,fileRef:displayName:|,includeInIndex:|,isa:|,lastKnownFileType:|,path:|,sourceTree:|,,isa:PBXBuildFile,settings:COMPILER_FLAGS:|,,,displayName:Props.cpp,fileRef:displayName:|,includeInIndex:|,isa:|,lastKnownFileType:|,path:|,sourceTree:|,,isa:PBXBuildFile,settings:COMPILER_FLAGS:|,,,displayName:ShadowNodes.cpp,fileRef:displayName:|,includeInIndex:|,isa:|,lastKnownFileType:|,path:|,sourceTree:|,,isa:PBXBuildFile,settings:COMPILER_FLAGS:|,,,displayName:States.cpp,fileRef:displayName:|,includeInIndex:|,isa:|,lastKnownFileType:|,path:|,sourceTree:|,,isa:PBXBuildFile,settings:COMPILER_FLAGS:|,,,displayName:ComponentDescriptors.cpp,fileRef:displayName:|,includeInIndex:|,isa:|,lastKnownFileType:|,path:|,sourceTree:|,,isa:PBXBuildFile,settings:COMPILER_FLAGS:|,,,displayName:EventEmitters.cpp,fileRef:displayName:|,includeInIndex:|,isa:|,lastKnownFileType:|,path:|,sourceTree:|,,isa:PBXBuildFile,settings:COMPILER_FLAGS:|,,,displayName:Props.cpp,fileRef:displayName:|,includeInIndex:|,isa:|,lastKnownFileType:|,path:|,sourceTree:|,,isa:PBXBuildFile,settings:COMPILER_FLAGS:|,,,displayName:ShadowNodes.cpp,fileRef:displayName:|,includeInIndex:|,isa:|,lastKnownFileType:|,path:|,sourceTree:|,,isa:PBXBuildFile,settings:COMPILER_FLAGS:|,,,displayName:States.cpp,fileRef:displayName:|,includeInIndex:|,isa:|,lastKnownFileType:|,path:|,sourceTree:|,,isa:PBXBuildFile,settings:COMPILER_FLAGS:|,,,displayName:ComponentDescriptors.cpp,fileRef:displayName:|,includeInIndex:|,isa:|,lastKnownFileType:|,path:|,sourceTree:|,,isa:PBXBuildFile,settings:COMPILER_FLAGS:|,,,displayName:EventEmitters.cpp,fileRef:displayName:|,includeInIndex:|,isa:|,lastKnownFileType:|,path:|,sourceTree:|,,isa:PBXBuildFile,settings:COMPILER_FLAGS:|,,,displayName:Props.cpp,fileRef:displayName:|,includeInIndex:|,isa:|,lastKnownFileType:|,path:|,sourceTree:|,,isa:PBXBuildFile,settings:COMPILER_FLAGS:|,,,displayName:ShadowNodes.cpp,fileRef:displayName:|,includeInIndex:|,isa:|,lastKnownFileType:|,path:|,sourceTree:|,,isa:PBXBuildFile,settings:COMPILER_FLAGS:|,,,displayName:States.cpp,fileRef:displayName:|,includeInIndex:|,isa:|,lastKnownFileType:|,path:|,sourceTree:|,,isa:PBXBuildFile,settings:COMPILER_FLAGS:|,,,displayName:ComponentDescriptors.cpp,fileRef:displayName:|,includeInIndex:|,isa:|,lastKnownFileType:|,path:|,sourceTree:|,,isa:PBXBuildFile,settings:COMPILER_FLAGS:|,,,displayName:EventEmitters.cpp,fileRef:displayName:|,includeInIndex:|,isa:|,lastKnownFileType:|,path:|,sourceTree:|,,isa:PBXBuildFile,settings:COMPILER_FLAGS:|,,,displayName:Props.cpp,fileRef:displayName:|,includeInIndex:|,isa:|,lastKnownFileType:|,path:|,sourceTree:|,,isa:PBXBuildFile,settings:COMPILER_FLAGS:|,,,displayName:ShadowNodes.cpp,fileRef:displayName:|,includeInIndex:|,isa:|,lastKnownFileType:|,path:|,sourceTree:|,,isa:PBXBuildFile,settings:COMPILER_FLAGS:|,,,displayName:States.cpp,fileRef:displayName:|,includeInIndex:|,isa:|,lastKnownFileType:|,path:|,sourceTree:|,,isa:PBXBuildFile,settings:COMPILER_FLAGS:|,,,displayName:rnasyncstorage-generated.mm,fileRef:displayName:|,includeInIndex:|,isa:|,path:|,sourceTree:|,,isa:PBXBuildFile,settings:COMPILER_FLAGS:|,,,displayName:rnasyncstorageJSI-generated.cpp,fileRef:displayName:|,includeInIndex:|,isa:|,lastKnownFileType:|,path:|,sourceTree:|,,isa:PBXBuildFile,settings:COMPILER_FLAGS:|,,,displayName:RNCConfigModule-generated.mm,fileRef:displayName:|,includeInIndex:|,isa:|,path:|,sourceTree:|,,isa:PBXBuildFile,settings:COMPILER_FLAGS:|,,,displayName:RNCConfigModuleJSI-generated.cpp,fileRef:displayName:|,includeInIndex:|,isa:|,lastKnownFileType:|,path:|,sourceTree:|,,isa:PBXBuildFile,settings:COMPILER_FLAGS:|,,,displayName:rnclipboard-generated.mm,fileRef:displayName:|,includeInIndex:|,isa:|,path:|,sourceTree:|,,isa:PBXBuildFile,settings:COMPILER_FLAGS:|,,,displayName:rnclipboardJSI-generated.cpp,fileRef:displayName:|,includeInIndex:|,isa:|,lastKnownFileType:|,path:|,sourceTree:|,,isa:PBXBuildFile,settings:COMPILER_FLAGS:|,,,displayName:rngesturehandler_codegen-generated.mm,fileRef:displayName:|,includeInIndex:|,isa:|,path:|,sourceTree:|,,isa:PBXBuildFile,settings:COMPILER_FLAGS:|,,,displayName:rngesturehandler_codegenJSI-generated.cpp,fileRef:displayName:|,includeInIndex:|,isa:|,lastKnownFileType:|,path:|,sourceTree:|,,isa:PBXBuildFile,settings:COMPILER_FLAGS:|,,,displayName:RNGoogleSignInCGen-generated.mm,fileRef:displayName:|,includeInIndex:|,isa:|,path:|,sourceTree:|,,isa:PBXBuildFile,settings:COMPILER_FLAGS:|,,,displayName:RNGoogleSignInCGenJSI-generated.cpp,fileRef:displayName:|,includeInIndex:|,isa:|,lastKnownFileType:|,path:|,sourceTree:|,,isa:PBXBuildFile,settings:COMPILER_FLAGS:|,,,displayName:RNImagePickerSpec-generated.mm,fileRef:displayName:|,includeInIndex:|,isa:|,path:|,sourceTree:|,,isa:PBXBuildFile,settings:COMPILER_FLAGS:|,,,displayName:RNImagePickerSpecJSI-generated.cpp,fileRef:displayName:|,includeInIndex:|,isa:|,lastKnownFileType:|,path:|,sourceTree:|,,isa:PBXBuildFile,settings:COMPILER_FLAGS:|,,,displayName:rnpermissions-generated.mm,fileRef:displayName:|,includeInIndex:|,isa:|,path:|,sourceTree:|,,isa:PBXBuildFile,settings:COMPILER_FLAGS:|,,,displayName:rnpermissionsJSI-generated.cpp,fileRef:displayName:|,includeInIndex:|,isa:|,lastKnownFileType:|,path:|,sourceTree:|,,isa:PBXBuildFile,settings:COMPILER_FLAGS:|,,,displayName:rnreanimated-generated.mm,fileRef:displayName:|,includeInIndex:|,isa:|,path:|,sourceTree:|,,isa:PBXBuildFile,settings:COMPILER_FLAGS:|,,,displayName:rnreanimatedJSI-generated.cpp,fileRef:displayName:|,includeInIndex:|,isa:|,lastKnownFileType:|,path:|,sourceTree:|,,isa:PBXBuildFile,settings:COMPILER_FLAGS:|,,,displayName:rnscreens-generated.mm,fileRef:displayName:|,includeInIndex:|,isa:|,path:|,sourceTree:|,,isa:PBXBuildFile,settings:COMPILER_FLAGS:|,,,displayName:rnscreensJSI-generated.cpp,fileRef:displayName:|,includeInIndex:|,isa:|,lastKnownFileType:|,path:|,sourceTree:|,,isa:PBXBuildFile,settings:COMPILER_FLAGS:|,,,displayName:rnsvg-generated.mm,fileRef:displayName:|,includeInIndex:|,isa:|,path:|,sourceTree:|,,isa:PBXBuildFile,settings:COMPILER_FLAGS:|,,,displayName:rnsvgJSI-generated.cpp,fileRef:displayName:|,includeInIndex:|,isa:|,lastKnownFileType:|,path:|,sourceTree:|,,isa:PBXBuildFile,settings:COMPILER_FLAGS:|,,,displayName:RNVectorIconsSpec-generated.mm,fileRef:displayName:|,includeInIndex:|,isa:|,path:|,sourceTree:|,,isa:PBXBuildFile,settings:COMPILER_FLAGS:|,,,displayName:RNVectorIconsSpecJSI-generated.cpp,fileRef:displayName:|,includeInIndex:|,isa:|,lastKnownFileType:|,path:|,sourceTree:|,,isa:PBXBuildFile,settings:COMPILER_FLAGS:|,,,displayName:safeareacontext-generated.mm,fileRef:displayName:|,includeInIndex:|,isa:|,path:|,sourceTree:|,,isa:PBXBuildFile,settings:COMPILER_FLAGS:|,,,displayName:safeareacontextJSI-generated.cpp,fileRef:displayName:|,includeInIndex:|,isa:|,lastKnownFileType:|,path:|,sourceTree:|,,isa:PBXBuildFile,settings:COMPILER_FLAGS:|,,,displayName:React-Codegen-dummy.m,fileRef:displayName:|,includeInIndex:|,isa:|,lastKnownFileType:|,path:|,sourceTree:|,,isa:PBXBuildFile,,isa:PBXSourcesBuildPhase,runOnlyForDeploymentPostprocessing:0,/files/displayName:ShadowNodes.cpp,fileRef:displayName:ShadowNodes.cpp,includeInIndex:1,isa:PBXFileReference,lastKnownFileType:sourcecode.cpp.cpp,path:ShadowNodes.cpp,sourceTree:<group>,,isa:PBXBuildFile,settings:COMPILER_FLAGS:-DFOLLY_NO_CONFIG -DFOLLY_MOBILE=1 -DFOLLY_USE_LIBCPP=1 -DFOLLY_CFG_NO_COROUTINES=1 -DFOLLY_HAVE_CLOCK_GETTIME=1 -Wno-comma -Wno-shorten-64-to-32 -Wno-documentation -Wno-nullability-completeness -std=c++20,,
PBXBuildFile -- Pods.xcodeproj/targets/buildConfigurationList:buildConfigurations:baseConfigurationReference:|,buildSettings:|,displayName:|,isa:|,name:|,,baseConfigurationReference:|,buildSettings:|,displayName:|,isa:|,name:|,,defaultConfigurationIsVisible:0,defaultConfigurationName:Release,displayName:ConfigurationList,isa:XCConfigurationList,,buildPhases:buildActionMask:2147483647,displayName:Headers,files:|,|,|,|,|,|,|,|,|,|,|,|,|,|,|,|,|,|,|,|,|,|,|,|,|,|,|,|,isa:PBXHeadersBuildPhase,runOnlyForDeploymentPostprocessing:0,,buildActionMask:2147483647,displayName:Sources,files:|,|,|,|,|,|,|,|,|,|,|,|,|,|,|,|,|,|,|,|,|,|,|,isa:PBXSourcesBuildPhase,runOnlyForDeploymentPostprocessing:0,,buildActionMask:2147483647,displayName:Frameworks,files:|,isa:PBXFrameworksBuildPhase,runOnlyForDeploymentPostprocessing:0,,buildActionMask:2147483647,displayName:Resources,files:,isa:PBXResourcesBuildPhase,runOnlyForDeploymentPostprocessing:0,,buildRules:,dependencies:displayName:React-Core,isa:PBXTargetDependency,targetProxy:containerPortal:|,displayName:|,isa:|,proxyType:|,remoteGlobalIDString:|,remoteInfo:|,,,displayName:RCT-Folly,isa:PBXTargetDependency,targetProxy:containerPortal:|,displayName:|,isa:|,proxyType:|,remoteGlobalIDString:|,remoteInfo:|,,,displayName:glog,isa:PBXTargetDependency,targetProxy:containerPortal:|,displayName:|,isa:|,proxyType:|,remoteGlobalIDString:|,remoteInfo:|,,,displayName:React-RCTFabric,isa:PBXTargetDependency,targetProxy:containerPortal:|,displayName:|,isa:|,proxyType:|,remoteGlobalIDString:|,remoteInfo:|,,,displayName:React-Codegen,isa:PBXTargetDependency,targetProxy:containerPortal:|,displayName:|,isa:|,proxyType:|,remoteGlobalIDString:|,remoteInfo:|,,,displayName:RCTRequired,isa:PBXTargetDependency,targetProxy:containerPortal:|,displayName:|,isa:|,proxyType:|,remoteGlobalIDString:|,remoteInfo:|,,,displayName:RCTTypeSafety,isa:PBXTargetDependency,targetProxy:containerPortal:|,displayName:|,isa:|,proxyType:|,remoteGlobalIDString:|,remoteInfo:|,,,displayName:ReactCommon,isa:PBXTargetDependency,targetProxy:containerPortal:|,displayName:|,isa:|,proxyType:|,remoteGlobalIDString:|,remoteInfo:|,,,displayName:React-NativeModulesApple,isa:PBXTargetDependency,targetProxy:containerPortal:|,displayName:|,isa:|,proxyType:|,remoteGlobalIDString:|,remoteInfo:|,,,displayName:Yoga,isa:PBXTargetDependency,targetProxy:containerPortal:|,displayName:|,isa:|,proxyType:|,remoteGlobalIDString:|,remoteInfo:|,,,displayName:React-Fabric,isa:PBXTargetDependency,targetProxy:containerPortal:|,displayName:|,isa:|,proxyType:|,remoteGlobalIDString:|,remoteInfo:|,,,displayName:React-graphics,isa:PBXTargetDependency,targetProxy:containerPortal:|,displayName:|,isa:|,proxyType:|,remoteGlobalIDString:|,remoteInfo:|,,,displayName:React-utils,isa:PBXTargetDependency,targetProxy:containerPortal:|,displayName:|,isa:|,proxyType:|,remoteGlobalIDString:|,remoteInfo:|,,,displayName:React-featureflags,isa:PBXTargetDependency,targetProxy:containerPortal:|,displayName:|,isa:|,proxyType:|,remoteGlobalIDString:|,remoteInfo:|,,,displayName:React-debug,isa:PBXTargetDependency,targetProxy:containerPortal:|,displayName:|,isa:|,proxyType:|,remoteGlobalIDString:|,remoteInfo:|,,,displayName:React-ImageManager,isa:PBXTargetDependency,targetProxy:containerPortal:|,displayName:|,isa:|,proxyType:|,remoteGlobalIDString:|,remoteInfo:|,,,displayName:React-rendererdebug,isa:PBXTargetDependency,targetProxy:containerPortal:|,displayName:|,isa:|,proxyType:|,remoteGlobalIDString:|,remoteInfo:|,,,displayName:DoubleConversion,isa:PBXTargetDependency,targetProxy:containerPortal:|,displayName:|,isa:|,proxyType:|,remoteGlobalIDString:|,remoteInfo:|,,,displayName:React-jsi,isa:PBXTargetDependency,targetProxy:containerPortal:|,displayName:|,isa:|,proxyType:|,remoteGlobalIDString:|,remoteInfo:|,,,displayName:RNGestureHandler,fileSystemSynchronizedGroups:,isa:PBXNativeTarget,name:RNGestureHandler,packageProductDependencies:,productName:RNGestureHandler,productReference:displayName:RNGestureHandler,explicitFileType:wrapper.framework,includeInIndex:0,isa:PBXFileReference,name:RNGestureHandler,path:RNGestureHandler.framework,sourceTree:BUILT_PRODUCTS_DIR,,productType:com.apple.product-type.framework,/dependencies/displayName:React-RCTFabric,isa:PBXTargetDependency,targetProxy:containerPortal:46EB2E00000000,displayName:ContainerItemProxy,isa:PBXContainerItemProxy,proxyType:1,remoteGlobalIDString:46EB2E00020EA0,remoteInfo:React-RCTFabric,,/target/dependencies/displayName:React-RCTImage,isa:PBXTargetDependency,targetProxy:containerPortal:46EB2E00000000,displayName:ContainerItemProxy,isa:PBXContainerItemProxy,proxyType:1,remoteGlobalIDString:46EB2E000215E0,remoteInfo:React-RCTImage,,/target/dependencies/displayName:React-RCTNetwork,isa:PBXTargetDependency,targetProxy:containerPortal:46EB2E00000000,displayName:ContainerItemProxy,isa:PBXContainerItemProxy,proxyType:1,remoteGlobalIDString:46EB2E000219A0,remoteInfo:React-RCTNetwork,,/target/dependencies/displayName:React-Codegen,isa:PBXTargetDependency,targetProxy:containerPortal:46EB2E00000000,displayName:ContainerItemProxy,isa:PBXContainerItemProxy,proxyType:1,remoteGlobalIDString:46EB2E0001AAC0,remoteInfo:React-Codegen,,/target/buildPhases/buildActionMask:2147483647,displayName:Sources,files:displayName:FBReactNativeSpec-generated.mm,fileRef:displayName:|,includeInIndex:|,isa:|,path:|,sourceTree:|,,isa:PBXBuildFile,settings:COMPILER_FLAGS:|,,,displayName:FBReactNativeSpecJSI-generated.cpp,fileRef:displayName:|,includeInIndex:|,isa:|,lastKnownFileType:|,path:|,sourceTree:|,,isa:PBXBuildFile,settings:COMPILER_FLAGS:|,,,displayName:RCTModulesConformingToProtocolsProvider.mm,fileRef:displayName:|,includeInIndex:|,isa:|,path:|,sourceTree:|,,isa:PBXBuildFile,settings:COMPILER_FLAGS:|,,,displayName:ComponentDescriptors.cpp,fileRef:displayName:|,includeInIndex:|,isa:|,lastKnownFileType:|,path:|,sourceTree:|,,isa:PBXBuildFile,settings:COMPILER_FLAGS:|,,,displayName:EventEmitters.cpp,fileRef:displayName:|,includeInIndex:|,isa:|,lastKnownFileType:|,path:|,sourceTree:|,,isa:PBXBuildFile,settings:COMPILER_FLAGS:|,,,displayName:Props.cpp,fileRef:displayName:|,includeInIndex:|,isa:|,lastKnownFileType:|,path:|,sourceTree:|,,isa:PBXBuildFile,settings:COMPILER_FLAGS:|,,,displayName:ShadowNodes.cpp,fileRef:displayName:|,includeInIndex:|,isa:|,lastKnownFileType:|,path:|,sourceTree:|,,isa:PBXBuildFile,settings:COMPILER_FLAGS:|,,,displayName:States.cpp,fileRef:displayName:|,includeInIndex:|,isa:|,lastKnownFileType:|,path:|,sourceTree:|,,isa:PBXBuildFile,settings:COMPILER_FLAGS:|,,,displayName:ComponentDescriptors.cpp,fileRef:displayName:|,includeInIndex:|,isa:|,lastKnownFileType:|,path:|,sourceTree:|,,isa:PBXBuildFile,settings:COMPILER_FLAGS:|,,,displayName:EventEmitters.cpp,fileRef:displayName:|,includeInIndex:|,isa:|,lastKnownFileType:|,path:|,sourceTree:|,,isa:PBXBuildFile,settings:COMPILER_FLAGS:|,,,displayName:Props.cpp,fileRef:displayName:|,includeInIndex:|,isa:|,lastKnownFileType:|,path:|,sourceTree:|,,isa:PBXBuildFile,settings:COMPILER_FLAGS:|,,,displayName:ShadowNodes.cpp,fileRef:displayName:|,includeInIndex:|,isa:|,lastKnownFileType:|,path:|,sourceTree:|,,isa:PBXBuildFile,settings:COMPILER_FLAGS:|,,,displayName:States.cpp,fileRef:displayName:|,includeInIndex:|,isa:|,lastKnownFileType:|,path:|,sourceTree:|,,isa:PBXBuildFile,settings:COMPILER_FLAGS:|,,,displayName:ComponentDescriptors.cpp,fileRef:displayName:|,includeInIndex:|,isa:|,lastKnownFileType:|,path:|,sourceTree:|,,isa:PBXBuildFile,settings:COMPILER_FLAGS:|,,,displayName:EventEmitters.cpp,fileRef:displayName:|,includeInIndex:|,isa:|,lastKnownFileType:|,path:|,sourceTree:|,,isa:PBXBuildFile,settings:COMPILER_FLAGS:|,,,displayName:Props.cpp,fileRef:displayName:|,includeInIndex:|,isa:|,lastKnownFileType:|,path:|,sourceTree:|,,isa:PBXBuildFile,settings:COMPILER_FLAGS:|,,,displayName:ShadowNodes.cpp,fileRef:displayName:|,includeInIndex:|,isa:|,lastKnownFileType:|,path:|,sourceTree:|,,isa:PBXBuildFile,settings:COMPILER_FLAGS:|,,,displayName:States.cpp,fileRef:displayName:|,includeInIndex:|,isa:|,lastKnownFileType:|,path:|,sourceTree:|,,isa:PBXBuildFile,settings:COMPILER_FLAGS:|,,,displayName:ComponentDescriptors.cpp,fileRef:displayName:|,includeInIndex:|,isa:|,lastKnownFileType:|,path:|,sourceTree:|,,isa:PBXBuildFile,settings:COMPILER_FLAGS:|,,,displayName:EventEmitters.cpp,fileRef:displayName:|,includeInIndex:|,isa:|,lastKnownFileType:|,path:|,sourceTree:|,,isa:PBXBuildFile,settings:COMPILER_FLAGS:|,,,displayName:Props.cpp,fileRef:displayName:|,includeInIndex:|,isa:|,lastKnownFileType:|,path:|,sourceTree:|,,isa:PBXBuildFile,settings:COMPILER_FLAGS:|,,,displayName:ShadowNodes.cpp,fileRef:displayName:|,includeInIndex:|,isa:|,lastKnownFileType:|,path:|,sourceTree:|,,isa:PBXBuildFile,settings:COMPILER_FLAGS:|,,,displayName:States.cpp,fileRef:displayName:|,includeInIndex:|,isa:|,lastKnownFileType:|,path:|,sourceTree:|,,isa:PBXBuildFile,settings:COMPILER_FLAGS:|,,,displayName:ComponentDescriptors.cpp,fileRef:displayName:|,includeInIndex:|,isa:|,lastKnownFileType:|,path:|,sourceTree:|,,isa:PBXBuildFile,settings:COMPILER_FLAGS:|,,,displayName:EventEmitters.cpp,fileRef:displayName:|,includeInIndex:|,isa:|,lastKnownFileType:|,path:|,sourceTree:|,,isa:PBXBuildFile,settings:COMPILER_FLAGS:|,,,displayName:Props.cpp,fileRef:displayName:|,includeInIndex:|,isa:|,lastKnownFileType:|,path:|,sourceTree:|,,isa:PBXBuildFile,settings:COMPILER_FLAGS:|,,,displayName:ShadowNodes.cpp,fileRef:displayName:|,includeInIndex:|,isa:|,lastKnownFileType:|,path:|,sourceTree:|,,isa:PBXBuildFile,settings:COMPILER_FLAGS:|,,,displayName:States.cpp,fileRef:displayName:|,includeInIndex:|,isa:|,lastKnownFileType:|,path:|,sourceTree:|,,isa:PBXBuildFile,settings:COMPILER_FLAGS:|,,,displayName:ComponentDescriptors.cpp,fileRef:displayName:|,includeInIndex:|,isa:|,lastKnownFileType:|,path:|,sourceTree:|,,isa:PBXBuildFile,settings:COMPILER_FLAGS:|,,,displayName:EventEmitters.cpp,fileRef:displayName:|,includeInIndex:|,isa:|,lastKnownFileType:|,path:|,sourceTree:|,,isa:PBXBuildFile,settings:COMPILER_FLAGS:|,,,displayName:Props.cpp,fileRef:displayName:|,includeInIndex:|,isa:|,lastKnownFileType:|,path:|,sourceTree:|,,isa:PBXBuildFile,settings:COMPILER_FLAGS:|,,,displayName:ShadowNodes.cpp,fileRef:displayName:|,includeInIndex:|,isa:|,lastKnownFileType:|,path:|,sourceTree:|,,isa:PBXBuildFile,settings:COMPILER_FLAGS:|,,,displayName:States.cpp,fileRef:displayName:|,includeInIndex:|,isa:|,lastKnownFileType:|,path:|,sourceTree:|,,isa:PBXBuildFile,settings:COMPILER_FLAGS:|,,,displayName:rnasyncstorage-generated.mm,fileRef:displayName:|,includeInIndex:|,isa:|,path:|,sourceTree:|,,isa:PBXBuildFile,settings:COMPILER_FLAGS:|,,,displayName:rnasyncstorageJSI-generated.cpp,fileRef:displayName:|,includeInIndex:|,isa:|,lastKnownFileType:|,path:|,sourceTree:|,,isa:PBXBuildFile,settings:COMPILER_FLAGS:|,,,displayName:RNCConfigModule-generated.mm,fileRef:displayName:|,includeInIndex:|,isa:|,path:|,sourceTree:|,,isa:PBXBuildFile,settings:COMPILER_FLAGS:|,,,displayName:RNCConfigModuleJSI-generated.cpp,fileRef:displayName:|,includeInIndex:|,isa:|,lastKnownFileType:|,path:|,sourceTree:|,,isa:PBXBuildFile,settings:COMPILER_FLAGS:|,,,displayName:rnclipboard-generated.mm,fileRef:displayName:|,includeInIndex:|,isa:|,path:|,sourceTree:|,,isa:PBXBuildFile,settings:COMPILER_FLAGS:|,,,displayName:rnclipboardJSI-generated.cpp,fileRef:displayName:|,includeInIndex:|,isa:|,lastKnownFileType:|,path:|,sourceTree:|,,isa:PBXBuildFile,settings:COMPILER_FLAGS:|,,,displayName:rngesturehandler_codegen-generated.mm,fileRef:displayName:|,includeInIndex:|,isa:|,path:|,sourceTree:|,,isa:PBXBuildFile,settings:COMPILER_FLAGS:|,,,displayName:rngesturehandler_codegenJSI-generated.cpp,fileRef:displayName:|,includeInIndex:|,isa:|,lastKnownFileType:|,path:|,sourceTree:|,,isa:PBXBuildFile,settings:COMPILER_FLAGS:|,,,displayName:RNGoogleSignInCGen-generated.mm,fileRef:displayName:|,includeInIndex:|,isa:|,path:|,sourceTree:|,,isa:PBXBuildFile,settings:COMPILER_FLAGS:|,,,displayName:RNGoogleSignInCGenJSI-generated.cpp,fileRef:displayName:|,includeInIndex:|,isa:|,lastKnownFileType:|,path:|,sourceTree:|,,isa:PBXBuildFile,settings:COMPILER_FLAGS:|,,,displayName:RNImagePickerSpec-generated.mm,fileRef:displayName:|,includeInIndex:|,isa:|,path:|,sourceTree:|,,isa:PBXBuildFile,settings:COMPILER_FLAGS:|,,,displayName:RNImagePickerSpecJSI-generated.cpp,fileRef:displayName:|,includeInIndex:|,isa:|,lastKnownFileType:|,path:|,sourceTree:|,,isa:PBXBuildFile,settings:COMPILER_FLAGS:|,,,displayName:rnpermissions-generated.mm,fileRef:displayName:|,includeInIndex:|,isa:|,path:|,sourceTree:|,,isa:PBXBuildFile,settings:COMPILER_FLAGS:|,,,displayName:rnpermissionsJSI-generated.cpp,fileRef:displayName:|,includeInIndex:|,isa:|,lastKnownFileType:|,path:|,sourceTree:|,,isa:PBXBuildFile,settings:COMPILER_FLAGS:|,,,displayName:rnreanimated-generated.mm,fileRef:displayName:|,includeInIndex:|,isa:|,path:|,sourceTree:|,,isa:PBXBuildFile,settings:COMPILER_FLAGS:|,,,displayName:rnreanimatedJSI-generated.cpp,fileRef:displayName:|,includeInIndex:|,isa:|,lastKnownFileType:|,path:|,sourceTree:|,,isa:PBXBuildFile,settings:COMPILER_FLAGS:|,,,displayName:rnscreens-generated.mm,fileRef:displayName:|,includeInIndex:|,isa:|,path:|,sourceTree:|,,isa:PBXBuildFile,settings:COMPILER_FLAGS:|,,,displayName:rnscreensJSI-generated.cpp,fileRef:displayName:|,includeInIndex:|,isa:|,lastKnownFileType:|,path:|,sourceTree:|,,isa:PBXBuildFile,settings:COMPILER_FLAGS:|,,,displayName:rnsvg-generated.mm,fileRef:displayName:|,includeInIndex:|,isa:|,path:|,sourceTree:|,,isa:PBXBuildFile,settings:COMPILER_FLAGS:|,,,displayName:rnsvgJSI-generated.cpp,fileRef:displayName:|,includeInIndex:|,isa:|,lastKnownFileType:|,path:|,sourceTree:|,,isa:PBXBuildFile,settings:COMPILER_FLAGS:|,,,displayName:RNVectorIconsSpec-generated.mm,fileRef:displayName:|,includeInIndex:|,isa:|,path:|,sourceTree:|,,isa:PBXBuildFile,settings:COMPILER_FLAGS:|,,,displayName:RNVectorIconsSpecJSI-generated.cpp,fileRef:displayName:|,includeInIndex:|,isa:|,lastKnownFileType:|,path:|,sourceTree:|,,isa:PBXBuildFile,settings:COMPILER_FLAGS:|,,,displayName:safeareacontext-generated.mm,fileRef:displayName:|,includeInIndex:|,isa:|,path:|,sourceTree:|,,isa:PBXBuildFile,settings:COMPILER_FLAGS:|,,,displayName:safeareacontextJSI-generated.cpp,fileRef:displayName:|,includeInIndex:|,isa:|,lastKnownFileType:|,path:|,sourceTree:|,,isa:PBXBuildFile,settings:COMPILER_FLAGS:|,,,displayName:React-Codegen-dummy.m,fileRef:displayName:|,includeInIndex:|,isa:|,lastKnownFileType:|,path:|,sourceTree:|,,isa:PBXBuildFile,,isa:PBXSourcesBuildPhase,runOnlyForDeploymentPostprocessing:0,/files/displayName:States.cpp,fileRef:displayName:States.cpp,includeInIndex:1,isa:PBXFileReference,lastKnownFileType:sourcecode.cpp.cpp,path:States.cpp,sourceTree:<group>,,isa:PBXBuildFile,settings:COMPILER_FLAGS:-DFOLLY_NO_CONFIG -DFOLLY_MOBILE=1 -DFOLLY_USE_LIBCPP=1 -DFOLLY_CFG_NO_COROUTINES=1 -DFOLLY_HAVE_CLOCK_GETTIME=1 -Wno-comma -Wno-shorten-64-to-32 -Wno-documentation -Wno-nullability-completeness -std=c++20,,
PBXBuildFile -- Pods.xcodeproj/targets/buildConfigurationList:buildConfigurations:baseConfigurationReference:|,buildSettings:|,displayName:|,isa:|,name:|,,baseConfigurationReference:|,buildSettings:|,displayName:|,isa:|,name:|,,defaultConfigurationIsVisible:0,defaultConfigurationName:Release,displayName:ConfigurationList,isa:XCConfigurationList,,buildPhases:buildActionMask:2147483647,displayName:Headers,files:|,|,|,|,|,|,|,|,|,|,|,|,|,|,|,|,|,|,|,|,|,|,|,|,|,|,|,|,isa:PBXHeadersBuildPhase,runOnlyForDeploymentPostprocessing:0,,buildActionMask:2147483647,displayName:Sources,files:|,|,|,|,|,|,|,|,|,|,|,|,|,|,|,|,|,|,|,|,|,|,|,isa:PBXSourcesBuildPhase,runOnlyForDeploymentPostprocessing:0,,buildActionMask:2147483647,displayName:Frameworks,files:|,isa:PBXFrameworksBuildPhase,runOnlyForDeploymentPostprocessing:0,,buildActionMask:2147483647,displayName:Resources,files:,isa:PBXResourcesBuildPhase,runOnlyForDeploymentPostprocessing:0,,buildRules:,dependencies:displayName:React-Core,isa:PBXTargetDependency,targetProxy:containerPortal:|,displayName:|,isa:|,proxyType:|,remoteGlobalIDString:|,remoteInfo:|,,,displayName:RCT-Folly,isa:PBXTargetDependency,targetProxy:containerPortal:|,displayName:|,isa:|,proxyType:|,remoteGlobalIDString:|,remoteInfo:|,,,displayName:glog,isa:PBXTargetDependency,targetProxy:containerPortal:|,displayName:|,isa:|,proxyType:|,remoteGlobalIDString:|,remoteInfo:|,,,displayName:React-RCTFabric,isa:PBXTargetDependency,targetProxy:containerPortal:|,displayName:|,isa:|,proxyType:|,remoteGlobalIDString:|,remoteInfo:|,,,displayName:React-Codegen,isa:PBXTargetDependency,targetProxy:containerPortal:|,displayName:|,isa:|,proxyType:|,remoteGlobalIDString:|,remoteInfo:|,,,displayName:RCTRequired,isa:PBXTargetDependency,targetProxy:containerPortal:|,displayName:|,isa:|,proxyType:|,remoteGlobalIDString:|,remoteInfo:|,,,displayName:RCTTypeSafety,isa:PBXTargetDependency,targetProxy:containerPortal:|,displayName:|,isa:|,proxyType:|,remoteGlobalIDString:|,remoteInfo:|,,,displayName:ReactCommon,isa:PBXTargetDependency,targetProxy:containerPortal:|,displayName:|,isa:|,proxyType:|,remoteGlobalIDString:|,remoteInfo:|,,,displayName:React-NativeModulesApple,isa:PBXTargetDependency,targetProxy:containerPortal:|,displayName:|,isa:|,proxyType:|,remoteGlobalIDString:|,remoteInfo:|,,,displayName:Yoga,isa:PBXTargetDependency,targetProxy:containerPortal:|,displayName:|,isa:|,proxyType:|,remoteGlobalIDString:|,remoteInfo:|,,,displayName:React-Fabric,isa:PBXTargetDependency,targetProxy:containerPortal:|,displayName:|,isa:|,proxyType:|,remoteGlobalIDString:|,remoteInfo:|,,,displayName:React-graphics,isa:PBXTargetDependency,targetProxy:containerPortal:|,displayName:|,isa:|,proxyType:|,remoteGlobalIDString:|,remoteInfo:|,,,displayName:React-utils,isa:PBXTargetDependency,targetProxy:containerPortal:|,displayName:|,isa:|,proxyType:|,remoteGlobalIDString:|,remoteInfo:|,,,displayName:React-featureflags,isa:PBXTargetDependency,targetProxy:containerPortal:|,displayName:|,isa:|,proxyType:|,remoteGlobalIDString:|,remoteInfo:|,,,displayName:React-debug,isa:PBXTargetDependency,targetProxy:containerPortal:|,displayName:|,isa:|,proxyType:|,remoteGlobalIDString:|,remoteInfo:|,,,displayName:React-ImageManager,isa:PBXTargetDependency,targetProxy:containerPortal:|,displayName:|,isa:|,proxyType:|,remoteGlobalIDString:|,remoteInfo:|,,,displayName:React-rendererdebug,isa:PBXTargetDependency,targetProxy:containerPortal:|,displayName:|,isa:|,proxyType:|,remoteGlobalIDString:|,remoteInfo:|,,,displayName:DoubleConversion,isa:PBXTargetDependency,targetProxy:containerPortal:|,displayName:|,isa:|,proxyType:|,remoteGlobalIDString:|,remoteInfo:|,,,displayName:React-jsi,isa:PBXTargetDependency,targetProxy:containerPortal:|,displayName:|,isa:|,proxyType:|,remoteGlobalIDString:|,remoteInfo:|,,,displayName:RNGestureHandler,fileSystemSynchronizedGroups:,isa:PBXNativeTarget,name:RNGestureHandler,packageProductDependencies:,productName:RNGestureHandler,productReference:displayName:RNGestureHandler,explicitFileType:wrapper.framework,includeInIndex:0,isa:PBXFileReference,name:RNGestureHandler,path:RNGestureHandler.framework,sourceTree:BUILT_PRODUCTS_DIR,,productType:com.apple.product-type.framework,/dependencies/displayName:React-RCTFabric,isa:PBXTargetDependency,targetProxy:containerPortal:46EB2E00000000,displayName:ContainerItemProxy,isa:PBXContainerItemProxy,proxyType:1,remoteGlobalIDString:46EB2E00020EA0,remoteInfo:React-RCTFabric,,/target/dependencies/displayName:React-RCTImage,isa:PBXTargetDependency,targetProxy:containerPortal:46EB2E00000000,displayName:ContainerItemProxy,isa:PBXContainerItemProxy,proxyType:1,remoteGlobalIDString:46EB2E000215E0,remoteInfo:React-RCTImage,,/target/dependencies/displayName:React-RCTNetwork,isa:PBXTargetDependency,targetProxy:containerPortal:46EB2E00000000,displayName:ContainerItemProxy,isa:PBXContainerItemProxy,proxyType:1,remoteGlobalIDString:46EB2E000219A0,remoteInfo:React-RCTNetwork,,/target/dependencies/displayName:React-Codegen,isa:PBXTargetDependency,targetProxy:containerPortal:46EB2E00000000,displayName:ContainerItemProxy,isa:PBXContainerItemProxy,proxyType:1,remoteGlobalIDString:46EB2E0001AAC0,remoteInfo:React-Codegen,,/target/buildPhases/buildActionMask:2147483647,displayName:Headers,files:displayName:FBReactNativeSpec.h,fileRef:displayName:|,includeInIndex:|,isa:|,lastKnownFileType:|,path:|,sourceTree:|,,isa:PBXBuildFile,,displayName:FBReactNativeSpecJSI.h,fileRef:displayName:|,includeInIndex:|,isa:|,lastKnownFileType:|,path:|,sourceTree:|,,isa:PBXBuildFile,,displayName:RCTModulesConformingToProtocolsProvider.h,fileRef:displayName:|,includeInIndex:|,isa:|,lastKnownFileType:|,path:|,sourceTree:|,,isa:PBXBuildFile,,displayName:ComponentDescriptors.h,fileRef:displayName:|,includeInIndex:|,isa:|,lastKnownFileType:|,path:|,sourceTree:|,,isa:PBXBuildFile,,displayName:EventEmitters.h,fileRef:displayName:|,includeInIndex:|,isa:|,lastKnownFileType:|,path:|,sourceTree:|,,isa:PBXBuildFile,,displayName:Props.h,fileRef:displayName:|,includeInIndex:|,isa:|,lastKnownFileType:|,path:|,sourceTree:|,,isa:PBXBuildFile,,displayName:RCTComponentViewHelpers.h,fileRef:displayName:|,includeInIndex:|,isa:|,lastKnownFileType:|,path:|,sourceTree:|,,isa:PBXBuildFile,,displayName:ShadowNodes.h,fileRef:displayName:|,includeInIndex:|,isa:|,lastKnownFileType:|,path:|,sourceTree:|,,isa:PBXBuildFile,,displayName:States.h,fileRef:displayName:|,includeInIndex:|,isa:|,lastKnownFileType:|,path:|,sourceTree:|,,isa:PBXBuildFile,,displayName:ComponentDescriptors.h,fileRef:displayName:|,includeInIndex:|,isa:|,lastKnownFileType:|,path:|,sourceTree:|,,isa:PBXBuildFile,,displayName:EventEmitters.h,fileRef:displayName:|,includeInIndex:|,isa:|,lastKnownFileType:|,path:|,sourceTree:|,,isa:PBXBuildFile,,displayName:Props.h,fileRef:displayName:|,includeInIndex:|,isa:|,lastKnownFileType:|,path:|,sourceTree:|,,isa:PBXBuildFile,,displayName:RCTComponentViewHelpers.h,fileRef:displayName:|,includeInIndex:|,isa:|,lastKnownFileType:|,path:|,sourceTree:|,,isa:PBXBuildFile,,displayName:ShadowNodes.h,fileRef:displayName:|,includeInIndex:|,isa:|,lastKnownFileType:|,path:|,sourceTree:|,,isa:PBXBuildFile,,displayName:States.h,fileRef:displayName:|,includeInIndex:|,isa:|,lastKnownFileType:|,path:|,sourceTree:|,,isa:PBXBuildFile,,displayName:ComponentDescriptors.h,fileRef:displayName:|,includeInIndex:|,isa:|,lastKnownFileType:|,path:|,sourceTree:|,,isa:PBXBuildFile,,displayName:EventEmitters.h,fileRef:displayName:|,includeInIndex:|,isa:|,lastKnownFileType:|,path:|,sourceTree:|,,isa:PBXBuildFile,,displayName:Props.h,fileRef:displayName:|,includeInIndex:|,isa:|,lastKnownFileType:|,path:|,sourceTree:|,,isa:PBXBuildFile,,displayName:RCTComponentViewHelpers.h,fileRef:displayName:|,includeInIndex:|,isa:|,lastKnownFileType:|,path:|,sourceTree:|,,isa:PBXBuildFile,,displayName:ShadowNodes.h,fileRef:displayName:|,includeInIndex:|,isa:|,lastKnownFileType:|,path:|,sourceTree:|,,isa:PBXBuildFile,,displayName:States.h,fileRef:displayName:|,includeInIndex:|,isa:|,lastKnownFileType:|,path:|,sourceTree:|,,isa:PBXBuildFile,,displayName:ComponentDescriptors.h,fileRef:displayName:|,includeInIndex:|,isa:|,lastKnownFileType:|,path:|,sourceTree:|,,isa:PBXBuildFile,,displayName:EventEmitters.h,fileRef:displayName:|,includeInIndex:|,isa:|,lastKnownFileType:|,path:|,sourceTree:|,,isa:PBXBuildFile,,displayName:Props.h,fileRef:displayName:|,includeInIndex:|,isa:|,lastKnownFileType:|,path:|,sourceTree:|,,isa:PBXBuildFile,,displayName:RCTComponentViewHelpers.h,fileRef:displayName:|,includeInIndex:|,isa:|,lastKnownFileType:|,path:|,sourceTree:|,,isa:PBXBuildFile,,displayName:ShadowNodes.h,fileRef:displayName:|,includeInIndex:|,isa:|,lastKnownFileType:|,path:|,sourceTree:|,,isa:PBXBuildFile,,displayName:States.h,fileRef:displayName:|,includeInIndex:|,isa:|,lastKnownFileType:|,path:|,sourceTree:|,,isa:PBXBuildFile,,displayName:ComponentDescriptors.h,fileRef:displayName:|,includeInIndex:|,isa:|,lastKnownFileType:|,path:|,sourceTree:|,,isa:PBXBuildFile,,displayName:EventEmitters.h,fileRef:displayName:|,includeInIndex:|,isa:|,lastKnownFileType:|,path:|,sourceTree:|,,isa:PBXBuildFile,,displayName:Props.h,fileRef:displayName:|,includeInIndex:|,isa:|,lastKnownFileType:|,path:|,sourceTree:|,,isa:PBXBuildFile,,displayName:RCTComponentViewHelpers.h,fileRef:displayName:|,includeInIndex:|,isa:|,lastKnownFileType:|,path:|,sourceTree:|,,isa:PBXBuildFile,,displayName:ShadowNodes.h,fileRef:displayName:|,includeInIndex:|,isa:|,lastKnownFileType:|,path:|,sourceTree:|,,isa:PBXBuildFile,,displayName:States.h,fileRef:displayName:|,includeInIndex:|,isa:|,lastKnownFileType:|,path:|,sourceTree:|,,isa:PBXBuildFile,,displayName:ComponentDescriptors.h,fileRef:displayName:|,includeInIndex:|,isa:|,lastKnownFileType:|,path:|,sourceTree:|,,isa:PBXBuildFile,,displayName:EventEmitters.h,fileRef:displayName:|,includeInIndex:|,isa:|,lastKnownFileType:|,path:|,sourceTree:|,,isa:PBXBuildFile,,displayName:Props.h,fileRef:displayName:|,includeInIndex:|,isa:|,lastKnownFileType:|,path:|,sourceTree:|,,isa:PBXBuildFile,,displayName:RCTComponentViewHelpers.h,fileRef:displayName:|,includeInIndex:|,isa:|,lastKnownFileType:|,path:|,sourceTree:|,,isa:PBXBuildFile,,displayName:ShadowNodes.h,fileRef:displayName:|,includeInIndex:|,isa:|,lastKnownFileType:|,path:|,sourceTree:|,,isa:PBXBuildFile,,displayName:States.h,fileRef:displayName:|,includeInIndex:|,isa:|,lastKnownFileType:|,path:|,sourceTree:|,,isa:PBXBuildFile,,displayName:rnasyncstorage.h,fileRef:displayName:|,includeInIndex:|,isa:|,lastKnownFileType:|,path:|,sourceTree:|,,isa:PBXBuildFile,,displayName:rnasyncstorageJSI.h,fileRef:displayName:|,includeInIndex:|,isa:|,lastKnownFileType:|,path:|,sourceTree:|,,isa:PBXBuildFile,,displayName:RNCConfigModule.h,fileRef:displayName:|,includeInIndex:|,isa:|,lastKnownFileType:|,path:|,sourceTree:|,,isa:PBXBuildFile,,displayName:RNCConfigModuleJSI.h,fileRef:displayName:|,includeInIndex:|,isa:|,lastKnownFileType:|,path:|,sourceTree:|,,isa:PBXBuildFile,,displayName:rnclipboard.h,fileRef:displayName:|,includeInIndex:|,isa:|,lastKnownFileType:|,path:|,sourceTree:|,,isa:PBXBuildFile,,displayName:rnclipboardJSI.h,fileRef:displayName:|,includeInIndex:|,isa:|,lastKnownFileType:|,path:|,sourceTree:|,,isa:PBXBuildFile,,displayName:rngesturehandler_codegen.h,fileRef:displayName:|,includeInIndex:|,isa:|,lastKnownFileType:|,path:|,sourceTree:|,,isa:PBXBuildFile,,displayName:rngesturehandler_codegenJSI.h,fileRef:displayName:|,includeInIndex:|,isa:|,lastKnownFileType:|,path:|,sourceTree:|,,isa:PBXBuildFile,,displayName:RNGoogleSignInCGen.h,fileRef:displayName:|,includeInIndex:|,isa:|,lastKnownFileType:|,path:|,sourceTree:|,,isa:PBXBuildFile,,displayName:RNGoogleSignInCGenJSI.h,fileRef:displayName:|,includeInIndex:|,isa:|,lastKnownFileType:|,path:|,sourceTree:|,,isa:PBXBuildFile,,displayName:RNImagePickerSpec.h,fileRef:displayName:|,includeInIndex:|,isa:|,lastKnownFileType:|,path:|,sourceTree:|,,isa:PBXBuildFile,,displayName:RNImagePickerSpecJSI.h,fileRef:displayName:|,includeInIndex:|,isa:|,lastKnownFileType:|,path:|,sourceTree:|,,isa:PBXBuildFile,,displayName:rnpermissions.h,fileRef:displayName:|,includeInIndex:|,isa:|,lastKnownFileType:|,path:|,sourceTree:|,,isa:PBXBuildFile,,displayName:rnpermissionsJSI.h,fileRef:displayName:|,includeInIndex:|,isa:|,lastKnownFileType:|,path:|,sourceTree:|,,isa:PBXBuildFile,,displayName:rnreanimated.h,fileRef:displayName:|,includeInIndex:|,isa:|,lastKnownFileType:|,path:|,sourceTree:|,,isa:PBXBuildFile,,displayName:rnreanimatedJSI.h,fileRef:displayName:|,includeInIndex:|,isa:|,lastKnownFileType:|,path:|,sourceTree:|,,isa:PBXBuildFile,,displayName:rnscreens.h,fileRef:displayName:|,includeInIndex:|,isa:|,lastKnownFileType:|,path:|,sourceTree:|,,isa:PBXBuildFile,,displayName:rnscreensJSI.h,fileRef:displayName:|,includeInIndex:|,isa:|,lastKnownFileType:|,path:|,sourceTree:|,,isa:PBXBuildFile,,displayName:rnsvg.h,fileRef:displayName:|,includeInIndex:|,isa:|,lastKnownFileType:|,path:|,sourceTree:|,,isa:PBXBuildFile,,displayName:rnsvgJSI.h,fileRef:displayName:|,includeInIndex:|,isa:|,lastKnownFileType:|,path:|,sourceTree:|,,isa:PBXBuildFile,,displayName:RNVectorIconsSpec.h,fileRef:displayName:|,includeInIndex:|,isa:|,lastKnownFileType:|,path:|,sourceTree:|,,isa:PBXBuildFile,,displayName:RNVectorIconsSpecJSI.h,fileRef:displayName:|,includeInIndex:|,isa:|,lastKnownFileType:|,path:|,sourceTree:|,,isa:PBXBuildFile,,displayName:safeareacontext.h,fileRef:displayName:|,includeInIndex:|,isa:|,lastKnownFileType:|,path:|,sourceTree:|,,isa:PBXBuildFile,,displayName:safeareacontextJSI.h,fileRef:displayName:|,includeInIndex:|,isa:|,lastKnownFileType:|,path:|,sourceTree:|,,isa:PBXBuildFile,,displayName:React-Codegen-umbrella.h,fileRef:displayName:|,includeInIndex:|,isa:|,lastKnownFileType:|,path:|,sourceTree:|,,isa:PBXBuildFile,settings:ATTRIBUTES:|,,,isa:PBXHeadersBuildPhase,runOnlyForDeploymentPostprocessing:0,/files/displayName:ComponentDescriptors.h,fileRef:displayName:ComponentDescriptors.h,includeInIndex:1,isa:PBXFileReference,lastKnownFileType:sourcecode.c.h,path:ComponentDescriptors.h,sourceTree:<group>,,isa:PBXBuildFile,
PBXBuildFile -- Pods.xcodeproj/targets/buildConfigurationList:buildConfigurations:baseConfigurationReference:|,buildSettings:|,displayName:|,isa:|,name:|,,baseConfigurationReference:|,buildSettings:|,displayName:|,isa:|,name:|,,defaultConfigurationIsVisible:0,defaultConfigurationName:Release,displayName:ConfigurationList,isa:XCConfigurationList,,buildPhases:buildActionMask:2147483647,displayName:Headers,files:|,|,|,|,|,|,|,|,|,|,|,|,|,|,|,|,|,|,|,|,|,|,|,|,|,|,|,|,isa:PBXHeadersBuildPhase,runOnlyForDeploymentPostprocessing:0,,buildActionMask:2147483647,displayName:Sources,files:|,|,|,|,|,|,|,|,|,|,|,|,|,|,|,|,|,|,|,|,|,|,|,isa:PBXSourcesBuildPhase,runOnlyForDeploymentPostprocessing:0,,buildActionMask:2147483647,displayName:Frameworks,files:|,isa:PBXFrameworksBuildPhase,runOnlyForDeploymentPostprocessing:0,,buildActionMask:2147483647,displayName:Resources,files:,isa:PBXResourcesBuildPhase,runOnlyForDeploymentPostprocessing:0,,buildRules:,dependencies:displayName:React-Core,isa:PBXTargetDependency,targetProxy:containerPortal:|,displayName:|,isa:|,proxyType:|,remoteGlobalIDString:|,remoteInfo:|,,,displayName:RCT-Folly,isa:PBXTargetDependency,targetProxy:containerPortal:|,displayName:|,isa:|,proxyType:|,remoteGlobalIDString:|,remoteInfo:|,,,displayName:glog,isa:PBXTargetDependency,targetProxy:containerPortal:|,displayName:|,isa:|,proxyType:|,remoteGlobalIDString:|,remoteInfo:|,,,displayName:React-RCTFabric,isa:PBXTargetDependency,targetProxy:containerPortal:|,displayName:|,isa:|,proxyType:|,remoteGlobalIDString:|,remoteInfo:|,,,displayName:React-Codegen,isa:PBXTargetDependency,targetProxy:containerPortal:|,displayName:|,isa:|,proxyType:|,remoteGlobalIDString:|,remoteInfo:|,,,displayName:RCTRequired,isa:PBXTargetDependency,targetProxy:containerPortal:|,displayName:|,isa:|,proxyType:|,remoteGlobalIDString:|,remoteInfo:|,,,displayName:RCTTypeSafety,isa:PBXTargetDependency,targetProxy:containerPortal:|,displayName:|,isa:|,proxyType:|,remoteGlobalIDString:|,remoteInfo:|,,,displayName:ReactCommon,isa:PBXTargetDependency,targetProxy:containerPortal:|,displayName:|,isa:|,proxyType:|,remoteGlobalIDString:|,remoteInfo:|,,,displayName:React-NativeModulesApple,isa:PBXTargetDependency,targetProxy:containerPortal:|,displayName:|,isa:|,proxyType:|,remoteGlobalIDString:|,remoteInfo:|,,,displayName:Yoga,isa:PBXTargetDependency,targetProxy:containerPortal:|,displayName:|,isa:|,proxyType:|,remoteGlobalIDString:|,remoteInfo:|,,,displayName:React-Fabric,isa:PBXTargetDependency,targetProxy:containerPortal:|,displayName:|,isa:|,proxyType:|,remoteGlobalIDString:|,remoteInfo:|,,,displayName:React-graphics,isa:PBXTargetDependency,targetProxy:containerPortal:|,displayName:|,isa:|,proxyType:|,remoteGlobalIDString:|,remoteInfo:|,,,displayName:React-utils,isa:PBXTargetDependency,targetProxy:containerPortal:|,displayName:|,isa:|,proxyType:|,remoteGlobalIDString:|,remoteInfo:|,,,displayName:React-featureflags,isa:PBXTargetDependency,targetProxy:containerPortal:|,displayName:|,isa:|,proxyType:|,remoteGlobalIDString:|,remoteInfo:|,,,displayName:React-debug,isa:PBXTargetDependency,targetProxy:containerPortal:|,displayName:|,isa:|,proxyType:|,remoteGlobalIDString:|,remoteInfo:|,,,displayName:React-ImageManager,isa:PBXTargetDependency,targetProxy:containerPortal:|,displayName:|,isa:|,proxyType:|,remoteGlobalIDString:|,remoteInfo:|,,,displayName:React-rendererdebug,isa:PBXTargetDependency,targetProxy:containerPortal:|,displayName:|,isa:|,proxyType:|,remoteGlobalIDString:|,remoteInfo:|,,,displayName:DoubleConversion,isa:PBXTargetDependency,targetProxy:containerPortal:|,displayName:|,isa:|,proxyType:|,remoteGlobalIDString:|,remoteInfo:|,,,displayName:React-jsi,isa:PBXTargetDependency,targetProxy:containerPortal:|,displayName:|,isa:|,proxyType:|,remoteGlobalIDString:|,remoteInfo:|,,,displayName:RNGestureHandler,fileSystemSynchronizedGroups:,isa:PBXNativeTarget,name:RNGestureHandler,packageProductDependencies:,productName:RNGestureHandler,productReference:displayName:RNGestureHandler,explicitFileType:wrapper.framework,includeInIndex:0,isa:PBXFileReference,name:RNGestureHandler,path:RNGestureHandler.framework,sourceTree:BUILT_PRODUCTS_DIR,,productType:com.apple.product-type.framework,/dependencies/displayName:React-RCTFabric,isa:PBXTargetDependency,targetProxy:containerPortal:46EB2E00000000,displayName:ContainerItemProxy,isa:PBXContainerItemProxy,proxyType:1,remoteGlobalIDString:46EB2E00020EA0,remoteInfo:React-RCTFabric,,/target/dependencies/displayName:React-RCTImage,isa:PBXTargetDependency,targetProxy:containerPortal:46EB2E00000000,displayName:ContainerItemProxy,isa:PBXContainerItemProxy,proxyType:1,remoteGlobalIDString:46EB2E000215E0,remoteInfo:React-RCTImage,,/target/dependencies/displayName:React-RCTNetwork,isa:PBXTargetDependency,targetProxy:containerPortal:46EB2E00000000,displayName:ContainerItemProxy,isa:PBXContainerItemProxy,proxyType:1,remoteGlobalIDString:46EB2E000219A0,remoteInfo:React-RCTNetwork,,/target/dependencies/displayName:React-Codegen,isa:PBXTargetDependency,targetProxy:containerPortal:46EB2E00000000,displayName:ContainerItemProxy,isa:PBXContainerItemProxy,proxyType:1,remoteGlobalIDString:46EB2E0001AAC0,remoteInfo:React-Codegen,,/target/buildPhases/buildActionMask:2147483647,displayName:Headers,files:displayName:FBReactNativeSpec.h,fileRef:displayName:|,includeInIndex:|,isa:|,lastKnownFileType:|,path:|,sourceTree:|,,isa:PBXBuildFile,,displayName:FBReactNativeSpecJSI.h,fileRef:displayName:|,includeInIndex:|,isa:|,lastKnownFileType:|,path:|,sourceTree:|,,isa:PBXBuildFile,,displayName:RCTModulesConformingToProtocolsProvider.h,fileRef:displayName:|,includeInIndex:|,isa:|,lastKnownFileType:|,path:|,sourceTree:|,,isa:PBXBuildFile,,displayName:ComponentDescriptors.h,fileRef:displayName:|,includeInIndex:|,isa:|,lastKnownFileType:|,path:|,sourceTree:|,,isa:PBXBuildFile,,displayName:EventEmitters.h,fileRef:displayName:|,includeInIndex:|,isa:|,lastKnownFileType:|,path:|,sourceTree:|,,isa:PBXBuildFile,,displayName:Props.h,fileRef:displayName:|,includeInIndex:|,isa:|,lastKnownFileType:|,path:|,sourceTree:|,,isa:PBXBuildFile,,displayName:RCTComponentViewHelpers.h,fileRef:displayName:|,includeInIndex:|,isa:|,lastKnownFileType:|,path:|,sourceTree:|,,isa:PBXBuildFile,,displayName:ShadowNodes.h,fileRef:displayName:|,includeInIndex:|,isa:|,lastKnownFileType:|,path:|,sourceTree:|,,isa:PBXBuildFile,,displayName:States.h,fileRef:displayName:|,includeInIndex:|,isa:|,lastKnownFileType:|,path:|,sourceTree:|,,isa:PBXBuildFile,,displayName:ComponentDescriptors.h,fileRef:displayName:|,includeInIndex:|,isa:|,lastKnownFileType:|,path:|,sourceTree:|,,isa:PBXBuildFile,,displayName:EventEmitters.h,fileRef:displayName:|,includeInIndex:|,isa:|,lastKnownFileType:|,path:|,sourceTree:|,,isa:PBXBuildFile,,displayName:Props.h,fileRef:displayName:|,includeInIndex:|,isa:|,lastKnownFileType:|,path:|,sourceTree:|,,isa:PBXBuildFile,,displayName:RCTComponentViewHelpers.h,fileRef:displayName:|,includeInIndex:|,isa:|,lastKnownFileType:|,path:|,sourceTree:|,,isa:PBXBuildFile,,displayName:ShadowNodes.h,fileRef:displayName:|,includeInIndex:|,isa:|,lastKnownFileType:|,path:|,sourceTree:|,,isa:PBXBuildFile,,displayName:States.h,fileRef:displayName:|,includeInIndex:|,isa:|,lastKnownFileType:|,path:|,sourceTree:|,,isa:PBXBuildFile,,displayName:ComponentDescriptors.h,fileRef:displayName:|,includeInIndex:|,isa:|,lastKnownFileType:|,path:|,sourceTree:|,,isa:PBXBuildFile,,displayName:EventEmitters.h,fileRef:displayName:|,includeInIndex:|,isa:|,lastKnownFileType:|,path:|,sourceTree:|,,isa:PBXBuildFile,,displayName:Props.h,fileRef:displayName:|,includeInIndex:|,isa:|,lastKnownFileType:|,path:|,sourceTree:|,,isa:PBXBuildFile,,displayName:RCTComponentViewHelpers.h,fileRef:displayName:|,includeInIndex:|,isa:|,lastKnownFileType:|,path:|,sourceTree:|,,isa:PBXBuildFile,,displayName:ShadowNodes.h,fileRef:displayName:|,includeInIndex:|,isa:|,lastKnownFileType:|,path:|,sourceTree:|,,isa:PBXBuildFile,,displayName:States.h,fileRef:displayName:|,includeInIndex:|,isa:|,lastKnownFileType:|,path:|,sourceTree:|,,isa:PBXBuildFile,,displayName:ComponentDescriptors.h,fileRef:displayName:|,includeInIndex:|,isa:|,lastKnownFileType:|,path:|,sourceTree:|,,isa:PBXBuildFile,,displayName:EventEmitters.h,fileRef:displayName:|,includeInIndex:|,isa:|,lastKnownFileType:|,path:|,sourceTree:|,,isa:PBXBuildFile,,displayName:Props.h,fileRef:displayName:|,includeInIndex:|,isa:|,lastKnownFileType:|,path:|,sourceTree:|,,isa:PBXBuildFile,,displayName:RCTComponentViewHelpers.h,fileRef:displayName:|,includeInIndex:|,isa:|,lastKnownFileType:|,path:|,sourceTree:|,,isa:PBXBuildFile,,displayName:ShadowNodes.h,fileRef:displayName:|,includeInIndex:|,isa:|,lastKnownFileType:|,path:|,sourceTree:|,,isa:PBXBuildFile,,displayName:States.h,fileRef:displayName:|,includeInIndex:|,isa:|,lastKnownFileType:|,path:|,sourceTree:|,,isa:PBXBuildFile,,displayName:ComponentDescriptors.h,fileRef:displayName:|,includeInIndex:|,isa:|,lastKnownFileType:|,path:|,sourceTree:|,,isa:PBXBuildFile,,displayName:EventEmitters.h,fileRef:displayName:|,includeInIndex:|,isa:|,lastKnownFileType:|,path:|,sourceTree:|,,isa:PBXBuildFile,,displayName:Props.h,fileRef:displayName:|,includeInIndex:|,isa:|,lastKnownFileType:|,path:|,sourceTree:|,,isa:PBXBuildFile,,displayName:RCTComponentViewHelpers.h,fileRef:displayName:|,includeInIndex:|,isa:|,lastKnownFileType:|,path:|,sourceTree:|,,isa:PBXBuildFile,,displayName:ShadowNodes.h,fileRef:displayName:|,includeInIndex:|,isa:|,lastKnownFileType:|,path:|,sourceTree:|,,isa:PBXBuildFile,,displayName:States.h,fileRef:displayName:|,includeInIndex:|,isa:|,lastKnownFileType:|,path:|,sourceTree:|,,isa:PBXBuildFile,,displayName:ComponentDescriptors.h,fileRef:displayName:|,includeInIndex:|,isa:|,lastKnownFileType:|,path:|,sourceTree:|,,isa:PBXBuildFile,,displayName:EventEmitters.h,fileRef:displayName:|,includeInIndex:|,isa:|,lastKnownFileType:|,path:|,sourceTree:|,,isa:PBXBuildFile,,displayName:Props.h,fileRef:displayName:|,includeInIndex:|,isa:|,lastKnownFileType:|,path:|,sourceTree:|,,isa:PBXBuildFile,,displayName:RCTComponentViewHelpers.h,fileRef:displayName:|,includeInIndex:|,isa:|,lastKnownFileType:|,path:|,sourceTree:|,,isa:PBXBuildFile,,displayName:ShadowNodes.h,fileRef:displayName:|,includeInIndex:|,isa:|,lastKnownFileType:|,path:|,sourceTree:|,,isa:PBXBuildFile,,displayName:States.h,fileRef:displayName:|,includeInIndex:|,isa:|,lastKnownFileType:|,path:|,sourceTree:|,,isa:PBXBuildFile,,displayName:rnasyncstorage.h,fileRef:displayName:|,includeInIndex:|,isa:|,lastKnownFileType:|,path:|,sourceTree:|,,isa:PBXBuildFile,,displayName:rnasyncstorageJSI.h,fileRef:displayName:|,includeInIndex:|,isa:|,lastKnownFileType:|,path:|,sourceTree:|,,isa:PBXBuildFile,,displayName:RNCConfigModule.h,fileRef:displayName:|,includeInIndex:|,isa:|,lastKnownFileType:|,path:|,sourceTree:|,,isa:PBXBuildFile,,displayName:RNCConfigModuleJSI.h,fileRef:displayName:|,includeInIndex:|,isa:|,lastKnownFileType:|,path:|,sourceTree:|,,isa:PBXBuildFile,,displayName:rnclipboard.h,fileRef:displayName:|,includeInIndex:|,isa:|,lastKnownFileType:|,path:|,sourceTree:|,,isa:PBXBuildFile,,displayName:rnclipboardJSI.h,fileRef:displayName:|,includeInIndex:|,isa:|,lastKnownFileType:|,path:|,sourceTree:|,,isa:PBXBuildFile,,displayName:rngesturehandler_codegen.h,fileRef:displayName:|,includeInIndex:|,isa:|,lastKnownFileType:|,path:|,sourceTree:|,,isa:PBXBuildFile,,displayName:rngesturehandler_codegenJSI.h,fileRef:displayName:|,includeInIndex:|,isa:|,lastKnownFileType:|,path:|,sourceTree:|,,isa:PBXBuildFile,,displayName:RNGoogleSignInCGen.h,fileRef:displayName:|,includeInIndex:|,isa:|,lastKnownFileType:|,path:|,sourceTree:|,,isa:PBXBuildFile,,displayName:RNGoogleSignInCGenJSI.h,fileRef:displayName:|,includeInIndex:|,isa:|,lastKnownFileType:|,path:|,sourceTree:|,,isa:PBXBuildFile,,displayName:RNImagePickerSpec.h,fileRef:displayName:|,includeInIndex:|,isa:|,lastKnownFileType:|,path:|,sourceTree:|,,isa:PBXBuildFile,,displayName:RNImagePickerSpecJSI.h,fileRef:displayName:|,includeInIndex:|,isa:|,lastKnownFileType:|,path:|,sourceTree:|,,isa:PBXBuildFile,,displayName:rnpermissions.h,fileRef:displayName:|,includeInIndex:|,isa:|,lastKnownFileType:|,path:|,sourceTree:|,,isa:PBXBuildFile,,displayName:rnpermissionsJSI.h,fileRef:displayName:|,includeInIndex:|,isa:|,lastKnownFileType:|,path:|,sourceTree:|,,isa:PBXBuildFile,,displayName:rnreanimated.h,fileRef:displayName:|,includeInIndex:|,isa:|,lastKnownFileType:|,path:|,sourceTree:|,,isa:PBXBuildFile,,displayName:rnreanimatedJSI.h,fileRef:displayName:|,includeInIndex:|,isa:|,lastKnownFileType:|,path:|,sourceTree:|,,isa:PBXBuildFile,,displayName:rnscreens.h,fileRef:displayName:|,includeInIndex:|,isa:|,lastKnownFileType:|,path:|,sourceTree:|,,isa:PBXBuildFile,,displayName:rnscreensJSI.h,fileRef:displayName:|,includeInIndex:|,isa:|,lastKnownFileType:|,path:|,sourceTree:|,,isa:PBXBuildFile,,displayName:rnsvg.h,fileRef:displayName:|,includeInIndex:|,isa:|,lastKnownFileType:|,path:|,sourceTree:|,,isa:PBXBuildFile,,displayName:rnsvgJSI.h,fileRef:displayName:|,includeInIndex:|,isa:|,lastKnownFileType:|,path:|,sourceTree:|,,isa:PBXBuildFile,,displayName:RNVectorIconsSpec.h,fileRef:displayName:|,includeInIndex:|,isa:|,lastKnownFileType:|,path:|,sourceTree:|,,isa:PBXBuildFile,,displayName:RNVectorIconsSpecJSI.h,fileRef:displayName:|,includeInIndex:|,isa:|,lastKnownFileType:|,path:|,sourceTree:|,,isa:PBXBuildFile,,displayName:safeareacontext.h,fileRef:displayName:|,includeInIndex:|,isa:|,lastKnownFileType:|,path:|,sourceTree:|,,isa:PBXBuildFile,,displayName:safeareacontextJSI.h,fileRef:displayName:|,includeInIndex:|,isa:|,lastKnownFileType:|,path:|,sourceTree:|,,isa:PBXBuildFile,,displayName:React-Codegen-umbrella.h,fileRef:displayName:|,includeInIndex:|,isa:|,lastKnownFileType:|,path:|,sourceTree:|,,isa:PBXBuildFile,settings:ATTRIBUTES:|,,,isa:PBXHeadersBuildPhase,runOnlyForDeploymentPostprocessing:0,/files/displayName:EventEmitters.h,fileRef:displayName:EventEmitters.h,includeInIndex:1,isa:PBXFileReference,lastKnownFileType:sourcecode.c.h,path:EventEmitters.h,sourceTree:<group>,,isa:PBXBuildFile,
PBXBuildFile -- Pods.xcodeproj/targets/buildConfigurationList:buildConfigurations:baseConfigurationReference:|,buildSettings:|,displayName:|,isa:|,name:|,,baseConfigurationReference:|,buildSettings:|,displayName:|,isa:|,name:|,,defaultConfigurationIsVisible:0,defaultConfigurationName:Release,displayName:ConfigurationList,isa:XCConfigurationList,,buildPhases:buildActionMask:2147483647,displayName:Headers,files:|,|,|,|,|,|,|,|,|,|,|,|,|,|,|,|,|,|,|,|,|,|,|,|,|,|,|,|,isa:PBXHeadersBuildPhase,runOnlyForDeploymentPostprocessing:0,,buildActionMask:2147483647,displayName:Sources,files:|,|,|,|,|,|,|,|,|,|,|,|,|,|,|,|,|,|,|,|,|,|,|,isa:PBXSourcesBuildPhase,runOnlyForDeploymentPostprocessing:0,,buildActionMask:2147483647,displayName:Frameworks,files:|,isa:PBXFrameworksBuildPhase,runOnlyForDeploymentPostprocessing:0,,buildActionMask:2147483647,displayName:Resources,files:,isa:PBXResourcesBuildPhase,runOnlyForDeploymentPostprocessing:0,,buildRules:,dependencies:displayName:React-Core,isa:PBXTargetDependency,targetProxy:containerPortal:|,displayName:|,isa:|,proxyType:|,remoteGlobalIDString:|,remoteInfo:|,,,displayName:RCT-Folly,isa:PBXTargetDependency,targetProxy:containerPortal:|,displayName:|,isa:|,proxyType:|,remoteGlobalIDString:|,remoteInfo:|,,,displayName:glog,isa:PBXTargetDependency,targetProxy:containerPortal:|,displayName:|,isa:|,proxyType:|,remoteGlobalIDString:|,remoteInfo:|,,,displayName:React-RCTFabric,isa:PBXTargetDependency,targetProxy:containerPortal:|,displayName:|,isa:|,proxyType:|,remoteGlobalIDString:|,remoteInfo:|,,,displayName:React-Codegen,isa:PBXTargetDependency,targetProxy:containerPortal:|,displayName:|,isa:|,proxyType:|,remoteGlobalIDString:|,remoteInfo:|,,,displayName:RCTRequired,isa:PBXTargetDependency,targetProxy:containerPortal:|,displayName:|,isa:|,proxyType:|,remoteGlobalIDString:|,remoteInfo:|,,,displayName:RCTTypeSafety,isa:PBXTargetDependency,targetProxy:containerPortal:|,displayName:|,isa:|,proxyType:|,remoteGlobalIDString:|,remoteInfo:|,,,displayName:ReactCommon,isa:PBXTargetDependency,targetProxy:containerPortal:|,displayName:|,isa:|,proxyType:|,remoteGlobalIDString:|,remoteInfo:|,,,displayName:React-NativeModulesApple,isa:PBXTargetDependency,targetProxy:containerPortal:|,displayName:|,isa:|,proxyType:|,remoteGlobalIDString:|,remoteInfo:|,,,displayName:Yoga,isa:PBXTargetDependency,targetProxy:containerPortal:|,displayName:|,isa:|,proxyType:|,remoteGlobalIDString:|,remoteInfo:|,,,displayName:React-Fabric,isa:PBXTargetDependency,targetProxy:containerPortal:|,displayName:|,isa:|,proxyType:|,remoteGlobalIDString:|,remoteInfo:|,,,displayName:React-graphics,isa:PBXTargetDependency,targetProxy:containerPortal:|,displayName:|,isa:|,proxyType:|,remoteGlobalIDString:|,remoteInfo:|,,,displayName:React-utils,isa:PBXTargetDependency,targetProxy:containerPortal:|,displayName:|,isa:|,proxyType:|,remoteGlobalIDString:|,remoteInfo:|,,,displayName:React-featureflags,isa:PBXTargetDependency,targetProxy:containerPortal:|,displayName:|,isa:|,proxyType:|,remoteGlobalIDString:|,remoteInfo:|,,,displayName:React-debug,isa:PBXTargetDependency,targetProxy:containerPortal:|,displayName:|,isa:|,proxyType:|,remoteGlobalIDString:|,remoteInfo:|,,,displayName:React-ImageManager,isa:PBXTargetDependency,targetProxy:containerPortal:|,displayName:|,isa:|,proxyType:|,remoteGlobalIDString:|,remoteInfo:|,,,displayName:React-rendererdebug,isa:PBXTargetDependency,targetProxy:containerPortal:|,displayName:|,isa:|,proxyType:|,remoteGlobalIDString:|,remoteInfo:|,,,displayName:DoubleConversion,isa:PBXTargetDependency,targetProxy:containerPortal:|,displayName:|,isa:|,proxyType:|,remoteGlobalIDString:|,remoteInfo:|,,,displayName:React-jsi,isa:PBXTargetDependency,targetProxy:containerPortal:|,displayName:|,isa:|,proxyType:|,remoteGlobalIDString:|,remoteInfo:|,,,displayName:RNGestureHandler,fileSystemSynchronizedGroups:,isa:PBXNativeTarget,name:RNGestureHandler,packageProductDependencies:,productName:RNGestureHandler,productReference:displayName:RNGestureHandler,explicitFileType:wrapper.framework,includeInIndex:0,isa:PBXFileReference,name:RNGestureHandler,path:RNGestureHandler.framework,sourceTree:BUILT_PRODUCTS_DIR,,productType:com.apple.product-type.framework,/dependencies/displayName:React-RCTFabric,isa:PBXTargetDependency,targetProxy:containerPortal:46EB2E00000000,displayName:ContainerItemProxy,isa:PBXContainerItemProxy,proxyType:1,remoteGlobalIDString:46EB2E00020EA0,remoteInfo:React-RCTFabric,,/target/dependencies/displayName:React-RCTImage,isa:PBXTargetDependency,targetProxy:containerPortal:46EB2E00000000,displayName:ContainerItemProxy,isa:PBXContainerItemProxy,proxyType:1,remoteGlobalIDString:46EB2E000215E0,remoteInfo:React-RCTImage,,/target/dependencies/displayName:React-RCTNetwork,isa:PBXTargetDependency,targetProxy:containerPortal:46EB2E00000000,displayName:ContainerItemProxy,isa:PBXContainerItemProxy,proxyType:1,remoteGlobalIDString:46EB2E000219A0,remoteInfo:React-RCTNetwork,,/target/dependencies/displayName:React-Codegen,isa:PBXTargetDependency,targetProxy:containerPortal:46EB2E00000000,displayName:ContainerItemProxy,isa:PBXContainerItemProxy,proxyType:1,remoteGlobalIDString:46EB2E0001AAC0,remoteInfo:React-Codegen,,/target/buildPhases/buildActionMask:2147483647,displayName:Headers,files:displayName:FBReactNativeSpec.h,fileRef:displayName:|,includeInIndex:|,isa:|,lastKnownFileType:|,path:|,sourceTree:|,,isa:PBXBuildFile,,displayName:FBReactNativeSpecJSI.h,fileRef:displayName:|,includeInIndex:|,isa:|,lastKnownFileType:|,path:|,sourceTree:|,,isa:PBXBuildFile,,displayName:RCTModulesConformingToProtocolsProvider.h,fileRef:displayName:|,includeInIndex:|,isa:|,lastKnownFileType:|,path:|,sourceTree:|,,isa:PBXBuildFile,,displayName:ComponentDescriptors.h,fileRef:displayName:|,includeInIndex:|,isa:|,lastKnownFileType:|,path:|,sourceTree:|,,isa:PBXBuildFile,,displayName:EventEmitters.h,fileRef:displayName:|,includeInIndex:|,isa:|,lastKnownFileType:|,path:|,sourceTree:|,,isa:PBXBuildFile,,displayName:Props.h,fileRef:displayName:|,includeInIndex:|,isa:|,lastKnownFileType:|,path:|,sourceTree:|,,isa:PBXBuildFile,,displayName:RCTComponentViewHelpers.h,fileRef:displayName:|,includeInIndex:|,isa:|,lastKnownFileType:|,path:|,sourceTree:|,,isa:PBXBuildFile,,displayName:ShadowNodes.h,fileRef:displayName:|,includeInIndex:|,isa:|,lastKnownFileType:|,path:|,sourceTree:|,,isa:PBXBuildFile,,displayName:States.h,fileRef:displayName:|,includeInIndex:|,isa:|,lastKnownFileType:|,path:|,sourceTree:|,,isa:PBXBuildFile,,displayName:ComponentDescriptors.h,fileRef:displayName:|,includeInIndex:|,isa:|,lastKnownFileType:|,path:|,sourceTree:|,,isa:PBXBuildFile,,displayName:EventEmitters.h,fileRef:displayName:|,includeInIndex:|,isa:|,lastKnownFileType:|,path:|,sourceTree:|,,isa:PBXBuildFile,,displayName:Props.h,fileRef:displayName:|,includeInIndex:|,isa:|,lastKnownFileType:|,path:|,sourceTree:|,,isa:PBXBuildFile,,displayName:RCTComponentViewHelpers.h,fileRef:displayName:|,includeInIndex:|,isa:|,lastKnownFileType:|,path:|,sourceTree:|,,isa:PBXBuildFile,,displayName:ShadowNodes.h,fileRef:displayName:|,includeInIndex:|,isa:|,lastKnownFileType:|,path:|,sourceTree:|,,isa:PBXBuildFile,,displayName:States.h,fileRef:displayName:|,includeInIndex:|,isa:|,lastKnownFileType:|,path:|,sourceTree:|,,isa:PBXBuildFile,,displayName:ComponentDescriptors.h,fileRef:displayName:|,includeInIndex:|,isa:|,lastKnownFileType:|,path:|,sourceTree:|,,isa:PBXBuildFile,,displayName:EventEmitters.h,fileRef:displayName:|,includeInIndex:|,isa:|,lastKnownFileType:|,path:|,sourceTree:|,,isa:PBXBuildFile,,displayName:Props.h,fileRef:displayName:|,includeInIndex:|,isa:|,lastKnownFileType:|,path:|,sourceTree:|,,isa:PBXBuildFile,,displayName:RCTComponentViewHelpers.h,fileRef:displayName:|,includeInIndex:|,isa:|,lastKnownFileType:|,path:|,sourceTree:|,,isa:PBXBuildFile,,displayName:ShadowNodes.h,fileRef:displayName:|,includeInIndex:|,isa:|,lastKnownFileType:|,path:|,sourceTree:|,,isa:PBXBuildFile,,displayName:States.h,fileRef:displayName:|,includeInIndex:|,isa:|,lastKnownFileType:|,path:|,sourceTree:|,,isa:PBXBuildFile,,displayName:ComponentDescriptors.h,fileRef:displayName:|,includeInIndex:|,isa:|,lastKnownFileType:|,path:|,sourceTree:|,,isa:PBXBuildFile,,displayName:EventEmitters.h,fileRef:displayName:|,includeInIndex:|,isa:|,lastKnownFileType:|,path:|,sourceTree:|,,isa:PBXBuildFile,,displayName:Props.h,fileRef:displayName:|,includeInIndex:|,isa:|,lastKnownFileType:|,path:|,sourceTree:|,,isa:PBXBuildFile,,displayName:RCTComponentViewHelpers.h,fileRef:displayName:|,includeInIndex:|,isa:|,lastKnownFileType:|,path:|,sourceTree:|,,isa:PBXBuildFile,,displayName:ShadowNodes.h,fileRef:displayName:|,includeInIndex:|,isa:|,lastKnownFileType:|,path:|,sourceTree:|,,isa:PBXBuildFile,,displayName:States.h,fileRef:displayName:|,includeInIndex:|,isa:|,lastKnownFileType:|,path:|,sourceTree:|,,isa:PBXBuildFile,,displayName:ComponentDescriptors.h,fileRef:displayName:|,includeInIndex:|,isa:|,lastKnownFileType:|,path:|,sourceTree:|,,isa:PBXBuildFile,,displayName:EventEmitters.h,fileRef:displayName:|,includeInIndex:|,isa:|,lastKnownFileType:|,path:|,sourceTree:|,,isa:PBXBuildFile,,displayName:Props.h,fileRef:displayName:|,includeInIndex:|,isa:|,lastKnownFileType:|,path:|,sourceTree:|,,isa:PBXBuildFile,,displayName:RCTComponentViewHelpers.h,fileRef:displayName:|,includeInIndex:|,isa:|,lastKnownFileType:|,path:|,sourceTree:|,,isa:PBXBuildFile,,displayName:ShadowNodes.h,fileRef:displayName:|,includeInIndex:|,isa:|,lastKnownFileType:|,path:|,sourceTree:|,,isa:PBXBuildFile,,displayName:States.h,fileRef:displayName:|,includeInIndex:|,isa:|,lastKnownFileType:|,path:|,sourceTree:|,,isa:PBXBuildFile,,displayName:ComponentDescriptors.h,fileRef:displayName:|,includeInIndex:|,isa:|,lastKnownFileType:|,path:|,sourceTree:|,,isa:PBXBuildFile,,displayName:EventEmitters.h,fileRef:displayName:|,includeInIndex:|,isa:|,lastKnownFileType:|,path:|,sourceTree:|,,isa:PBXBuildFile,,displayName:Props.h,fileRef:displayName:|,includeInIndex:|,isa:|,lastKnownFileType:|,path:|,sourceTree:|,,isa:PBXBuildFile,,displayName:RCTComponentViewHelpers.h,fileRef:displayName:|,includeInIndex:|,isa:|,lastKnownFileType:|,path:|,sourceTree:|,,isa:PBXBuildFile,,displayName:ShadowNodes.h,fileRef:displayName:|,includeInIndex:|,isa:|,lastKnownFileType:|,path:|,sourceTree:|,,isa:PBXBuildFile,,displayName:States.h,fileRef:displayName:|,includeInIndex:|,isa:|,lastKnownFileType:|,path:|,sourceTree:|,,isa:PBXBuildFile,,displayName:rnasyncstorage.h,fileRef:displayName:|,includeInIndex:|,isa:|,lastKnownFileType:|,path:|,sourceTree:|,,isa:PBXBuildFile,,displayName:rnasyncstorageJSI.h,fileRef:displayName:|,includeInIndex:|,isa:|,lastKnownFileType:|,path:|,sourceTree:|,,isa:PBXBuildFile,,displayName:RNCConfigModule.h,fileRef:displayName:|,includeInIndex:|,isa:|,lastKnownFileType:|,path:|,sourceTree:|,,isa:PBXBuildFile,,displayName:RNCConfigModuleJSI.h,fileRef:displayName:|,includeInIndex:|,isa:|,lastKnownFileType:|,path:|,sourceTree:|,,isa:PBXBuildFile,,displayName:rnclipboard.h,fileRef:displayName:|,includeInIndex:|,isa:|,lastKnownFileType:|,path:|,sourceTree:|,,isa:PBXBuildFile,,displayName:rnclipboardJSI.h,fileRef:displayName:|,includeInIndex:|,isa:|,lastKnownFileType:|,path:|,sourceTree:|,,isa:PBXBuildFile,,displayName:rngesturehandler_codegen.h,fileRef:displayName:|,includeInIndex:|,isa:|,lastKnownFileType:|,path:|,sourceTree:|,,isa:PBXBuildFile,,displayName:rngesturehandler_codegenJSI.h,fileRef:displayName:|,includeInIndex:|,isa:|,lastKnownFileType:|,path:|,sourceTree:|,,isa:PBXBuildFile,,displayName:RNGoogleSignInCGen.h,fileRef:displayName:|,includeInIndex:|,isa:|,lastKnownFileType:|,path:|,sourceTree:|,,isa:PBXBuildFile,,displayName:RNGoogleSignInCGenJSI.h,fileRef:displayName:|,includeInIndex:|,isa:|,lastKnownFileType:|,path:|,sourceTree:|,,isa:PBXBuildFile,,displayName:RNImagePickerSpec.h,fileRef:displayName:|,includeInIndex:|,isa:|,lastKnownFileType:|,path:|,sourceTree:|,,isa:PBXBuildFile,,displayName:RNImagePickerSpecJSI.h,fileRef:displayName:|,includeInIndex:|,isa:|,lastKnownFileType:|,path:|,sourceTree:|,,isa:PBXBuildFile,,displayName:rnpermissions.h,fileRef:displayName:|,includeInIndex:|,isa:|,lastKnownFileType:|,path:|,sourceTree:|,,isa:PBXBuildFile,,displayName:rnpermissionsJSI.h,fileRef:displayName:|,includeInIndex:|,isa:|,lastKnownFileType:|,path:|,sourceTree:|,,isa:PBXBuildFile,,displayName:rnreanimated.h,fileRef:displayName:|,includeInIndex:|,isa:|,lastKnownFileType:|,path:|,sourceTree:|,,isa:PBXBuildFile,,displayName:rnreanimatedJSI.h,fileRef:displayName:|,includeInIndex:|,isa:|,lastKnownFileType:|,path:|,sourceTree:|,,isa:PBXBuildFile,,displayName:rnscreens.h,fileRef:displayName:|,includeInIndex:|,isa:|,lastKnownFileType:|,path:|,sourceTree:|,,isa:PBXBuildFile,,displayName:rnscreensJSI.h,fileRef:displayName:|,includeInIndex:|,isa:|,lastKnownFileType:|,path:|,sourceTree:|,,isa:PBXBuildFile,,displayName:rnsvg.h,fileRef:displayName:|,includeInIndex:|,isa:|,lastKnownFileType:|,path:|,sourceTree:|,,isa:PBXBuildFile,,displayName:rnsvgJSI.h,fileRef:displayName:|,includeInIndex:|,isa:|,lastKnownFileType:|,path:|,sourceTree:|,,isa:PBXBuildFile,,displayName:RNVectorIconsSpec.h,fileRef:displayName:|,includeInIndex:|,isa:|,lastKnownFileType:|,path:|,sourceTree:|,,isa:PBXBuildFile,,displayName:RNVectorIconsSpecJSI.h,fileRef:displayName:|,includeInIndex:|,isa:|,lastKnownFileType:|,path:|,sourceTree:|,,isa:PBXBuildFile,,displayName:safeareacontext.h,fileRef:displayName:|,includeInIndex:|,isa:|,lastKnownFileType:|,path:|,sourceTree:|,,isa:PBXBuildFile,,displayName:safeareacontextJSI.h,fileRef:displayName:|,includeInIndex:|,isa:|,lastKnownFileType:|,path:|,sourceTree:|,,isa:PBXBuildFile,,displayName:React-Codegen-umbrella.h,fileRef:displayName:|,includeInIndex:|,isa:|,lastKnownFileType:|,path:|,sourceTree:|,,isa:PBXBuildFile,settings:ATTRIBUTES:|,,,isa:PBXHeadersBuildPhase,runOnlyForDeploymentPostprocessing:0,/files/displayName:Props.h,fileRef:displayName:Props.h,includeInIndex:1,isa:PBXFileReference,lastKnownFileType:sourcecode.c.h,path:Props.h,sourceTree:<group>,,isa:PBXBuildFile,
PBXBuildFile -- Pods.xcodeproj/targets/buildConfigurationList:buildConfigurations:baseConfigurationReference:|,buildSettings:|,displayName:|,isa:|,name:|,,baseConfigurationReference:|,buildSettings:|,displayName:|,isa:|,name:|,,defaultConfigurationIsVisible:0,defaultConfigurationName:Release,displayName:ConfigurationList,isa:XCConfigurationList,,buildPhases:buildActionMask:2147483647,displayName:Headers,files:|,|,|,|,|,|,|,|,|,|,|,|,|,|,|,|,|,|,|,|,|,|,|,|,|,|,|,|,isa:PBXHeadersBuildPhase,runOnlyForDeploymentPostprocessing:0,,buildActionMask:2147483647,displayName:Sources,files:|,|,|,|,|,|,|,|,|,|,|,|,|,|,|,|,|,|,|,|,|,|,|,isa:PBXSourcesBuildPhase,runOnlyForDeploymentPostprocessing:0,,buildActionMask:2147483647,displayName:Frameworks,files:|,isa:PBXFrameworksBuildPhase,runOnlyForDeploymentPostprocessing:0,,buildActionMask:2147483647,displayName:Resources,files:,isa:PBXResourcesBuildPhase,runOnlyForDeploymentPostprocessing:0,,buildRules:,dependencies:displayName:React-Core,isa:PBXTargetDependency,targetProxy:containerPortal:|,displayName:|,isa:|,proxyType:|,remoteGlobalIDString:|,remoteInfo:|,,,displayName:RCT-Folly,isa:PBXTargetDependency,targetProxy:containerPortal:|,displayName:|,isa:|,proxyType:|,remoteGlobalIDString:|,remoteInfo:|,,,displayName:glog,isa:PBXTargetDependency,targetProxy:containerPortal:|,displayName:|,isa:|,proxyType:|,remoteGlobalIDString:|,remoteInfo:|,,,displayName:React-RCTFabric,isa:PBXTargetDependency,targetProxy:containerPortal:|,displayName:|,isa:|,proxyType:|,remoteGlobalIDString:|,remoteInfo:|,,,displayName:React-Codegen,isa:PBXTargetDependency,targetProxy:containerPortal:|,displayName:|,isa:|,proxyType:|,remoteGlobalIDString:|,remoteInfo:|,,,displayName:RCTRequired,isa:PBXTargetDependency,targetProxy:containerPortal:|,displayName:|,isa:|,proxyType:|,remoteGlobalIDString:|,remoteInfo:|,,,displayName:RCTTypeSafety,isa:PBXTargetDependency,targetProxy:containerPortal:|,displayName:|,isa:|,proxyType:|,remoteGlobalIDString:|,remoteInfo:|,,,displayName:ReactCommon,isa:PBXTargetDependency,targetProxy:containerPortal:|,displayName:|,isa:|,proxyType:|,remoteGlobalIDString:|,remoteInfo:|,,,displayName:React-NativeModulesApple,isa:PBXTargetDependency,targetProxy:containerPortal:|,displayName:|,isa:|,proxyType:|,remoteGlobalIDString:|,remoteInfo:|,,,displayName:Yoga,isa:PBXTargetDependency,targetProxy:containerPortal:|,displayName:|,isa:|,proxyType:|,remoteGlobalIDString:|,remoteInfo:|,,,displayName:React-Fabric,isa:PBXTargetDependency,targetProxy:containerPortal:|,displayName:|,isa:|,proxyType:|,remoteGlobalIDString:|,remoteInfo:|,,,displayName:React-graphics,isa:PBXTargetDependency,targetProxy:containerPortal:|,displayName:|,isa:|,proxyType:|,remoteGlobalIDString:|,remoteInfo:|,,,displayName:React-utils,isa:PBXTargetDependency,targetProxy:containerPortal:|,displayName:|,isa:|,proxyType:|,remoteGlobalIDString:|,remoteInfo:|,,,displayName:React-featureflags,isa:PBXTargetDependency,targetProxy:containerPortal:|,displayName:|,isa:|,proxyType:|,remoteGlobalIDString:|,remoteInfo:|,,,displayName:React-debug,isa:PBXTargetDependency,targetProxy:containerPortal:|,displayName:|,isa:|,proxyType:|,remoteGlobalIDString:|,remoteInfo:|,,,displayName:React-ImageManager,isa:PBXTargetDependency,targetProxy:containerPortal:|,displayName:|,isa:|,proxyType:|,remoteGlobalIDString:|,remoteInfo:|,,,displayName:React-rendererdebug,isa:PBXTargetDependency,targetProxy:containerPortal:|,displayName:|,isa:|,proxyType:|,remoteGlobalIDString:|,remoteInfo:|,,,displayName:DoubleConversion,isa:PBXTargetDependency,targetProxy:containerPortal:|,displayName:|,isa:|,proxyType:|,remoteGlobalIDString:|,remoteInfo:|,,,displayName:React-jsi,isa:PBXTargetDependency,targetProxy:containerPortal:|,displayName:|,isa:|,proxyType:|,remoteGlobalIDString:|,remoteInfo:|,,,displayName:RNGestureHandler,fileSystemSynchronizedGroups:,isa:PBXNativeTarget,name:RNGestureHandler,packageProductDependencies:,productName:RNGestureHandler,productReference:displayName:RNGestureHandler,explicitFileType:wrapper.framework,includeInIndex:0,isa:PBXFileReference,name:RNGestureHandler,path:RNGestureHandler.framework,sourceTree:BUILT_PRODUCTS_DIR,,productType:com.apple.product-type.framework,/dependencies/displayName:React-RCTFabric,isa:PBXTargetDependency,targetProxy:containerPortal:46EB2E00000000,displayName:ContainerItemProxy,isa:PBXContainerItemProxy,proxyType:1,remoteGlobalIDString:46EB2E00020EA0,remoteInfo:React-RCTFabric,,/target/dependencies/displayName:React-RCTImage,isa:PBXTargetDependency,targetProxy:containerPortal:46EB2E00000000,displayName:ContainerItemProxy,isa:PBXContainerItemProxy,proxyType:1,remoteGlobalIDString:46EB2E000215E0,remoteInfo:React-RCTImage,,/target/dependencies/displayName:React-RCTNetwork,isa:PBXTargetDependency,targetProxy:containerPortal:46EB2E00000000,displayName:ContainerItemProxy,isa:PBXContainerItemProxy,proxyType:1,remoteGlobalIDString:46EB2E000219A0,remoteInfo:React-RCTNetwork,,/target/dependencies/displayName:React-Codegen,isa:PBXTargetDependency,targetProxy:containerPortal:46EB2E00000000,displayName:ContainerItemProxy,isa:PBXContainerItemProxy,proxyType:1,remoteGlobalIDString:46EB2E0001AAC0,remoteInfo:React-Codegen,,/target/buildPhases/buildActionMask:2147483647,displayName:Headers,files:displayName:FBReactNativeSpec.h,fileRef:displayName:|,includeInIndex:|,isa:|,lastKnownFileType:|,path:|,sourceTree:|,,isa:PBXBuildFile,,displayName:FBReactNativeSpecJSI.h,fileRef:displayName:|,includeInIndex:|,isa:|,lastKnownFileType:|,path:|,sourceTree:|,,isa:PBXBuildFile,,displayName:RCTModulesConformingToProtocolsProvider.h,fileRef:displayName:|,includeInIndex:|,isa:|,lastKnownFileType:|,path:|,sourceTree:|,,isa:PBXBuildFile,,displayName:ComponentDescriptors.h,fileRef:displayName:|,includeInIndex:|,isa:|,lastKnownFileType:|,path:|,sourceTree:|,,isa:PBXBuildFile,,displayName:EventEmitters.h,fileRef:displayName:|,includeInIndex:|,isa:|,lastKnownFileType:|,path:|,sourceTree:|,,isa:PBXBuildFile,,displayName:Props.h,fileRef:displayName:|,includeInIndex:|,isa:|,lastKnownFileType:|,path:|,sourceTree:|,,isa:PBXBuildFile,,displayName:RCTComponentViewHelpers.h,fileRef:displayName:|,includeInIndex:|,isa:|,lastKnownFileType:|,path:|,sourceTree:|,,isa:PBXBuildFile,,displayName:ShadowNodes.h,fileRef:displayName:|,includeInIndex:|,isa:|,lastKnownFileType:|,path:|,sourceTree:|,,isa:PBXBuildFile,,displayName:States.h,fileRef:displayName:|,includeInIndex:|,isa:|,lastKnownFileType:|,path:|,sourceTree:|,,isa:PBXBuildFile,,displayName:ComponentDescriptors.h,fileRef:displayName:|,includeInIndex:|,isa:|,lastKnownFileType:|,path:|,sourceTree:|,,isa:PBXBuildFile,,displayName:EventEmitters.h,fileRef:displayName:|,includeInIndex:|,isa:|,lastKnownFileType:|,path:|,sourceTree:|,,isa:PBXBuildFile,,displayName:Props.h,fileRef:displayName:|,includeInIndex:|,isa:|,lastKnownFileType:|,path:|,sourceTree:|,,isa:PBXBuildFile,,displayName:RCTComponentViewHelpers.h,fileRef:displayName:|,includeInIndex:|,isa:|,lastKnownFileType:|,path:|,sourceTree:|,,isa:PBXBuildFile,,displayName:ShadowNodes.h,fileRef:displayName:|,includeInIndex:|,isa:|,lastKnownFileType:|,path:|,sourceTree:|,,isa:PBXBuildFile,,displayName:States.h,fileRef:displayName:|,includeInIndex:|,isa:|,lastKnownFileType:|,path:|,sourceTree:|,,isa:PBXBuildFile,,displayName:ComponentDescriptors.h,fileRef:displayName:|,includeInIndex:|,isa:|,lastKnownFileType:|,path:|,sourceTree:|,,isa:PBXBuildFile,,displayName:EventEmitters.h,fileRef:displayName:|,includeInIndex:|,isa:|,lastKnownFileType:|,path:|,sourceTree:|,,isa:PBXBuildFile,,displayName:Props.h,fileRef:displayName:|,includeInIndex:|,isa:|,lastKnownFileType:|,path:|,sourceTree:|,,isa:PBXBuildFile,,displayName:RCTComponentViewHelpers.h,fileRef:displayName:|,includeInIndex:|,isa:|,lastKnownFileType:|,path:|,sourceTree:|,,isa:PBXBuildFile,,displayName:ShadowNodes.h,fileRef:displayName:|,includeInIndex:|,isa:|,lastKnownFileType:|,path:|,sourceTree:|,,isa:PBXBuildFile,,displayName:States.h,fileRef:displayName:|,includeInIndex:|,isa:|,lastKnownFileType:|,path:|,sourceTree:|,,isa:PBXBuildFile,,displayName:ComponentDescriptors.h,fileRef:displayName:|,includeInIndex:|,isa:|,lastKnownFileType:|,path:|,sourceTree:|,,isa:PBXBuildFile,,displayName:EventEmitters.h,fileRef:displayName:|,includeInIndex:|,isa:|,lastKnownFileType:|,path:|,sourceTree:|,,isa:PBXBuildFile,,displayName:Props.h,fileRef:displayName:|,includeInIndex:|,isa:|,lastKnownFileType:|,path:|,sourceTree:|,,isa:PBXBuildFile,,displayName:RCTComponentViewHelpers.h,fileRef:displayName:|,includeInIndex:|,isa:|,lastKnownFileType:|,path:|,sourceTree:|,,isa:PBXBuildFile,,displayName:ShadowNodes.h,fileRef:displayName:|,includeInIndex:|,isa:|,lastKnownFileType:|,path:|,sourceTree:|,,isa:PBXBuildFile,,displayName:States.h,fileRef:displayName:|,includeInIndex:|,isa:|,lastKnownFileType:|,path:|,sourceTree:|,,isa:PBXBuildFile,,displayName:ComponentDescriptors.h,fileRef:displayName:|,includeInIndex:|,isa:|,lastKnownFileType:|,path:|,sourceTree:|,,isa:PBXBuildFile,,displayName:EventEmitters.h,fileRef:displayName:|,includeInIndex:|,isa:|,lastKnownFileType:|,path:|,sourceTree:|,,isa:PBXBuildFile,,displayName:Props.h,fileRef:displayName:|,includeInIndex:|,isa:|,lastKnownFileType:|,path:|,sourceTree:|,,isa:PBXBuildFile,,displayName:RCTComponentViewHelpers.h,fileRef:displayName:|,includeInIndex:|,isa:|,lastKnownFileType:|,path:|,sourceTree:|,,isa:PBXBuildFile,,displayName:ShadowNodes.h,fileRef:displayName:|,includeInIndex:|,isa:|,lastKnownFileType:|,path:|,sourceTree:|,,isa:PBXBuildFile,,displayName:States.h,fileRef:displayName:|,includeInIndex:|,isa:|,lastKnownFileType:|,path:|,sourceTree:|,,isa:PBXBuildFile,,displayName:ComponentDescriptors.h,fileRef:displayName:|,includeInIndex:|,isa:|,lastKnownFileType:|,path:|,sourceTree:|,,isa:PBXBuildFile,,displayName:EventEmitters.h,fileRef:displayName:|,includeInIndex:|,isa:|,lastKnownFileType:|,path:|,sourceTree:|,,isa:PBXBuildFile,,displayName:Props.h,fileRef:displayName:|,includeInIndex:|,isa:|,lastKnownFileType:|,path:|,sourceTree:|,,isa:PBXBuildFile,,displayName:RCTComponentViewHelpers.h,fileRef:displayName:|,includeInIndex:|,isa:|,lastKnownFileType:|,path:|,sourceTree:|,,isa:PBXBuildFile,,displayName:ShadowNodes.h,fileRef:displayName:|,includeInIndex:|,isa:|,lastKnownFileType:|,path:|,sourceTree:|,,isa:PBXBuildFile,,displayName:States.h,fileRef:displayName:|,includeInIndex:|,isa:|,lastKnownFileType:|,path:|,sourceTree:|,,isa:PBXBuildFile,,displayName:rnasyncstorage.h,fileRef:displayName:|,includeInIndex:|,isa:|,lastKnownFileType:|,path:|,sourceTree:|,,isa:PBXBuildFile,,displayName:rnasyncstorageJSI.h,fileRef:displayName:|,includeInIndex:|,isa:|,lastKnownFileType:|,path:|,sourceTree:|,,isa:PBXBuildFile,,displayName:RNCConfigModule.h,fileRef:displayName:|,includeInIndex:|,isa:|,lastKnownFileType:|,path:|,sourceTree:|,,isa:PBXBuildFile,,displayName:RNCConfigModuleJSI.h,fileRef:displayName:|,includeInIndex:|,isa:|,lastKnownFileType:|,path:|,sourceTree:|,,isa:PBXBuildFile,,displayName:rnclipboard.h,fileRef:displayName:|,includeInIndex:|,isa:|,lastKnownFileType:|,path:|,sourceTree:|,,isa:PBXBuildFile,,displayName:rnclipboardJSI.h,fileRef:displayName:|,includeInIndex:|,isa:|,lastKnownFileType:|,path:|,sourceTree:|,,isa:PBXBuildFile,,displayName:rngesturehandler_codegen.h,fileRef:displayName:|,includeInIndex:|,isa:|,lastKnownFileType:|,path:|,sourceTree:|,,isa:PBXBuildFile,,displayName:rngesturehandler_codegenJSI.h,fileRef:displayName:|,includeInIndex:|,isa:|,lastKnownFileType:|,path:|,sourceTree:|,,isa:PBXBuildFile,,displayName:RNGoogleSignInCGen.h,fileRef:displayName:|,includeInIndex:|,isa:|,lastKnownFileType:|,path:|,sourceTree:|,,isa:PBXBuildFile,,displayName:RNGoogleSignInCGenJSI.h,fileRef:displayName:|,includeInIndex:|,isa:|,lastKnownFileType:|,path:|,sourceTree:|,,isa:PBXBuildFile,,displayName:RNImagePickerSpec.h,fileRef:displayName:|,includeInIndex:|,isa:|,lastKnownFileType:|,path:|,sourceTree:|,,isa:PBXBuildFile,,displayName:RNImagePickerSpecJSI.h,fileRef:displayName:|,includeInIndex:|,isa:|,lastKnownFileType:|,path:|,sourceTree:|,,isa:PBXBuildFile,,displayName:rnpermissions.h,fileRef:displayName:|,includeInIndex:|,isa:|,lastKnownFileType:|,path:|,sourceTree:|,,isa:PBXBuildFile,,displayName:rnpermissionsJSI.h,fileRef:displayName:|,includeInIndex:|,isa:|,lastKnownFileType:|,path:|,sourceTree:|,,isa:PBXBuildFile,,displayName:rnreanimated.h,fileRef:displayName:|,includeInIndex:|,isa:|,lastKnownFileType:|,path:|,sourceTree:|,,isa:PBXBuildFile,,displayName:rnreanimatedJSI.h,fileRef:displayName:|,includeInIndex:|,isa:|,lastKnownFileType:|,path:|,sourceTree:|,,isa:PBXBuildFile,,displayName:rnscreens.h,fileRef:displayName:|,includeInIndex:|,isa:|,lastKnownFileType:|,path:|,sourceTree:|,,isa:PBXBuildFile,,displayName:rnscreensJSI.h,fileRef:displayName:|,includeInIndex:|,isa:|,lastKnownFileType:|,path:|,sourceTree:|,,isa:PBXBuildFile,,displayName:rnsvg.h,fileRef:displayName:|,includeInIndex:|,isa:|,lastKnownFileType:|,path:|,sourceTree:|,,isa:PBXBuildFile,,displayName:rnsvgJSI.h,fileRef:displayName:|,includeInIndex:|,isa:|,lastKnownFileType:|,path:|,sourceTree:|,,isa:PBXBuildFile,,displayName:RNVectorIconsSpec.h,fileRef:displayName:|,includeInIndex:|,isa:|,lastKnownFileType:|,path:|,sourceTree:|,,isa:PBXBuildFile,,displayName:RNVectorIconsSpecJSI.h,fileRef:displayName:|,includeInIndex:|,isa:|,lastKnownFileType:|,path:|,sourceTree:|,,isa:PBXBuildFile,,displayName:safeareacontext.h,fileRef:displayName:|,includeInIndex:|,isa:|,lastKnownFileType:|,path:|,sourceTree:|,,isa:PBXBuildFile,,displayName:safeareacontextJSI.h,fileRef:displayName:|,includeInIndex:|,isa:|,lastKnownFileType:|,path:|,sourceTree:|,,isa:PBXBuildFile,,displayName:React-Codegen-umbrella.h,fileRef:displayName:|,includeInIndex:|,isa:|,lastKnownFileType:|,path:|,sourceTree:|,,isa:PBXBuildFile,settings:ATTRIBUTES:|,,,isa:PBXHeadersBuildPhase,runOnlyForDeploymentPostprocessing:0,/files/displayName:RCTComponentViewHelpers.h,fileRef:displayName:RCTComponentViewHelpers.h,includeInIndex:1,isa:PBXFileReference,lastKnownFileType:sourcecode.c.h,path:RCTComponentViewHelpers.h,sourceTree:<group>,,isa:PBXBuildFile,
PBXBuildFile -- Pods.xcodeproj/targets/buildConfigurationList:buildConfigurations:baseConfigurationReference:|,buildSettings:|,displayName:|,isa:|,name:|,,baseConfigurationReference:|,buildSettings:|,displayName:|,isa:|,name:|,,defaultConfigurationIsVisible:0,defaultConfigurationName:Release,displayName:ConfigurationList,isa:XCConfigurationList,,buildPhases:buildActionMask:2147483647,displayName:Headers,files:|,|,|,|,|,|,|,|,|,|,|,|,|,|,|,|,|,|,|,|,|,|,|,|,|,|,|,|,isa:PBXHeadersBuildPhase,runOnlyForDeploymentPostprocessing:0,,buildActionMask:2147483647,displayName:Sources,files:|,|,|,|,|,|,|,|,|,|,|,|,|,|,|,|,|,|,|,|,|,|,|,isa:PBXSourcesBuildPhase,runOnlyForDeploymentPostprocessing:0,,buildActionMask:2147483647,displayName:Frameworks,files:|,isa:PBXFrameworksBuildPhase,runOnlyForDeploymentPostprocessing:0,,buildActionMask:2147483647,displayName:Resources,files:,isa:PBXResourcesBuildPhase,runOnlyForDeploymentPostprocessing:0,,buildRules:,dependencies:displayName:React-Core,isa:PBXTargetDependency,targetProxy:containerPortal:|,displayName:|,isa:|,proxyType:|,remoteGlobalIDString:|,remoteInfo:|,,,displayName:RCT-Folly,isa:PBXTargetDependency,targetProxy:containerPortal:|,displayName:|,isa:|,proxyType:|,remoteGlobalIDString:|,remoteInfo:|,,,displayName:glog,isa:PBXTargetDependency,targetProxy:containerPortal:|,displayName:|,isa:|,proxyType:|,remoteGlobalIDString:|,remoteInfo:|,,,displayName:React-RCTFabric,isa:PBXTargetDependency,targetProxy:containerPortal:|,displayName:|,isa:|,proxyType:|,remoteGlobalIDString:|,remoteInfo:|,,,displayName:React-Codegen,isa:PBXTargetDependency,targetProxy:containerPortal:|,displayName:|,isa:|,proxyType:|,remoteGlobalIDString:|,remoteInfo:|,,,displayName:RCTRequired,isa:PBXTargetDependency,targetProxy:containerPortal:|,displayName:|,isa:|,proxyType:|,remoteGlobalIDString:|,remoteInfo:|,,,displayName:RCTTypeSafety,isa:PBXTargetDependency,targetProxy:containerPortal:|,displayName:|,isa:|,proxyType:|,remoteGlobalIDString:|,remoteInfo:|,,,displayName:ReactCommon,isa:PBXTargetDependency,targetProxy:containerPortal:|,displayName:|,isa:|,proxyType:|,remoteGlobalIDString:|,remoteInfo:|,,,displayName:React-NativeModulesApple,isa:PBXTargetDependency,targetProxy:containerPortal:|,displayName:|,isa:|,proxyType:|,remoteGlobalIDString:|,remoteInfo:|,,,displayName:Yoga,isa:PBXTargetDependency,targetProxy:containerPortal:|,displayName:|,isa:|,proxyType:|,remoteGlobalIDString:|,remoteInfo:|,,,displayName:React-Fabric,isa:PBXTargetDependency,targetProxy:containerPortal:|,displayName:|,isa:|,proxyType:|,remoteGlobalIDString:|,remoteInfo:|,,,displayName:React-graphics,isa:PBXTargetDependency,targetProxy:containerPortal:|,displayName:|,isa:|,proxyType:|,remoteGlobalIDString:|,remoteInfo:|,,,displayName:React-utils,isa:PBXTargetDependency,targetProxy:containerPortal:|,displayName:|,isa:|,proxyType:|,remoteGlobalIDString:|,remoteInfo:|,,,displayName:React-featureflags,isa:PBXTargetDependency,targetProxy:containerPortal:|,displayName:|,isa:|,proxyType:|,remoteGlobalIDString:|,remoteInfo:|,,,displayName:React-debug,isa:PBXTargetDependency,targetProxy:containerPortal:|,displayName:|,isa:|,proxyType:|,remoteGlobalIDString:|,remoteInfo:|,,,displayName:React-ImageManager,isa:PBXTargetDependency,targetProxy:containerPortal:|,displayName:|,isa:|,proxyType:|,remoteGlobalIDString:|,remoteInfo:|,,,displayName:React-rendererdebug,isa:PBXTargetDependency,targetProxy:containerPortal:|,displayName:|,isa:|,proxyType:|,remoteGlobalIDString:|,remoteInfo:|,,,displayName:DoubleConversion,isa:PBXTargetDependency,targetProxy:containerPortal:|,displayName:|,isa:|,proxyType:|,remoteGlobalIDString:|,remoteInfo:|,,,displayName:React-jsi,isa:PBXTargetDependency,targetProxy:containerPortal:|,displayName:|,isa:|,proxyType:|,remoteGlobalIDString:|,remoteInfo:|,,,displayName:RNGestureHandler,fileSystemSynchronizedGroups:,isa:PBXNativeTarget,name:RNGestureHandler,packageProductDependencies:,productName:RNGestureHandler,productReference:displayName:RNGestureHandler,explicitFileType:wrapper.framework,includeInIndex:0,isa:PBXFileReference,name:RNGestureHandler,path:RNGestureHandler.framework,sourceTree:BUILT_PRODUCTS_DIR,,productType:com.apple.product-type.framework,/dependencies/displayName:React-RCTFabric,isa:PBXTargetDependency,targetProxy:containerPortal:46EB2E00000000,displayName:ContainerItemProxy,isa:PBXContainerItemProxy,proxyType:1,remoteGlobalIDString:46EB2E00020EA0,remoteInfo:React-RCTFabric,,/target/dependencies/displayName:React-RCTImage,isa:PBXTargetDependency,targetProxy:containerPortal:46EB2E00000000,displayName:ContainerItemProxy,isa:PBXContainerItemProxy,proxyType:1,remoteGlobalIDString:46EB2E000215E0,remoteInfo:React-RCTImage,,/target/dependencies/displayName:React-RCTNetwork,isa:PBXTargetDependency,targetProxy:containerPortal:46EB2E00000000,displayName:ContainerItemProxy,isa:PBXContainerItemProxy,proxyType:1,remoteGlobalIDString:46EB2E000219A0,remoteInfo:React-RCTNetwork,,/target/dependencies/displayName:React-Codegen,isa:PBXTargetDependency,targetProxy:containerPortal:46EB2E00000000,displayName:ContainerItemProxy,isa:PBXContainerItemProxy,proxyType:1,remoteGlobalIDString:46EB2E0001AAC0,remoteInfo:React-Codegen,,/target/buildPhases/buildActionMask:2147483647,displayName:Headers,files:displayName:FBReactNativeSpec.h,fileRef:displayName:|,includeInIndex:|,isa:|,lastKnownFileType:|,path:|,sourceTree:|,,isa:PBXBuildFile,,displayName:FBReactNativeSpecJSI.h,fileRef:displayName:|,includeInIndex:|,isa:|,lastKnownFileType:|,path:|,sourceTree:|,,isa:PBXBuildFile,,displayName:RCTModulesConformingToProtocolsProvider.h,fileRef:displayName:|,includeInIndex:|,isa:|,lastKnownFileType:|,path:|,sourceTree:|,,isa:PBXBuildFile,,displayName:ComponentDescriptors.h,fileRef:displayName:|,includeInIndex:|,isa:|,lastKnownFileType:|,path:|,sourceTree:|,,isa:PBXBuildFile,,displayName:EventEmitters.h,fileRef:displayName:|,includeInIndex:|,isa:|,lastKnownFileType:|,path:|,sourceTree:|,,isa:PBXBuildFile,,displayName:Props.h,fileRef:displayName:|,includeInIndex:|,isa:|,lastKnownFileType:|,path:|,sourceTree:|,,isa:PBXBuildFile,,displayName:RCTComponentViewHelpers.h,fileRef:displayName:|,includeInIndex:|,isa:|,lastKnownFileType:|,path:|,sourceTree:|,,isa:PBXBuildFile,,displayName:ShadowNodes.h,fileRef:displayName:|,includeInIndex:|,isa:|,lastKnownFileType:|,path:|,sourceTree:|,,isa:PBXBuildFile,,displayName:States.h,fileRef:displayName:|,includeInIndex:|,isa:|,lastKnownFileType:|,path:|,sourceTree:|,,isa:PBXBuildFile,,displayName:ComponentDescriptors.h,fileRef:displayName:|,includeInIndex:|,isa:|,lastKnownFileType:|,path:|,sourceTree:|,,isa:PBXBuildFile,,displayName:EventEmitters.h,fileRef:displayName:|,includeInIndex:|,isa:|,lastKnownFileType:|,path:|,sourceTree:|,,isa:PBXBuildFile,,displayName:Props.h,fileRef:displayName:|,includeInIndex:|,isa:|,lastKnownFileType:|,path:|,sourceTree:|,,isa:PBXBuildFile,,displayName:RCTComponentViewHelpers.h,fileRef:displayName:|,includeInIndex:|,isa:|,lastKnownFileType:|,path:|,sourceTree:|,,isa:PBXBuildFile,,displayName:ShadowNodes.h,fileRef:displayName:|,includeInIndex:|,isa:|,lastKnownFileType:|,path:|,sourceTree:|,,isa:PBXBuildFile,,displayName:States.h,fileRef:displayName:|,includeInIndex:|,isa:|,lastKnownFileType:|,path:|,sourceTree:|,,isa:PBXBuildFile,,displayName:ComponentDescriptors.h,fileRef:displayName:|,includeInIndex:|,isa:|,lastKnownFileType:|,path:|,sourceTree:|,,isa:PBXBuildFile,,displayName:EventEmitters.h,fileRef:displayName:|,includeInIndex:|,isa:|,lastKnownFileType:|,path:|,sourceTree:|,,isa:PBXBuildFile,,displayName:Props.h,fileRef:displayName:|,includeInIndex:|,isa:|,lastKnownFileType:|,path:|,sourceTree:|,,isa:PBXBuildFile,,displayName:RCTComponentViewHelpers.h,fileRef:displayName:|,includeInIndex:|,isa:|,lastKnownFileType:|,path:|,sourceTree:|,,isa:PBXBuildFile,,displayName:ShadowNodes.h,fileRef:displayName:|,includeInIndex:|,isa:|,lastKnownFileType:|,path:|,sourceTree:|,,isa:PBXBuildFile,,displayName:States.h,fileRef:displayName:|,includeInIndex:|,isa:|,lastKnownFileType:|,path:|,sourceTree:|,,isa:PBXBuildFile,,displayName:ComponentDescriptors.h,fileRef:displayName:|,includeInIndex:|,isa:|,lastKnownFileType:|,path:|,sourceTree:|,,isa:PBXBuildFile,,displayName:EventEmitters.h,fileRef:displayName:|,includeInIndex:|,isa:|,lastKnownFileType:|,path:|,sourceTree:|,,isa:PBXBuildFile,,displayName:Props.h,fileRef:displayName:|,includeInIndex:|,isa:|,lastKnownFileType:|,path:|,sourceTree:|,,isa:PBXBuildFile,,displayName:RCTComponentViewHelpers.h,fileRef:displayName:|,includeInIndex:|,isa:|,lastKnownFileType:|,path:|,sourceTree:|,,isa:PBXBuildFile,,displayName:ShadowNodes.h,fileRef:displayName:|,includeInIndex:|,isa:|,lastKnownFileType:|,path:|,sourceTree:|,,isa:PBXBuildFile,,displayName:States.h,fileRef:displayName:|,includeInIndex:|,isa:|,lastKnownFileType:|,path:|,sourceTree:|,,isa:PBXBuildFile,,displayName:ComponentDescriptors.h,fileRef:displayName:|,includeInIndex:|,isa:|,lastKnownFileType:|,path:|,sourceTree:|,,isa:PBXBuildFile,,displayName:EventEmitters.h,fileRef:displayName:|,includeInIndex:|,isa:|,lastKnownFileType:|,path:|,sourceTree:|,,isa:PBXBuildFile,,displayName:Props.h,fileRef:displayName:|,includeInIndex:|,isa:|,lastKnownFileType:|,path:|,sourceTree:|,,isa:PBXBuildFile,,displayName:RCTComponentViewHelpers.h,fileRef:displayName:|,includeInIndex:|,isa:|,lastKnownFileType:|,path:|,sourceTree:|,,isa:PBXBuildFile,,displayName:ShadowNodes.h,fileRef:displayName:|,includeInIndex:|,isa:|,lastKnownFileType:|,path:|,sourceTree:|,,isa:PBXBuildFile,,displayName:States.h,fileRef:displayName:|,includeInIndex:|,isa:|,lastKnownFileType:|,path:|,sourceTree:|,,isa:PBXBuildFile,,displayName:ComponentDescriptors.h,fileRef:displayName:|,includeInIndex:|,isa:|,lastKnownFileType:|,path:|,sourceTree:|,,isa:PBXBuildFile,,displayName:EventEmitters.h,fileRef:displayName:|,includeInIndex:|,isa:|,lastKnownFileType:|,path:|,sourceTree:|,,isa:PBXBuildFile,,displayName:Props.h,fileRef:displayName:|,includeInIndex:|,isa:|,lastKnownFileType:|,path:|,sourceTree:|,,isa:PBXBuildFile,,displayName:RCTComponentViewHelpers.h,fileRef:displayName:|,includeInIndex:|,isa:|,lastKnownFileType:|,path:|,sourceTree:|,,isa:PBXBuildFile,,displayName:ShadowNodes.h,fileRef:displayName:|,includeInIndex:|,isa:|,lastKnownFileType:|,path:|,sourceTree:|,,isa:PBXBuildFile,,displayName:States.h,fileRef:displayName:|,includeInIndex:|,isa:|,lastKnownFileType:|,path:|,sourceTree:|,,isa:PBXBuildFile,,displayName:rnasyncstorage.h,fileRef:displayName:|,includeInIndex:|,isa:|,lastKnownFileType:|,path:|,sourceTree:|,,isa:PBXBuildFile,,displayName:rnasyncstorageJSI.h,fileRef:displayName:|,includeInIndex:|,isa:|,lastKnownFileType:|,path:|,sourceTree:|,,isa:PBXBuildFile,,displayName:RNCConfigModule.h,fileRef:displayName:|,includeInIndex:|,isa:|,lastKnownFileType:|,path:|,sourceTree:|,,isa:PBXBuildFile,,displayName:RNCConfigModuleJSI.h,fileRef:displayName:|,includeInIndex:|,isa:|,lastKnownFileType:|,path:|,sourceTree:|,,isa:PBXBuildFile,,displayName:rnclipboard.h,fileRef:displayName:|,includeInIndex:|,isa:|,lastKnownFileType:|,path:|,sourceTree:|,,isa:PBXBuildFile,,displayName:rnclipboardJSI.h,fileRef:displayName:|,includeInIndex:|,isa:|,lastKnownFileType:|,path:|,sourceTree:|,,isa:PBXBuildFile,,displayName:rngesturehandler_codegen.h,fileRef:displayName:|,includeInIndex:|,isa:|,lastKnownFileType:|,path:|,sourceTree:|,,isa:PBXBuildFile,,displayName:rngesturehandler_codegenJSI.h,fileRef:displayName:|,includeInIndex:|,isa:|,lastKnownFileType:|,path:|,sourceTree:|,,isa:PBXBuildFile,,displayName:RNGoogleSignInCGen.h,fileRef:displayName:|,includeInIndex:|,isa:|,lastKnownFileType:|,path:|,sourceTree:|,,isa:PBXBuildFile,,displayName:RNGoogleSignInCGenJSI.h,fileRef:displayName:|,includeInIndex:|,isa:|,lastKnownFileType:|,path:|,sourceTree:|,,isa:PBXBuildFile,,displayName:RNImagePickerSpec.h,fileRef:displayName:|,includeInIndex:|,isa:|,lastKnownFileType:|,path:|,sourceTree:|,,isa:PBXBuildFile,,displayName:RNImagePickerSpecJSI.h,fileRef:displayName:|,includeInIndex:|,isa:|,lastKnownFileType:|,path:|,sourceTree:|,,isa:PBXBuildFile,,displayName:rnpermissions.h,fileRef:displayName:|,includeInIndex:|,isa:|,lastKnownFileType:|,path:|,sourceTree:|,,isa:PBXBuildFile,,displayName:rnpermissionsJSI.h,fileRef:displayName:|,includeInIndex:|,isa:|,lastKnownFileType:|,path:|,sourceTree:|,,isa:PBXBuildFile,,displayName:rnreanimated.h,fileRef:displayName:|,includeInIndex:|,isa:|,lastKnownFileType:|,path:|,sourceTree:|,,isa:PBXBuildFile,,displayName:rnreanimatedJSI.h,fileRef:displayName:|,includeInIndex:|,isa:|,lastKnownFileType:|,path:|,sourceTree:|,,isa:PBXBuildFile,,displayName:rnscreens.h,fileRef:displayName:|,includeInIndex:|,isa:|,lastKnownFileType:|,path:|,sourceTree:|,,isa:PBXBuildFile,,displayName:rnscreensJSI.h,fileRef:displayName:|,includeInIndex:|,isa:|,lastKnownFileType:|,path:|,sourceTree:|,,isa:PBXBuildFile,,displayName:rnsvg.h,fileRef:displayName:|,includeInIndex:|,isa:|,lastKnownFileType:|,path:|,sourceTree:|,,isa:PBXBuildFile,,displayName:rnsvgJSI.h,fileRef:displayName:|,includeInIndex:|,isa:|,lastKnownFileType:|,path:|,sourceTree:|,,isa:PBXBuildFile,,displayName:RNVectorIconsSpec.h,fileRef:displayName:|,includeInIndex:|,isa:|,lastKnownFileType:|,path:|,sourceTree:|,,isa:PBXBuildFile,,displayName:RNVectorIconsSpecJSI.h,fileRef:displayName:|,includeInIndex:|,isa:|,lastKnownFileType:|,path:|,sourceTree:|,,isa:PBXBuildFile,,displayName:safeareacontext.h,fileRef:displayName:|,includeInIndex:|,isa:|,lastKnownFileType:|,path:|,sourceTree:|,,isa:PBXBuildFile,,displayName:safeareacontextJSI.h,fileRef:displayName:|,includeInIndex:|,isa:|,lastKnownFileType:|,path:|,sourceTree:|,,isa:PBXBuildFile,,displayName:React-Codegen-umbrella.h,fileRef:displayName:|,includeInIndex:|,isa:|,lastKnownFileType:|,path:|,sourceTree:|,,isa:PBXBuildFile,settings:ATTRIBUTES:|,,,isa:PBXHeadersBuildPhase,runOnlyForDeploymentPostprocessing:0,/files/displayName:ShadowNodes.h,fileRef:displayName:ShadowNodes.h,includeInIndex:1,isa:PBXFileReference,lastKnownFileType:sourcecode.c.h,path:ShadowNodes.h,sourceTree:<group>,,isa:PBXBuildFile,
PBXBuildFile -- Pods.xcodeproj/targets/buildConfigurationList:buildConfigurations:baseConfigurationReference:|,buildSettings:|,displayName:|,isa:|,name:|,,baseConfigurationReference:|,buildSettings:|,displayName:|,isa:|,name:|,,defaultConfigurationIsVisible:0,defaultConfigurationName:Release,displayName:ConfigurationList,isa:XCConfigurationList,,buildPhases:buildActionMask:2147483647,displayName:Headers,files:|,|,|,|,|,|,|,|,|,|,|,|,|,|,|,|,|,|,|,|,|,|,|,|,|,|,|,|,isa:PBXHeadersBuildPhase,runOnlyForDeploymentPostprocessing:0,,buildActionMask:2147483647,displayName:Sources,files:|,|,|,|,|,|,|,|,|,|,|,|,|,|,|,|,|,|,|,|,|,|,|,isa:PBXSourcesBuildPhase,runOnlyForDeploymentPostprocessing:0,,buildActionMask:2147483647,displayName:Frameworks,files:|,isa:PBXFrameworksBuildPhase,runOnlyForDeploymentPostprocessing:0,,buildActionMask:2147483647,displayName:Resources,files:,isa:PBXResourcesBuildPhase,runOnlyForDeploymentPostprocessing:0,,buildRules:,dependencies:displayName:React-Core,isa:PBXTargetDependency,targetProxy:containerPortal:|,displayName:|,isa:|,proxyType:|,remoteGlobalIDString:|,remoteInfo:|,,,displayName:RCT-Folly,isa:PBXTargetDependency,targetProxy:containerPortal:|,displayName:|,isa:|,proxyType:|,remoteGlobalIDString:|,remoteInfo:|,,,displayName:glog,isa:PBXTargetDependency,targetProxy:containerPortal:|,displayName:|,isa:|,proxyType:|,remoteGlobalIDString:|,remoteInfo:|,,,displayName:React-RCTFabric,isa:PBXTargetDependency,targetProxy:containerPortal:|,displayName:|,isa:|,proxyType:|,remoteGlobalIDString:|,remoteInfo:|,,,displayName:React-Codegen,isa:PBXTargetDependency,targetProxy:containerPortal:|,displayName:|,isa:|,proxyType:|,remoteGlobalIDString:|,remoteInfo:|,,,displayName:RCTRequired,isa:PBXTargetDependency,targetProxy:containerPortal:|,displayName:|,isa:|,proxyType:|,remoteGlobalIDString:|,remoteInfo:|,,,displayName:RCTTypeSafety,isa:PBXTargetDependency,targetProxy:containerPortal:|,displayName:|,isa:|,proxyType:|,remoteGlobalIDString:|,remoteInfo:|,,,displayName:ReactCommon,isa:PBXTargetDependency,targetProxy:containerPortal:|,displayName:|,isa:|,proxyType:|,remoteGlobalIDString:|,remoteInfo:|,,,displayName:React-NativeModulesApple,isa:PBXTargetDependency,targetProxy:containerPortal:|,displayName:|,isa:|,proxyType:|,remoteGlobalIDString:|,remoteInfo:|,,,displayName:Yoga,isa:PBXTargetDependency,targetProxy:containerPortal:|,displayName:|,isa:|,proxyType:|,remoteGlobalIDString:|,remoteInfo:|,,,displayName:React-Fabric,isa:PBXTargetDependency,targetProxy:containerPortal:|,displayName:|,isa:|,proxyType:|,remoteGlobalIDString:|,remoteInfo:|,,,displayName:React-graphics,isa:PBXTargetDependency,targetProxy:containerPortal:|,displayName:|,isa:|,proxyType:|,remoteGlobalIDString:|,remoteInfo:|,,,displayName:React-utils,isa:PBXTargetDependency,targetProxy:containerPortal:|,displayName:|,isa:|,proxyType:|,remoteGlobalIDString:|,remoteInfo:|,,,displayName:React-featureflags,isa:PBXTargetDependency,targetProxy:containerPortal:|,displayName:|,isa:|,proxyType:|,remoteGlobalIDString:|,remoteInfo:|,,,displayName:React-debug,isa:PBXTargetDependency,targetProxy:containerPortal:|,displayName:|,isa:|,proxyType:|,remoteGlobalIDString:|,remoteInfo:|,,,displayName:React-ImageManager,isa:PBXTargetDependency,targetProxy:containerPortal:|,displayName:|,isa:|,proxyType:|,remoteGlobalIDString:|,remoteInfo:|,,,displayName:React-rendererdebug,isa:PBXTargetDependency,targetProxy:containerPortal:|,displayName:|,isa:|,proxyType:|,remoteGlobalIDString:|,remoteInfo:|,,,displayName:DoubleConversion,isa:PBXTargetDependency,targetProxy:containerPortal:|,displayName:|,isa:|,proxyType:|,remoteGlobalIDString:|,remoteInfo:|,,,displayName:React-jsi,isa:PBXTargetDependency,targetProxy:containerPortal:|,displayName:|,isa:|,proxyType:|,remoteGlobalIDString:|,remoteInfo:|,,,displayName:RNGestureHandler,fileSystemSynchronizedGroups:,isa:PBXNativeTarget,name:RNGestureHandler,packageProductDependencies:,productName:RNGestureHandler,productReference:displayName:RNGestureHandler,explicitFileType:wrapper.framework,includeInIndex:0,isa:PBXFileReference,name:RNGestureHandler,path:RNGestureHandler.framework,sourceTree:BUILT_PRODUCTS_DIR,,productType:com.apple.product-type.framework,/dependencies/displayName:React-RCTFabric,isa:PBXTargetDependency,targetProxy:containerPortal:46EB2E00000000,displayName:ContainerItemProxy,isa:PBXContainerItemProxy,proxyType:1,remoteGlobalIDString:46EB2E00020EA0,remoteInfo:React-RCTFabric,,/target/dependencies/displayName:React-RCTImage,isa:PBXTargetDependency,targetProxy:containerPortal:46EB2E00000000,displayName:ContainerItemProxy,isa:PBXContainerItemProxy,proxyType:1,remoteGlobalIDString:46EB2E000215E0,remoteInfo:React-RCTImage,,/target/dependencies/displayName:React-RCTNetwork,isa:PBXTargetDependency,targetProxy:containerPortal:46EB2E00000000,displayName:ContainerItemProxy,isa:PBXContainerItemProxy,proxyType:1,remoteGlobalIDString:46EB2E000219A0,remoteInfo:React-RCTNetwork,,/target/dependencies/displayName:React-Codegen,isa:PBXTargetDependency,targetProxy:containerPortal:46EB2E00000000,displayName:ContainerItemProxy,isa:PBXContainerItemProxy,proxyType:1,remoteGlobalIDString:46EB2E0001AAC0,remoteInfo:React-Codegen,,/target/buildPhases/buildActionMask:2147483647,displayName:Headers,files:displayName:FBReactNativeSpec.h,fileRef:displayName:|,includeInIndex:|,isa:|,lastKnownFileType:|,path:|,sourceTree:|,,isa:PBXBuildFile,,displayName:FBReactNativeSpecJSI.h,fileRef:displayName:|,includeInIndex:|,isa:|,lastKnownFileType:|,path:|,sourceTree:|,,isa:PBXBuildFile,,displayName:RCTModulesConformingToProtocolsProvider.h,fileRef:displayName:|,includeInIndex:|,isa:|,lastKnownFileType:|,path:|,sourceTree:|,,isa:PBXBuildFile,,displayName:ComponentDescriptors.h,fileRef:displayName:|,includeInIndex:|,isa:|,lastKnownFileType:|,path:|,sourceTree:|,,isa:PBXBuildFile,,displayName:EventEmitters.h,fileRef:displayName:|,includeInIndex:|,isa:|,lastKnownFileType:|,path:|,sourceTree:|,,isa:PBXBuildFile,,displayName:Props.h,fileRef:displayName:|,includeInIndex:|,isa:|,lastKnownFileType:|,path:|,sourceTree:|,,isa:PBXBuildFile,,displayName:RCTComponentViewHelpers.h,fileRef:displayName:|,includeInIndex:|,isa:|,lastKnownFileType:|,path:|,sourceTree:|,,isa:PBXBuildFile,,displayName:ShadowNodes.h,fileRef:displayName:|,includeInIndex:|,isa:|,lastKnownFileType:|,path:|,sourceTree:|,,isa:PBXBuildFile,,displayName:States.h,fileRef:displayName:|,includeInIndex:|,isa:|,lastKnownFileType:|,path:|,sourceTree:|,,isa:PBXBuildFile,,displayName:ComponentDescriptors.h,fileRef:displayName:|,includeInIndex:|,isa:|,lastKnownFileType:|,path:|,sourceTree:|,,isa:PBXBuildFile,,displayName:EventEmitters.h,fileRef:displayName:|,includeInIndex:|,isa:|,lastKnownFileType:|,path:|,sourceTree:|,,isa:PBXBuildFile,,displayName:Props.h,fileRef:displayName:|,includeInIndex:|,isa:|,lastKnownFileType:|,path:|,sourceTree:|,,isa:PBXBuildFile,,displayName:RCTComponentViewHelpers.h,fileRef:displayName:|,includeInIndex:|,isa:|,lastKnownFileType:|,path:|,sourceTree:|,,isa:PBXBuildFile,,displayName:ShadowNodes.h,fileRef:displayName:|,includeInIndex:|,isa:|,lastKnownFileType:|,path:|,sourceTree:|,,isa:PBXBuildFile,,displayName:States.h,fileRef:displayName:|,includeInIndex:|,isa:|,lastKnownFileType:|,path:|,sourceTree:|,,isa:PBXBuildFile,,displayName:ComponentDescriptors.h,fileRef:displayName:|,includeInIndex:|,isa:|,lastKnownFileType:|,path:|,sourceTree:|,,isa:PBXBuildFile,,displayName:EventEmitters.h,fileRef:displayName:|,includeInIndex:|,isa:|,lastKnownFileType:|,path:|,sourceTree:|,,isa:PBXBuildFile,,displayName:Props.h,fileRef:displayName:|,includeInIndex:|,isa:|,lastKnownFileType:|,path:|,sourceTree:|,,isa:PBXBuildFile,,displayName:RCTComponentViewHelpers.h,fileRef:displayName:|,includeInIndex:|,isa:|,lastKnownFileType:|,path:|,sourceTree:|,,isa:PBXBuildFile,,displayName:ShadowNodes.h,fileRef:displayName:|,includeInIndex:|,isa:|,lastKnownFileType:|,path:|,sourceTree:|,,isa:PBXBuildFile,,displayName:States.h,fileRef:displayName:|,includeInIndex:|,isa:|,lastKnownFileType:|,path:|,sourceTree:|,,isa:PBXBuildFile,,displayName:ComponentDescriptors.h,fileRef:displayName:|,includeInIndex:|,isa:|,lastKnownFileType:|,path:|,sourceTree:|,,isa:PBXBuildFile,,displayName:EventEmitters.h,fileRef:displayName:|,includeInIndex:|,isa:|,lastKnownFileType:|,path:|,sourceTree:|,,isa:PBXBuildFile,,displayName:Props.h,fileRef:displayName:|,includeInIndex:|,isa:|,lastKnownFileType:|,path:|,sourceTree:|,,isa:PBXBuildFile,,displayName:RCTComponentViewHelpers.h,fileRef:displayName:|,includeInIndex:|,isa:|,lastKnownFileType:|,path:|,sourceTree:|,,isa:PBXBuildFile,,displayName:ShadowNodes.h,fileRef:displayName:|,includeInIndex:|,isa:|,lastKnownFileType:|,path:|,sourceTree:|,,isa:PBXBuildFile,,displayName:States.h,fileRef:displayName:|,includeInIndex:|,isa:|,lastKnownFileType:|,path:|,sourceTree:|,,isa:PBXBuildFile,,displayName:ComponentDescriptors.h,fileRef:displayName:|,includeInIndex:|,isa:|,lastKnownFileType:|,path:|,sourceTree:|,,isa:PBXBuildFile,,displayName:EventEmitters.h,fileRef:displayName:|,includeInIndex:|,isa:|,lastKnownFileType:|,path:|,sourceTree:|,,isa:PBXBuildFile,,displayName:Props.h,fileRef:displayName:|,includeInIndex:|,isa:|,lastKnownFileType:|,path:|,sourceTree:|,,isa:PBXBuildFile,,displayName:RCTComponentViewHelpers.h,fileRef:displayName:|,includeInIndex:|,isa:|,lastKnownFileType:|,path:|,sourceTree:|,,isa:PBXBuildFile,,displayName:ShadowNodes.h,fileRef:displayName:|,includeInIndex:|,isa:|,lastKnownFileType:|,path:|,sourceTree:|,,isa:PBXBuildFile,,displayName:States.h,fileRef:displayName:|,includeInIndex:|,isa:|,lastKnownFileType:|,path:|,sourceTree:|,,isa:PBXBuildFile,,displayName:ComponentDescriptors.h,fileRef:displayName:|,includeInIndex:|,isa:|,lastKnownFileType:|,path:|,sourceTree:|,,isa:PBXBuildFile,,displayName:EventEmitters.h,fileRef:displayName:|,includeInIndex:|,isa:|,lastKnownFileType:|,path:|,sourceTree:|,,isa:PBXBuildFile,,displayName:Props.h,fileRef:displayName:|,includeInIndex:|,isa:|,lastKnownFileType:|,path:|,sourceTree:|,,isa:PBXBuildFile,,displayName:RCTComponentViewHelpers.h,fileRef:displayName:|,includeInIndex:|,isa:|,lastKnownFileType:|,path:|,sourceTree:|,,isa:PBXBuildFile,,displayName:ShadowNodes.h,fileRef:displayName:|,includeInIndex:|,isa:|,lastKnownFileType:|,path:|,sourceTree:|,,isa:PBXBuildFile,,displayName:States.h,fileRef:displayName:|,includeInIndex:|,isa:|,lastKnownFileType:|,path:|,sourceTree:|,,isa:PBXBuildFile,,displayName:rnasyncstorage.h,fileRef:displayName:|,includeInIndex:|,isa:|,lastKnownFileType:|,path:|,sourceTree:|,,isa:PBXBuildFile,,displayName:rnasyncstorageJSI.h,fileRef:displayName:|,includeInIndex:|,isa:|,lastKnownFileType:|,path:|,sourceTree:|,,isa:PBXBuildFile,,displayName:RNCConfigModule.h,fileRef:displayName:|,includeInIndex:|,isa:|,lastKnownFileType:|,path:|,sourceTree:|,,isa:PBXBuildFile,,displayName:RNCConfigModuleJSI.h,fileRef:displayName:|,includeInIndex:|,isa:|,lastKnownFileType:|,path:|,sourceTree:|,,isa:PBXBuildFile,,displayName:rnclipboard.h,fileRef:displayName:|,includeInIndex:|,isa:|,lastKnownFileType:|,path:|,sourceTree:|,,isa:PBXBuildFile,,displayName:rnclipboardJSI.h,fileRef:displayName:|,includeInIndex:|,isa:|,lastKnownFileType:|,path:|,sourceTree:|,,isa:PBXBuildFile,,displayName:rngesturehandler_codegen.h,fileRef:displayName:|,includeInIndex:|,isa:|,lastKnownFileType:|,path:|,sourceTree:|,,isa:PBXBuildFile,,displayName:rngesturehandler_codegenJSI.h,fileRef:displayName:|,includeInIndex:|,isa:|,lastKnownFileType:|,path:|,sourceTree:|,,isa:PBXBuildFile,,displayName:RNGoogleSignInCGen.h,fileRef:displayName:|,includeInIndex:|,isa:|,lastKnownFileType:|,path:|,sourceTree:|,,isa:PBXBuildFile,,displayName:RNGoogleSignInCGenJSI.h,fileRef:displayName:|,includeInIndex:|,isa:|,lastKnownFileType:|,path:|,sourceTree:|,,isa:PBXBuildFile,,displayName:RNImagePickerSpec.h,fileRef:displayName:|,includeInIndex:|,isa:|,lastKnownFileType:|,path:|,sourceTree:|,,isa:PBXBuildFile,,displayName:RNImagePickerSpecJSI.h,fileRef:displayName:|,includeInIndex:|,isa:|,lastKnownFileType:|,path:|,sourceTree:|,,isa:PBXBuildFile,,displayName:rnpermissions.h,fileRef:displayName:|,includeInIndex:|,isa:|,lastKnownFileType:|,path:|,sourceTree:|,,isa:PBXBuildFile,,displayName:rnpermissionsJSI.h,fileRef:displayName:|,includeInIndex:|,isa:|,lastKnownFileType:|,path:|,sourceTree:|,,isa:PBXBuildFile,,displayName:rnreanimated.h,fileRef:displayName:|,includeInIndex:|,isa:|,lastKnownFileType:|,path:|,sourceTree:|,,isa:PBXBuildFile,,displayName:rnreanimatedJSI.h,fileRef:displayName:|,includeInIndex:|,isa:|,lastKnownFileType:|,path:|,sourceTree:|,,isa:PBXBuildFile,,displayName:rnscreens.h,fileRef:displayName:|,includeInIndex:|,isa:|,lastKnownFileType:|,path:|,sourceTree:|,,isa:PBXBuildFile,,displayName:rnscreensJSI.h,fileRef:displayName:|,includeInIndex:|,isa:|,lastKnownFileType:|,path:|,sourceTree:|,,isa:PBXBuildFile,,displayName:rnsvg.h,fileRef:displayName:|,includeInIndex:|,isa:|,lastKnownFileType:|,path:|,sourceTree:|,,isa:PBXBuildFile,,displayName:rnsvgJSI.h,fileRef:displayName:|,includeInIndex:|,isa:|,lastKnownFileType:|,path:|,sourceTree:|,,isa:PBXBuildFile,,displayName:RNVectorIconsSpec.h,fileRef:displayName:|,includeInIndex:|,isa:|,lastKnownFileType:|,path:|,sourceTree:|,,isa:PBXBuildFile,,displayName:RNVectorIconsSpecJSI.h,fileRef:displayName:|,includeInIndex:|,isa:|,lastKnownFileType:|,path:|,sourceTree:|,,isa:PBXBuildFile,,displayName:safeareacontext.h,fileRef:displayName:|,includeInIndex:|,isa:|,lastKnownFileType:|,path:|,sourceTree:|,,isa:PBXBuildFile,,displayName:safeareacontextJSI.h,fileRef:displayName:|,includeInIndex:|,isa:|,lastKnownFileType:|,path:|,sourceTree:|,,isa:PBXBuildFile,,displayName:React-Codegen-umbrella.h,fileRef:displayName:|,includeInIndex:|,isa:|,lastKnownFileType:|,path:|,sourceTree:|,,isa:PBXBuildFile,settings:ATTRIBUTES:|,,,isa:PBXHeadersBuildPhase,runOnlyForDeploymentPostprocessing:0,/files/displayName:States.h,fileRef:displayName:States.h,includeInIndex:1,isa:PBXFileReference,lastKnownFileType:sourcecode.c.h,path:States.h,sourceTree:<group>,,isa:PBXBuildFile,
PBXBuildFile -- Pods.xcodeproj/targets/buildConfigurationList:buildConfigurations:baseConfigurationReference:|,buildSettings:|,displayName:|,isa:|,name:|,,baseConfigurationReference:|,buildSettings:|,displayName:|,isa:|,name:|,,defaultConfigurationIsVisible:0,defaultConfigurationName:Release,displayName:ConfigurationList,isa:XCConfigurationList,,buildPhases:buildActionMask:2147483647,displayName:Headers,files:|,|,|,|,|,|,|,|,|,|,|,|,|,|,|,|,|,|,|,|,|,|,|,|,|,|,|,|,isa:PBXHeadersBuildPhase,runOnlyForDeploymentPostprocessing:0,,buildActionMask:2147483647,displayName:Sources,files:|,|,|,|,|,|,|,|,|,|,|,|,|,|,|,|,|,|,|,|,|,|,|,isa:PBXSourcesBuildPhase,runOnlyForDeploymentPostprocessing:0,,buildActionMask:2147483647,displayName:Frameworks,files:|,isa:PBXFrameworksBuildPhase,runOnlyForDeploymentPostprocessing:0,,buildActionMask:2147483647,displayName:Resources,files:,isa:PBXResourcesBuildPhase,runOnlyForDeploymentPostprocessing:0,,buildRules:,dependencies:displayName:React-Core,isa:PBXTargetDependency,targetProxy:containerPortal:|,displayName:|,isa:|,proxyType:|,remoteGlobalIDString:|,remoteInfo:|,,,displayName:RCT-Folly,isa:PBXTargetDependency,targetProxy:containerPortal:|,displayName:|,isa:|,proxyType:|,remoteGlobalIDString:|,remoteInfo:|,,,displayName:glog,isa:PBXTargetDependency,targetProxy:containerPortal:|,displayName:|,isa:|,proxyType:|,remoteGlobalIDString:|,remoteInfo:|,,,displayName:React-RCTFabric,isa:PBXTargetDependency,targetProxy:containerPortal:|,displayName:|,isa:|,proxyType:|,remoteGlobalIDString:|,remoteInfo:|,,,displayName:React-Codegen,isa:PBXTargetDependency,targetProxy:containerPortal:|,displayName:|,isa:|,proxyType:|,remoteGlobalIDString:|,remoteInfo:|,,,displayName:RCTRequired,isa:PBXTargetDependency,targetProxy:containerPortal:|,displayName:|,isa:|,proxyType:|,remoteGlobalIDString:|,remoteInfo:|,,,displayName:RCTTypeSafety,isa:PBXTargetDependency,targetProxy:containerPortal:|,displayName:|,isa:|,proxyType:|,remoteGlobalIDString:|,remoteInfo:|,,,displayName:ReactCommon,isa:PBXTargetDependency,targetProxy:containerPortal:|,displayName:|,isa:|,proxyType:|,remoteGlobalIDString:|,remoteInfo:|,,,displayName:React-NativeModulesApple,isa:PBXTargetDependency,targetProxy:containerPortal:|,displayName:|,isa:|,proxyType:|,remoteGlobalIDString:|,remoteInfo:|,,,displayName:Yoga,isa:PBXTargetDependency,targetProxy:containerPortal:|,displayName:|,isa:|,proxyType:|,remoteGlobalIDString:|,remoteInfo:|,,,displayName:React-Fabric,isa:PBXTargetDependency,targetProxy:containerPortal:|,displayName:|,isa:|,proxyType:|,remoteGlobalIDString:|,remoteInfo:|,,,displayName:React-graphics,isa:PBXTargetDependency,targetProxy:containerPortal:|,displayName:|,isa:|,proxyType:|,remoteGlobalIDString:|,remoteInfo:|,,,displayName:React-utils,isa:PBXTargetDependency,targetProxy:containerPortal:|,displayName:|,isa:|,proxyType:|,remoteGlobalIDString:|,remoteInfo:|,,,displayName:React-featureflags,isa:PBXTargetDependency,targetProxy:containerPortal:|,displayName:|,isa:|,proxyType:|,remoteGlobalIDString:|,remoteInfo:|,,,displayName:React-debug,isa:PBXTargetDependency,targetProxy:containerPortal:|,displayName:|,isa:|,proxyType:|,remoteGlobalIDString:|,remoteInfo:|,,,displayName:React-ImageManager,isa:PBXTargetDependency,targetProxy:containerPortal:|,displayName:|,isa:|,proxyType:|,remoteGlobalIDString:|,remoteInfo:|,,,displayName:React-rendererdebug,isa:PBXTargetDependency,targetProxy:containerPortal:|,displayName:|,isa:|,proxyType:|,remoteGlobalIDString:|,remoteInfo:|,,,displayName:DoubleConversion,isa:PBXTargetDependency,targetProxy:containerPortal:|,displayName:|,isa:|,proxyType:|,remoteGlobalIDString:|,remoteInfo:|,,,displayName:React-jsi,isa:PBXTargetDependency,targetProxy:containerPortal:|,displayName:|,isa:|,proxyType:|,remoteGlobalIDString:|,remoteInfo:|,,,displayName:RNGestureHandler,fileSystemSynchronizedGroups:,isa:PBXNativeTarget,name:RNGestureHandler,packageProductDependencies:,productName:RNGestureHandler,productReference:displayName:RNGestureHandler,explicitFileType:wrapper.framework,includeInIndex:0,isa:PBXFileReference,name:RNGestureHandler,path:RNGestureHandler.framework,sourceTree:BUILT_PRODUCTS_DIR,,productType:com.apple.product-type.framework,/dependencies/displayName:React-RCTFabric,isa:PBXTargetDependency,targetProxy:containerPortal:46EB2E00000000,displayName:ContainerItemProxy,isa:PBXContainerItemProxy,proxyType:1,remoteGlobalIDString:46EB2E00020EA0,remoteInfo:React-RCTFabric,,/target/dependencies/displayName:React-RCTImage,isa:PBXTargetDependency,targetProxy:containerPortal:46EB2E00000000,displayName:ContainerItemProxy,isa:PBXContainerItemProxy,proxyType:1,remoteGlobalIDString:46EB2E000215E0,remoteInfo:React-RCTImage,,/target/dependencies/displayName:React-RCTNetwork,isa:PBXTargetDependency,targetProxy:containerPortal:46EB2E00000000,displayName:ContainerItemProxy,isa:PBXContainerItemProxy,proxyType:1,remoteGlobalIDString:46EB2E000219A0,remoteInfo:React-RCTNetwork,,/target/dependencies/displayName:React-Codegen,isa:PBXTargetDependency,targetProxy:containerPortal:46EB2E00000000,displayName:ContainerItemProxy,isa:PBXContainerItemProxy,proxyType:1,remoteGlobalIDString:46EB2E0001AAC0,remoteInfo:React-Codegen,,/target/buildPhases/buildActionMask:2147483647,displayName:Headers,files:displayName:FBReactNativeSpec.h,fileRef:displayName:|,includeInIndex:|,isa:|,lastKnownFileType:|,path:|,sourceTree:|,,isa:PBXBuildFile,,displayName:FBReactNativeSpecJSI.h,fileRef:displayName:|,includeInIndex:|,isa:|,lastKnownFileType:|,path:|,sourceTree:|,,isa:PBXBuildFile,,displayName:RCTModulesConformingToProtocolsProvider.h,fileRef:displayName:|,includeInIndex:|,isa:|,lastKnownFileType:|,path:|,sourceTree:|,,isa:PBXBuildFile,,displayName:ComponentDescriptors.h,fileRef:displayName:|,includeInIndex:|,isa:|,lastKnownFileType:|,path:|,sourceTree:|,,isa:PBXBuildFile,,displayName:EventEmitters.h,fileRef:displayName:|,includeInIndex:|,isa:|,lastKnownFileType:|,path:|,sourceTree:|,,isa:PBXBuildFile,,displayName:Props.h,fileRef:displayName:|,includeInIndex:|,isa:|,lastKnownFileType:|,path:|,sourceTree:|,,isa:PBXBuildFile,,displayName:RCTComponentViewHelpers.h,fileRef:displayName:|,includeInIndex:|,isa:|,lastKnownFileType:|,path:|,sourceTree:|,,isa:PBXBuildFile,,displayName:ShadowNodes.h,fileRef:displayName:|,includeInIndex:|,isa:|,lastKnownFileType:|,path:|,sourceTree:|,,isa:PBXBuildFile,,displayName:States.h,fileRef:displayName:|,includeInIndex:|,isa:|,lastKnownFileType:|,path:|,sourceTree:|,,isa:PBXBuildFile,,displayName:ComponentDescriptors.h,fileRef:displayName:|,includeInIndex:|,isa:|,lastKnownFileType:|,path:|,sourceTree:|,,isa:PBXBuildFile,,displayName:EventEmitters.h,fileRef:displayName:|,includeInIndex:|,isa:|,lastKnownFileType:|,path:|,sourceTree:|,,isa:PBXBuildFile,,displayName:Props.h,fileRef:displayName:|,includeInIndex:|,isa:|,lastKnownFileType:|,path:|,sourceTree:|,,isa:PBXBuildFile,,displayName:RCTComponentViewHelpers.h,fileRef:displayName:|,includeInIndex:|,isa:|,lastKnownFileType:|,path:|,sourceTree:|,,isa:PBXBuildFile,,displayName:ShadowNodes.h,fileRef:displayName:|,includeInIndex:|,isa:|,lastKnownFileType:|,path:|,sourceTree:|,,isa:PBXBuildFile,,displayName:States.h,fileRef:displayName:|,includeInIndex:|,isa:|,lastKnownFileType:|,path:|,sourceTree:|,,isa:PBXBuildFile,,displayName:ComponentDescriptors.h,fileRef:displayName:|,includeInIndex:|,isa:|,lastKnownFileType:|,path:|,sourceTree:|,,isa:PBXBuildFile,,displayName:EventEmitters.h,fileRef:displayName:|,includeInIndex:|,isa:|,lastKnownFileType:|,path:|,sourceTree:|,,isa:PBXBuildFile,,displayName:Props.h,fileRef:displayName:|,includeInIndex:|,isa:|,lastKnownFileType:|,path:|,sourceTree:|,,isa:PBXBuildFile,,displayName:RCTComponentViewHelpers.h,fileRef:displayName:|,includeInIndex:|,isa:|,lastKnownFileType:|,path:|,sourceTree:|,,isa:PBXBuildFile,,displayName:ShadowNodes.h,fileRef:displayName:|,includeInIndex:|,isa:|,lastKnownFileType:|,path:|,sourceTree:|,,isa:PBXBuildFile,,displayName:States.h,fileRef:displayName:|,includeInIndex:|,isa:|,lastKnownFileType:|,path:|,sourceTree:|,,isa:PBXBuildFile,,displayName:ComponentDescriptors.h,fileRef:displayName:|,includeInIndex:|,isa:|,lastKnownFileType:|,path:|,sourceTree:|,,isa:PBXBuildFile,,displayName:EventEmitters.h,fileRef:displayName:|,includeInIndex:|,isa:|,lastKnownFileType:|,path:|,sourceTree:|,,isa:PBXBuildFile,,displayName:Props.h,fileRef:displayName:|,includeInIndex:|,isa:|,lastKnownFileType:|,path:|,sourceTree:|,,isa:PBXBuildFile,,displayName:RCTComponentViewHelpers.h,fileRef:displayName:|,includeInIndex:|,isa:|,lastKnownFileType:|,path:|,sourceTree:|,,isa:PBXBuildFile,,displayName:ShadowNodes.h,fileRef:displayName:|,includeInIndex:|,isa:|,lastKnownFileType:|,path:|,sourceTree:|,,isa:PBXBuildFile,,displayName:States.h,fileRef:displayName:|,includeInIndex:|,isa:|,lastKnownFileType:|,path:|,sourceTree:|,,isa:PBXBuildFile,,displayName:ComponentDescriptors.h,fileRef:displayName:|,includeInIndex:|,isa:|,lastKnownFileType:|,path:|,sourceTree:|,,isa:PBXBuildFile,,displayName:EventEmitters.h,fileRef:displayName:|,includeInIndex:|,isa:|,lastKnownFileType:|,path:|,sourceTree:|,,isa:PBXBuildFile,,displayName:Props.h,fileRef:displayName:|,includeInIndex:|,isa:|,lastKnownFileType:|,path:|,sourceTree:|,,isa:PBXBuildFile,,displayName:RCTComponentViewHelpers.h,fileRef:displayName:|,includeInIndex:|,isa:|,lastKnownFileType:|,path:|,sourceTree:|,,isa:PBXBuildFile,,displayName:ShadowNodes.h,fileRef:displayName:|,includeInIndex:|,isa:|,lastKnownFileType:|,path:|,sourceTree:|,,isa:PBXBuildFile,,displayName:States.h,fileRef:displayName:|,includeInIndex:|,isa:|,lastKnownFileType:|,path:|,sourceTree:|,,isa:PBXBuildFile,,displayName:ComponentDescriptors.h,fileRef:displayName:|,includeInIndex:|,isa:|,lastKnownFileType:|,path:|,sourceTree:|,,isa:PBXBuildFile,,displayName:EventEmitters.h,fileRef:displayName:|,includeInIndex:|,isa:|,lastKnownFileType:|,path:|,sourceTree:|,,isa:PBXBuildFile,,displayName:Props.h,fileRef:displayName:|,includeInIndex:|,isa:|,lastKnownFileType:|,path:|,sourceTree:|,,isa:PBXBuildFile,,displayName:RCTComponentViewHelpers.h,fileRef:displayName:|,includeInIndex:|,isa:|,lastKnownFileType:|,path:|,sourceTree:|,,isa:PBXBuildFile,,displayName:ShadowNodes.h,fileRef:displayName:|,includeInIndex:|,isa:|,lastKnownFileType:|,path:|,sourceTree:|,,isa:PBXBuildFile,,displayName:States.h,fileRef:displayName:|,includeInIndex:|,isa:|,lastKnownFileType:|,path:|,sourceTree:|,,isa:PBXBuildFile,,displayName:rnasyncstorage.h,fileRef:displayName:|,includeInIndex:|,isa:|,lastKnownFileType:|,path:|,sourceTree:|,,isa:PBXBuildFile,,displayName:rnasyncstorageJSI.h,fileRef:displayName:|,includeInIndex:|,isa:|,lastKnownFileType:|,path:|,sourceTree:|,,isa:PBXBuildFile,,displayName:RNCConfigModule.h,fileRef:displayName:|,includeInIndex:|,isa:|,lastKnownFileType:|,path:|,sourceTree:|,,isa:PBXBuildFile,,displayName:RNCConfigModuleJSI.h,fileRef:displayName:|,includeInIndex:|,isa:|,lastKnownFileType:|,path:|,sourceTree:|,,isa:PBXBuildFile,,displayName:rnclipboard.h,fileRef:displayName:|,includeInIndex:|,isa:|,lastKnownFileType:|,path:|,sourceTree:|,,isa:PBXBuildFile,,displayName:rnclipboardJSI.h,fileRef:displayName:|,includeInIndex:|,isa:|,lastKnownFileType:|,path:|,sourceTree:|,,isa:PBXBuildFile,,displayName:rngesturehandler_codegen.h,fileRef:displayName:|,includeInIndex:|,isa:|,lastKnownFileType:|,path:|,sourceTree:|,,isa:PBXBuildFile,,displayName:rngesturehandler_codegenJSI.h,fileRef:displayName:|,includeInIndex:|,isa:|,lastKnownFileType:|,path:|,sourceTree:|,,isa:PBXBuildFile,,displayName:RNGoogleSignInCGen.h,fileRef:displayName:|,includeInIndex:|,isa:|,lastKnownFileType:|,path:|,sourceTree:|,,isa:PBXBuildFile,,displayName:RNGoogleSignInCGenJSI.h,fileRef:displayName:|,includeInIndex:|,isa:|,lastKnownFileType:|,path:|,sourceTree:|,,isa:PBXBuildFile,,displayName:RNImagePickerSpec.h,fileRef:displayName:|,includeInIndex:|,isa:|,lastKnownFileType:|,path:|,sourceTree:|,,isa:PBXBuildFile,,displayName:RNImagePickerSpecJSI.h,fileRef:displayName:|,includeInIndex:|,isa:|,lastKnownFileType:|,path:|,sourceTree:|,,isa:PBXBuildFile,,displayName:rnpermissions.h,fileRef:displayName:|,includeInIndex:|,isa:|,lastKnownFileType:|,path:|,sourceTree:|,,isa:PBXBuildFile,,displayName:rnpermissionsJSI.h,fileRef:displayName:|,includeInIndex:|,isa:|,lastKnownFileType:|,path:|,sourceTree:|,,isa:PBXBuildFile,,displayName:rnreanimated.h,fileRef:displayName:|,includeInIndex:|,isa:|,lastKnownFileType:|,path:|,sourceTree:|,,isa:PBXBuildFile,,displayName:rnreanimatedJSI.h,fileRef:displayName:|,includeInIndex:|,isa:|,lastKnownFileType:|,path:|,sourceTree:|,,isa:PBXBuildFile,,displayName:rnscreens.h,fileRef:displayName:|,includeInIndex:|,isa:|,lastKnownFileType:|,path:|,sourceTree:|,,isa:PBXBuildFile,,displayName:rnscreensJSI.h,fileRef:displayName:|,includeInIndex:|,isa:|,lastKnownFileType:|,path:|,sourceTree:|,,isa:PBXBuildFile,,displayName:rnsvg.h,fileRef:displayName:|,includeInIndex:|,isa:|,lastKnownFileType:|,path:|,sourceTree:|,,isa:PBXBuildFile,,displayName:rnsvgJSI.h,fileRef:displayName:|,includeInIndex:|,isa:|,lastKnownFileType:|,path:|,sourceTree:|,,isa:PBXBuildFile,,displayName:RNVectorIconsSpec.h,fileRef:displayName:|,includeInIndex:|,isa:|,lastKnownFileType:|,path:|,sourceTree:|,,isa:PBXBuildFile,,displayName:RNVectorIconsSpecJSI.h,fileRef:displayName:|,includeInIndex:|,isa:|,lastKnownFileType:|,path:|,sourceTree:|,,isa:PBXBuildFile,,displayName:safeareacontext.h,fileRef:displayName:|,includeInIndex:|,isa:|,lastKnownFileType:|,path:|,sourceTree:|,,isa:PBXBuildFile,,displayName:safeareacontextJSI.h,fileRef:displayName:|,includeInIndex:|,isa:|,lastKnownFileType:|,path:|,sourceTree:|,,isa:PBXBuildFile,,displayName:React-Codegen-umbrella.h,fileRef:displayName:|,includeInIndex:|,isa:|,lastKnownFileType:|,path:|,sourceTree:|,,isa:PBXBuildFile,settings:ATTRIBUTES:|,,,isa:PBXHeadersBuildPhase,runOnlyForDeploymentPostprocessing:0,/files/displayName:ComponentDescriptors.h,fileRef:displayName:ComponentDescriptors.h,includeInIndex:1,isa:PBXFileReference,lastKnownFileType:sourcecode.c.h,path:ComponentDescriptors.h,sourceTree:<group>,,isa:PBXBuildFile,
PBXBuildFile -- Pods.xcodeproj/targets/buildConfigurationList:buildConfigurations:baseConfigurationReference:|,buildSettings:|,displayName:|,isa:|,name:|,,baseConfigurationReference:|,buildSettings:|,displayName:|,isa:|,name:|,,defaultConfigurationIsVisible:0,defaultConfigurationName:Release,displayName:ConfigurationList,isa:XCConfigurationList,,buildPhases:buildActionMask:2147483647,displayName:Headers,files:|,|,|,|,|,|,|,|,|,|,|,|,|,|,|,|,|,|,|,|,|,|,|,|,|,|,|,|,isa:PBXHeadersBuildPhase,runOnlyForDeploymentPostprocessing:0,,buildActionMask:2147483647,displayName:Sources,files:|,|,|,|,|,|,|,|,|,|,|,|,|,|,|,|,|,|,|,|,|,|,|,isa:PBXSourcesBuildPhase,runOnlyForDeploymentPostprocessing:0,,buildActionMask:2147483647,displayName:Frameworks,files:|,isa:PBXFrameworksBuildPhase,runOnlyForDeploymentPostprocessing:0,,buildActionMask:2147483647,displayName:Resources,files:,isa:PBXResourcesBuildPhase,runOnlyForDeploymentPostprocessing:0,,buildRules:,dependencies:displayName:React-Core,isa:PBXTargetDependency,targetProxy:containerPortal:|,displayName:|,isa:|,proxyType:|,remoteGlobalIDString:|,remoteInfo:|,,,displayName:RCT-Folly,isa:PBXTargetDependency,targetProxy:containerPortal:|,displayName:|,isa:|,proxyType:|,remoteGlobalIDString:|,remoteInfo:|,,,displayName:glog,isa:PBXTargetDependency,targetProxy:containerPortal:|,displayName:|,isa:|,proxyType:|,remoteGlobalIDString:|,remoteInfo:|,,,displayName:React-RCTFabric,isa:PBXTargetDependency,targetProxy:containerPortal:|,displayName:|,isa:|,proxyType:|,remoteGlobalIDString:|,remoteInfo:|,,,displayName:React-Codegen,isa:PBXTargetDependency,targetProxy:containerPortal:|,displayName:|,isa:|,proxyType:|,remoteGlobalIDString:|,remoteInfo:|,,,displayName:RCTRequired,isa:PBXTargetDependency,targetProxy:containerPortal:|,displayName:|,isa:|,proxyType:|,remoteGlobalIDString:|,remoteInfo:|,,,displayName:RCTTypeSafety,isa:PBXTargetDependency,targetProxy:containerPortal:|,displayName:|,isa:|,proxyType:|,remoteGlobalIDString:|,remoteInfo:|,,,displayName:ReactCommon,isa:PBXTargetDependency,targetProxy:containerPortal:|,displayName:|,isa:|,proxyType:|,remoteGlobalIDString:|,remoteInfo:|,,,displayName:React-NativeModulesApple,isa:PBXTargetDependency,targetProxy:containerPortal:|,displayName:|,isa:|,proxyType:|,remoteGlobalIDString:|,remoteInfo:|,,,displayName:Yoga,isa:PBXTargetDependency,targetProxy:containerPortal:|,displayName:|,isa:|,proxyType:|,remoteGlobalIDString:|,remoteInfo:|,,,displayName:React-Fabric,isa:PBXTargetDependency,targetProxy:containerPortal:|,displayName:|,isa:|,proxyType:|,remoteGlobalIDString:|,remoteInfo:|,,,displayName:React-graphics,isa:PBXTargetDependency,targetProxy:containerPortal:|,displayName:|,isa:|,proxyType:|,remoteGlobalIDString:|,remoteInfo:|,,,displayName:React-utils,isa:PBXTargetDependency,targetProxy:containerPortal:|,displayName:|,isa:|,proxyType:|,remoteGlobalIDString:|,remoteInfo:|,,,displayName:React-featureflags,isa:PBXTargetDependency,targetProxy:containerPortal:|,displayName:|,isa:|,proxyType:|,remoteGlobalIDString:|,remoteInfo:|,,,displayName:React-debug,isa:PBXTargetDependency,targetProxy:containerPortal:|,displayName:|,isa:|,proxyType:|,remoteGlobalIDString:|,remoteInfo:|,,,displayName:React-ImageManager,isa:PBXTargetDependency,targetProxy:containerPortal:|,displayName:|,isa:|,proxyType:|,remoteGlobalIDString:|,remoteInfo:|,,,displayName:React-rendererdebug,isa:PBXTargetDependency,targetProxy:containerPortal:|,displayName:|,isa:|,proxyType:|,remoteGlobalIDString:|,remoteInfo:|,,,displayName:DoubleConversion,isa:PBXTargetDependency,targetProxy:containerPortal:|,displayName:|,isa:|,proxyType:|,remoteGlobalIDString:|,remoteInfo:|,,,displayName:React-jsi,isa:PBXTargetDependency,targetProxy:containerPortal:|,displayName:|,isa:|,proxyType:|,remoteGlobalIDString:|,remoteInfo:|,,,displayName:RNGestureHandler,fileSystemSynchronizedGroups:,isa:PBXNativeTarget,name:RNGestureHandler,packageProductDependencies:,productName:RNGestureHandler,productReference:displayName:RNGestureHandler,explicitFileType:wrapper.framework,includeInIndex:0,isa:PBXFileReference,name:RNGestureHandler,path:RNGestureHandler.framework,sourceTree:BUILT_PRODUCTS_DIR,,productType:com.apple.product-type.framework,/dependencies/displayName:React-RCTFabric,isa:PBXTargetDependency,targetProxy:containerPortal:46EB2E00000000,displayName:ContainerItemProxy,isa:PBXContainerItemProxy,proxyType:1,remoteGlobalIDString:46EB2E00020EA0,remoteInfo:React-RCTFabric,,/target/dependencies/displayName:React-RCTImage,isa:PBXTargetDependency,targetProxy:containerPortal:46EB2E00000000,displayName:ContainerItemProxy,isa:PBXContainerItemProxy,proxyType:1,remoteGlobalIDString:46EB2E000215E0,remoteInfo:React-RCTImage,,/target/dependencies/displayName:React-RCTNetwork,isa:PBXTargetDependency,targetProxy:containerPortal:46EB2E00000000,displayName:ContainerItemProxy,isa:PBXContainerItemProxy,proxyType:1,remoteGlobalIDString:46EB2E000219A0,remoteInfo:React-RCTNetwork,,/target/dependencies/displayName:React-Codegen,isa:PBXTargetDependency,targetProxy:containerPortal:46EB2E00000000,displayName:ContainerItemProxy,isa:PBXContainerItemProxy,proxyType:1,remoteGlobalIDString:46EB2E0001AAC0,remoteInfo:React-Codegen,,/target/buildPhases/buildActionMask:2147483647,displayName:Headers,files:displayName:FBReactNativeSpec.h,fileRef:displayName:|,includeInIndex:|,isa:|,lastKnownFileType:|,path:|,sourceTree:|,,isa:PBXBuildFile,,displayName:FBReactNativeSpecJSI.h,fileRef:displayName:|,includeInIndex:|,isa:|,lastKnownFileType:|,path:|,sourceTree:|,,isa:PBXBuildFile,,displayName:RCTModulesConformingToProtocolsProvider.h,fileRef:displayName:|,includeInIndex:|,isa:|,lastKnownFileType:|,path:|,sourceTree:|,,isa:PBXBuildFile,,displayName:ComponentDescriptors.h,fileRef:displayName:|,includeInIndex:|,isa:|,lastKnownFileType:|,path:|,sourceTree:|,,isa:PBXBuildFile,,displayName:EventEmitters.h,fileRef:displayName:|,includeInIndex:|,isa:|,lastKnownFileType:|,path:|,sourceTree:|,,isa:PBXBuildFile,,displayName:Props.h,fileRef:displayName:|,includeInIndex:|,isa:|,lastKnownFileType:|,path:|,sourceTree:|,,isa:PBXBuildFile,,displayName:RCTComponentViewHelpers.h,fileRef:displayName:|,includeInIndex:|,isa:|,lastKnownFileType:|,path:|,sourceTree:|,,isa:PBXBuildFile,,displayName:ShadowNodes.h,fileRef:displayName:|,includeInIndex:|,isa:|,lastKnownFileType:|,path:|,sourceTree:|,,isa:PBXBuildFile,,displayName:States.h,fileRef:displayName:|,includeInIndex:|,isa:|,lastKnownFileType:|,path:|,sourceTree:|,,isa:PBXBuildFile,,displayName:ComponentDescriptors.h,fileRef:displayName:|,includeInIndex:|,isa:|,lastKnownFileType:|,path:|,sourceTree:|,,isa:PBXBuildFile,,displayName:EventEmitters.h,fileRef:displayName:|,includeInIndex:|,isa:|,lastKnownFileType:|,path:|,sourceTree:|,,isa:PBXBuildFile,,displayName:Props.h,fileRef:displayName:|,includeInIndex:|,isa:|,lastKnownFileType:|,path:|,sourceTree:|,,isa:PBXBuildFile,,displayName:RCTComponentViewHelpers.h,fileRef:displayName:|,includeInIndex:|,isa:|,lastKnownFileType:|,path:|,sourceTree:|,,isa:PBXBuildFile,,displayName:ShadowNodes.h,fileRef:displayName:|,includeInIndex:|,isa:|,lastKnownFileType:|,path:|,sourceTree:|,,isa:PBXBuildFile,,displayName:States.h,fileRef:displayName:|,includeInIndex:|,isa:|,lastKnownFileType:|,path:|,sourceTree:|,,isa:PBXBuildFile,,displayName:ComponentDescriptors.h,fileRef:displayName:|,includeInIndex:|,isa:|,lastKnownFileType:|,path:|,sourceTree:|,,isa:PBXBuildFile,,displayName:EventEmitters.h,fileRef:displayName:|,includeInIndex:|,isa:|,lastKnownFileType:|,path:|,sourceTree:|,,isa:PBXBuildFile,,displayName:Props.h,fileRef:displayName:|,includeInIndex:|,isa:|,lastKnownFileType:|,path:|,sourceTree:|,,isa:PBXBuildFile,,displayName:RCTComponentViewHelpers.h,fileRef:displayName:|,includeInIndex:|,isa:|,lastKnownFileType:|,path:|,sourceTree:|,,isa:PBXBuildFile,,displayName:ShadowNodes.h,fileRef:displayName:|,includeInIndex:|,isa:|,lastKnownFileType:|,path:|,sourceTree:|,,isa:PBXBuildFile,,displayName:States.h,fileRef:displayName:|,includeInIndex:|,isa:|,lastKnownFileType:|,path:|,sourceTree:|,,isa:PBXBuildFile,,displayName:ComponentDescriptors.h,fileRef:displayName:|,includeInIndex:|,isa:|,lastKnownFileType:|,path:|,sourceTree:|,,isa:PBXBuildFile,,displayName:EventEmitters.h,fileRef:displayName:|,includeInIndex:|,isa:|,lastKnownFileType:|,path:|,sourceTree:|,,isa:PBXBuildFile,,displayName:Props.h,fileRef:displayName:|,includeInIndex:|,isa:|,lastKnownFileType:|,path:|,sourceTree:|,,isa:PBXBuildFile,,displayName:RCTComponentViewHelpers.h,fileRef:displayName:|,includeInIndex:|,isa:|,lastKnownFileType:|,path:|,sourceTree:|,,isa:PBXBuildFile,,displayName:ShadowNodes.h,fileRef:displayName:|,includeInIndex:|,isa:|,lastKnownFileType:|,path:|,sourceTree:|,,isa:PBXBuildFile,,displayName:States.h,fileRef:displayName:|,includeInIndex:|,isa:|,lastKnownFileType:|,path:|,sourceTree:|,,isa:PBXBuildFile,,displayName:ComponentDescriptors.h,fileRef:displayName:|,includeInIndex:|,isa:|,lastKnownFileType:|,path:|,sourceTree:|,,isa:PBXBuildFile,,displayName:EventEmitters.h,fileRef:displayName:|,includeInIndex:|,isa:|,lastKnownFileType:|,path:|,sourceTree:|,,isa:PBXBuildFile,,displayName:Props.h,fileRef:displayName:|,includeInIndex:|,isa:|,lastKnownFileType:|,path:|,sourceTree:|,,isa:PBXBuildFile,,displayName:RCTComponentViewHelpers.h,fileRef:displayName:|,includeInIndex:|,isa:|,lastKnownFileType:|,path:|,sourceTree:|,,isa:PBXBuildFile,,displayName:ShadowNodes.h,fileRef:displayName:|,includeInIndex:|,isa:|,lastKnownFileType:|,path:|,sourceTree:|,,isa:PBXBuildFile,,displayName:States.h,fileRef:displayName:|,includeInIndex:|,isa:|,lastKnownFileType:|,path:|,sourceTree:|,,isa:PBXBuildFile,,displayName:ComponentDescriptors.h,fileRef:displayName:|,includeInIndex:|,isa:|,lastKnownFileType:|,path:|,sourceTree:|,,isa:PBXBuildFile,,displayName:EventEmitters.h,fileRef:displayName:|,includeInIndex:|,isa:|,lastKnownFileType:|,path:|,sourceTree:|,,isa:PBXBuildFile,,displayName:Props.h,fileRef:displayName:|,includeInIndex:|,isa:|,lastKnownFileType:|,path:|,sourceTree:|,,isa:PBXBuildFile,,displayName:RCTComponentViewHelpers.h,fileRef:displayName:|,includeInIndex:|,isa:|,lastKnownFileType:|,path:|,sourceTree:|,,isa:PBXBuildFile,,displayName:ShadowNodes.h,fileRef:displayName:|,includeInIndex:|,isa:|,lastKnownFileType:|,path:|,sourceTree:|,,isa:PBXBuildFile,,displayName:States.h,fileRef:displayName:|,includeInIndex:|,isa:|,lastKnownFileType:|,path:|,sourceTree:|,,isa:PBXBuildFile,,displayName:rnasyncstorage.h,fileRef:displayName:|,includeInIndex:|,isa:|,lastKnownFileType:|,path:|,sourceTree:|,,isa:PBXBuildFile,,displayName:rnasyncstorageJSI.h,fileRef:displayName:|,includeInIndex:|,isa:|,lastKnownFileType:|,path:|,sourceTree:|,,isa:PBXBuildFile,,displayName:RNCConfigModule.h,fileRef:displayName:|,includeInIndex:|,isa:|,lastKnownFileType:|,path:|,sourceTree:|,,isa:PBXBuildFile,,displayName:RNCConfigModuleJSI.h,fileRef:displayName:|,includeInIndex:|,isa:|,lastKnownFileType:|,path:|,sourceTree:|,,isa:PBXBuildFile,,displayName:rnclipboard.h,fileRef:displayName:|,includeInIndex:|,isa:|,lastKnownFileType:|,path:|,sourceTree:|,,isa:PBXBuildFile,,displayName:rnclipboardJSI.h,fileRef:displayName:|,includeInIndex:|,isa:|,lastKnownFileType:|,path:|,sourceTree:|,,isa:PBXBuildFile,,displayName:rngesturehandler_codegen.h,fileRef:displayName:|,includeInIndex:|,isa:|,lastKnownFileType:|,path:|,sourceTree:|,,isa:PBXBuildFile,,displayName:rngesturehandler_codegenJSI.h,fileRef:displayName:|,includeInIndex:|,isa:|,lastKnownFileType:|,path:|,sourceTree:|,,isa:PBXBuildFile,,displayName:RNGoogleSignInCGen.h,fileRef:displayName:|,includeInIndex:|,isa:|,lastKnownFileType:|,path:|,sourceTree:|,,isa:PBXBuildFile,,displayName:RNGoogleSignInCGenJSI.h,fileRef:displayName:|,includeInIndex:|,isa:|,lastKnownFileType:|,path:|,sourceTree:|,,isa:PBXBuildFile,,displayName:RNImagePickerSpec.h,fileRef:displayName:|,includeInIndex:|,isa:|,lastKnownFileType:|,path:|,sourceTree:|,,isa:PBXBuildFile,,displayName:RNImagePickerSpecJSI.h,fileRef:displayName:|,includeInIndex:|,isa:|,lastKnownFileType:|,path:|,sourceTree:|,,isa:PBXBuildFile,,displayName:rnpermissions.h,fileRef:displayName:|,includeInIndex:|,isa:|,lastKnownFileType:|,path:|,sourceTree:|,,isa:PBXBuildFile,,displayName:rnpermissionsJSI.h,fileRef:displayName:|,includeInIndex:|,isa:|,lastKnownFileType:|,path:|,sourceTree:|,,isa:PBXBuildFile,,displayName:rnreanimated.h,fileRef:displayName:|,includeInIndex:|,isa:|,lastKnownFileType:|,path:|,sourceTree:|,,isa:PBXBuildFile,,displayName:rnreanimatedJSI.h,fileRef:displayName:|,includeInIndex:|,isa:|,lastKnownFileType:|,path:|,sourceTree:|,,isa:PBXBuildFile,,displayName:rnscreens.h,fileRef:displayName:|,includeInIndex:|,isa:|,lastKnownFileType:|,path:|,sourceTree:|,,isa:PBXBuildFile,,displayName:rnscreensJSI.h,fileRef:displayName:|,includeInIndex:|,isa:|,lastKnownFileType:|,path:|,sourceTree:|,,isa:PBXBuildFile,,displayName:rnsvg.h,fileRef:displayName:|,includeInIndex:|,isa:|,lastKnownFileType:|,path:|,sourceTree:|,,isa:PBXBuildFile,,displayName:rnsvgJSI.h,fileRef:displayName:|,includeInIndex:|,isa:|,lastKnownFileType:|,path:|,sourceTree:|,,isa:PBXBuildFile,,displayName:RNVectorIconsSpec.h,fileRef:displayName:|,includeInIndex:|,isa:|,lastKnownFileType:|,path:|,sourceTree:|,,isa:PBXBuildFile,,displayName:RNVectorIconsSpecJSI.h,fileRef:displayName:|,includeInIndex:|,isa:|,lastKnownFileType:|,path:|,sourceTree:|,,isa:PBXBuildFile,,displayName:safeareacontext.h,fileRef:displayName:|,includeInIndex:|,isa:|,lastKnownFileType:|,path:|,sourceTree:|,,isa:PBXBuildFile,,displayName:safeareacontextJSI.h,fileRef:displayName:|,includeInIndex:|,isa:|,lastKnownFileType:|,path:|,sourceTree:|,,isa:PBXBuildFile,,displayName:React-Codegen-umbrella.h,fileRef:displayName:|,includeInIndex:|,isa:|,lastKnownFileType:|,path:|,sourceTree:|,,isa:PBXBuildFile,settings:ATTRIBUTES:|,,,isa:PBXHeadersBuildPhase,runOnlyForDeploymentPostprocessing:0,/files/displayName:EventEmitters.h,fileRef:displayName:EventEmitters.h,includeInIndex:1,isa:PBXFileReference,lastKnownFileType:sourcecode.c.h,path:EventEmitters.h,sourceTree:<group>,,isa:PBXBuildFile,
PBXBuildFile -- Pods.xcodeproj/targets/buildConfigurationList:buildConfigurations:baseConfigurationReference:|,buildSettings:|,displayName:|,isa:|,name:|,,baseConfigurationReference:|,buildSettings:|,displayName:|,isa:|,name:|,,defaultConfigurationIsVisible:0,defaultConfigurationName:Release,displayName:ConfigurationList,isa:XCConfigurationList,,buildPhases:buildActionMask:2147483647,displayName:Headers,files:|,|,|,|,|,|,|,|,|,|,|,|,|,|,|,|,|,|,|,|,|,|,|,|,|,|,|,|,isa:PBXHeadersBuildPhase,runOnlyForDeploymentPostprocessing:0,,buildActionMask:2147483647,displayName:Sources,files:|,|,|,|,|,|,|,|,|,|,|,|,|,|,|,|,|,|,|,|,|,|,|,isa:PBXSourcesBuildPhase,runOnlyForDeploymentPostprocessing:0,,buildActionMask:2147483647,displayName:Frameworks,files:|,isa:PBXFrameworksBuildPhase,runOnlyForDeploymentPostprocessing:0,,buildActionMask:2147483647,displayName:Resources,files:,isa:PBXResourcesBuildPhase,runOnlyForDeploymentPostprocessing:0,,buildRules:,dependencies:displayName:React-Core,isa:PBXTargetDependency,targetProxy:containerPortal:|,displayName:|,isa:|,proxyType:|,remoteGlobalIDString:|,remoteInfo:|,,,displayName:RCT-Folly,isa:PBXTargetDependency,targetProxy:containerPortal:|,displayName:|,isa:|,proxyType:|,remoteGlobalIDString:|,remoteInfo:|,,,displayName:glog,isa:PBXTargetDependency,targetProxy:containerPortal:|,displayName:|,isa:|,proxyType:|,remoteGlobalIDString:|,remoteInfo:|,,,displayName:React-RCTFabric,isa:PBXTargetDependency,targetProxy:containerPortal:|,displayName:|,isa:|,proxyType:|,remoteGlobalIDString:|,remoteInfo:|,,,displayName:React-Codegen,isa:PBXTargetDependency,targetProxy:containerPortal:|,displayName:|,isa:|,proxyType:|,remoteGlobalIDString:|,remoteInfo:|,,,displayName:RCTRequired,isa:PBXTargetDependency,targetProxy:containerPortal:|,displayName:|,isa:|,proxyType:|,remoteGlobalIDString:|,remoteInfo:|,,,displayName:RCTTypeSafety,isa:PBXTargetDependency,targetProxy:containerPortal:|,displayName:|,isa:|,proxyType:|,remoteGlobalIDString:|,remoteInfo:|,,,displayName:ReactCommon,isa:PBXTargetDependency,targetProxy:containerPortal:|,displayName:|,isa:|,proxyType:|,remoteGlobalIDString:|,remoteInfo:|,,,displayName:React-NativeModulesApple,isa:PBXTargetDependency,targetProxy:containerPortal:|,displayName:|,isa:|,proxyType:|,remoteGlobalIDString:|,remoteInfo:|,,,displayName:Yoga,isa:PBXTargetDependency,targetProxy:containerPortal:|,displayName:|,isa:|,proxyType:|,remoteGlobalIDString:|,remoteInfo:|,,,displayName:React-Fabric,isa:PBXTargetDependency,targetProxy:containerPortal:|,displayName:|,isa:|,proxyType:|,remoteGlobalIDString:|,remoteInfo:|,,,displayName:React-graphics,isa:PBXTargetDependency,targetProxy:containerPortal:|,displayName:|,isa:|,proxyType:|,remoteGlobalIDString:|,remoteInfo:|,,,displayName:React-utils,isa:PBXTargetDependency,targetProxy:containerPortal:|,displayName:|,isa:|,proxyType:|,remoteGlobalIDString:|,remoteInfo:|,,,displayName:React-featureflags,isa:PBXTargetDependency,targetProxy:containerPortal:|,displayName:|,isa:|,proxyType:|,remoteGlobalIDString:|,remoteInfo:|,,,displayName:React-debug,isa:PBXTargetDependency,targetProxy:containerPortal:|,displayName:|,isa:|,proxyType:|,remoteGlobalIDString:|,remoteInfo:|,,,displayName:React-ImageManager,isa:PBXTargetDependency,targetProxy:containerPortal:|,displayName:|,isa:|,proxyType:|,remoteGlobalIDString:|,remoteInfo:|,,,displayName:React-rendererdebug,isa:PBXTargetDependency,targetProxy:containerPortal:|,displayName:|,isa:|,proxyType:|,remoteGlobalIDString:|,remoteInfo:|,,,displayName:DoubleConversion,isa:PBXTargetDependency,targetProxy:containerPortal:|,displayName:|,isa:|,proxyType:|,remoteGlobalIDString:|,remoteInfo:|,,,displayName:React-jsi,isa:PBXTargetDependency,targetProxy:containerPortal:|,displayName:|,isa:|,proxyType:|,remoteGlobalIDString:|,remoteInfo:|,,,displayName:RNGestureHandler,fileSystemSynchronizedGroups:,isa:PBXNativeTarget,name:RNGestureHandler,packageProductDependencies:,productName:RNGestureHandler,productReference:displayName:RNGestureHandler,explicitFileType:wrapper.framework,includeInIndex:0,isa:PBXFileReference,name:RNGestureHandler,path:RNGestureHandler.framework,sourceTree:BUILT_PRODUCTS_DIR,,productType:com.apple.product-type.framework,/dependencies/displayName:React-RCTFabric,isa:PBXTargetDependency,targetProxy:containerPortal:46EB2E00000000,displayName:ContainerItemProxy,isa:PBXContainerItemProxy,proxyType:1,remoteGlobalIDString:46EB2E00020EA0,remoteInfo:React-RCTFabric,,/target/dependencies/displayName:React-RCTImage,isa:PBXTargetDependency,targetProxy:containerPortal:46EB2E00000000,displayName:ContainerItemProxy,isa:PBXContainerItemProxy,proxyType:1,remoteGlobalIDString:46EB2E000215E0,remoteInfo:React-RCTImage,,/target/dependencies/displayName:React-RCTNetwork,isa:PBXTargetDependency,targetProxy:containerPortal:46EB2E00000000,displayName:ContainerItemProxy,isa:PBXContainerItemProxy,proxyType:1,remoteGlobalIDString:46EB2E000219A0,remoteInfo:React-RCTNetwork,,/target/dependencies/displayName:React-Codegen,isa:PBXTargetDependency,targetProxy:containerPortal:46EB2E00000000,displayName:ContainerItemProxy,isa:PBXContainerItemProxy,proxyType:1,remoteGlobalIDString:46EB2E0001AAC0,remoteInfo:React-Codegen,,/target/buildPhases/buildActionMask:2147483647,displayName:Headers,files:displayName:FBReactNativeSpec.h,fileRef:displayName:|,includeInIndex:|,isa:|,lastKnownFileType:|,path:|,sourceTree:|,,isa:PBXBuildFile,,displayName:FBReactNativeSpecJSI.h,fileRef:displayName:|,includeInIndex:|,isa:|,lastKnownFileType:|,path:|,sourceTree:|,,isa:PBXBuildFile,,displayName:RCTModulesConformingToProtocolsProvider.h,fileRef:displayName:|,includeInIndex:|,isa:|,lastKnownFileType:|,path:|,sourceTree:|,,isa:PBXBuildFile,,displayName:ComponentDescriptors.h,fileRef:displayName:|,includeInIndex:|,isa:|,lastKnownFileType:|,path:|,sourceTree:|,,isa:PBXBuildFile,,displayName:EventEmitters.h,fileRef:displayName:|,includeInIndex:|,isa:|,lastKnownFileType:|,path:|,sourceTree:|,,isa:PBXBuildFile,,displayName:Props.h,fileRef:displayName:|,includeInIndex:|,isa:|,lastKnownFileType:|,path:|,sourceTree:|,,isa:PBXBuildFile,,displayName:RCTComponentViewHelpers.h,fileRef:displayName:|,includeInIndex:|,isa:|,lastKnownFileType:|,path:|,sourceTree:|,,isa:PBXBuildFile,,displayName:ShadowNodes.h,fileRef:displayName:|,includeInIndex:|,isa:|,lastKnownFileType:|,path:|,sourceTree:|,,isa:PBXBuildFile,,displayName:States.h,fileRef:displayName:|,includeInIndex:|,isa:|,lastKnownFileType:|,path:|,sourceTree:|,,isa:PBXBuildFile,,displayName:ComponentDescriptors.h,fileRef:displayName:|,includeInIndex:|,isa:|,lastKnownFileType:|,path:|,sourceTree:|,,isa:PBXBuildFile,,displayName:EventEmitters.h,fileRef:displayName:|,includeInIndex:|,isa:|,lastKnownFileType:|,path:|,sourceTree:|,,isa:PBXBuildFile,,displayName:Props.h,fileRef:displayName:|,includeInIndex:|,isa:|,lastKnownFileType:|,path:|,sourceTree:|,,isa:PBXBuildFile,,displayName:RCTComponentViewHelpers.h,fileRef:displayName:|,includeInIndex:|,isa:|,lastKnownFileType:|,path:|,sourceTree:|,,isa:PBXBuildFile,,displayName:ShadowNodes.h,fileRef:displayName:|,includeInIndex:|,isa:|,lastKnownFileType:|,path:|,sourceTree:|,,isa:PBXBuildFile,,displayName:States.h,fileRef:displayName:|,includeInIndex:|,isa:|,lastKnownFileType:|,path:|,sourceTree:|,,isa:PBXBuildFile,,displayName:ComponentDescriptors.h,fileRef:displayName:|,includeInIndex:|,isa:|,lastKnownFileType:|,path:|,sourceTree:|,,isa:PBXBuildFile,,displayName:EventEmitters.h,fileRef:displayName:|,includeInIndex:|,isa:|,lastKnownFileType:|,path:|,sourceTree:|,,isa:PBXBuildFile,,displayName:Props.h,fileRef:displayName:|,includeInIndex:|,isa:|,lastKnownFileType:|,path:|,sourceTree:|,,isa:PBXBuildFile,,displayName:RCTComponentViewHelpers.h,fileRef:displayName:|,includeInIndex:|,isa:|,lastKnownFileType:|,path:|,sourceTree:|,,isa:PBXBuildFile,,displayName:ShadowNodes.h,fileRef:displayName:|,includeInIndex:|,isa:|,lastKnownFileType:|,path:|,sourceTree:|,,isa:PBXBuildFile,,displayName:States.h,fileRef:displayName:|,includeInIndex:|,isa:|,lastKnownFileType:|,path:|,sourceTree:|,,isa:PBXBuildFile,,displayName:ComponentDescriptors.h,fileRef:displayName:|,includeInIndex:|,isa:|,lastKnownFileType:|,path:|,sourceTree:|,,isa:PBXBuildFile,,displayName:EventEmitters.h,fileRef:displayName:|,includeInIndex:|,isa:|,lastKnownFileType:|,path:|,sourceTree:|,,isa:PBXBuildFile,,displayName:Props.h,fileRef:displayName:|,includeInIndex:|,isa:|,lastKnownFileType:|,path:|,sourceTree:|,,isa:PBXBuildFile,,displayName:RCTComponentViewHelpers.h,fileRef:displayName:|,includeInIndex:|,isa:|,lastKnownFileType:|,path:|,sourceTree:|,,isa:PBXBuildFile,,displayName:ShadowNodes.h,fileRef:displayName:|,includeInIndex:|,isa:|,lastKnownFileType:|,path:|,sourceTree:|,,isa:PBXBuildFile,,displayName:States.h,fileRef:displayName:|,includeInIndex:|,isa:|,lastKnownFileType:|,path:|,sourceTree:|,,isa:PBXBuildFile,,displayName:ComponentDescriptors.h,fileRef:displayName:|,includeInIndex:|,isa:|,lastKnownFileType:|,path:|,sourceTree:|,,isa:PBXBuildFile,,displayName:EventEmitters.h,fileRef:displayName:|,includeInIndex:|,isa:|,lastKnownFileType:|,path:|,sourceTree:|,,isa:PBXBuildFile,,displayName:Props.h,fileRef:displayName:|,includeInIndex:|,isa:|,lastKnownFileType:|,path:|,sourceTree:|,,isa:PBXBuildFile,,displayName:RCTComponentViewHelpers.h,fileRef:displayName:|,includeInIndex:|,isa:|,lastKnownFileType:|,path:|,sourceTree:|,,isa:PBXBuildFile,,displayName:ShadowNodes.h,fileRef:displayName:|,includeInIndex:|,isa:|,lastKnownFileType:|,path:|,sourceTree:|,,isa:PBXBuildFile,,displayName:States.h,fileRef:displayName:|,includeInIndex:|,isa:|,lastKnownFileType:|,path:|,sourceTree:|,,isa:PBXBuildFile,,displayName:ComponentDescriptors.h,fileRef:displayName:|,includeInIndex:|,isa:|,lastKnownFileType:|,path:|,sourceTree:|,,isa:PBXBuildFile,,displayName:EventEmitters.h,fileRef:displayName:|,includeInIndex:|,isa:|,lastKnownFileType:|,path:|,sourceTree:|,,isa:PBXBuildFile,,displayName:Props.h,fileRef:displayName:|,includeInIndex:|,isa:|,lastKnownFileType:|,path:|,sourceTree:|,,isa:PBXBuildFile,,displayName:RCTComponentViewHelpers.h,fileRef:displayName:|,includeInIndex:|,isa:|,lastKnownFileType:|,path:|,sourceTree:|,,isa:PBXBuildFile,,displayName:ShadowNodes.h,fileRef:displayName:|,includeInIndex:|,isa:|,lastKnownFileType:|,path:|,sourceTree:|,,isa:PBXBuildFile,,displayName:States.h,fileRef:displayName:|,includeInIndex:|,isa:|,lastKnownFileType:|,path:|,sourceTree:|,,isa:PBXBuildFile,,displayName:rnasyncstorage.h,fileRef:displayName:|,includeInIndex:|,isa:|,lastKnownFileType:|,path:|,sourceTree:|,,isa:PBXBuildFile,,displayName:rnasyncstorageJSI.h,fileRef:displayName:|,includeInIndex:|,isa:|,lastKnownFileType:|,path:|,sourceTree:|,,isa:PBXBuildFile,,displayName:RNCConfigModule.h,fileRef:displayName:|,includeInIndex:|,isa:|,lastKnownFileType:|,path:|,sourceTree:|,,isa:PBXBuildFile,,displayName:RNCConfigModuleJSI.h,fileRef:displayName:|,includeInIndex:|,isa:|,lastKnownFileType:|,path:|,sourceTree:|,,isa:PBXBuildFile,,displayName:rnclipboard.h,fileRef:displayName:|,includeInIndex:|,isa:|,lastKnownFileType:|,path:|,sourceTree:|,,isa:PBXBuildFile,,displayName:rnclipboardJSI.h,fileRef:displayName:|,includeInIndex:|,isa:|,lastKnownFileType:|,path:|,sourceTree:|,,isa:PBXBuildFile,,displayName:rngesturehandler_codegen.h,fileRef:displayName:|,includeInIndex:|,isa:|,lastKnownFileType:|,path:|,sourceTree:|,,isa:PBXBuildFile,,displayName:rngesturehandler_codegenJSI.h,fileRef:displayName:|,includeInIndex:|,isa:|,lastKnownFileType:|,path:|,sourceTree:|,,isa:PBXBuildFile,,displayName:RNGoogleSignInCGen.h,fileRef:displayName:|,includeInIndex:|,isa:|,lastKnownFileType:|,path:|,sourceTree:|,,isa:PBXBuildFile,,displayName:RNGoogleSignInCGenJSI.h,fileRef:displayName:|,includeInIndex:|,isa:|,lastKnownFileType:|,path:|,sourceTree:|,,isa:PBXBuildFile,,displayName:RNImagePickerSpec.h,fileRef:displayName:|,includeInIndex:|,isa:|,lastKnownFileType:|,path:|,sourceTree:|,,isa:PBXBuildFile,,displayName:RNImagePickerSpecJSI.h,fileRef:displayName:|,includeInIndex:|,isa:|,lastKnownFileType:|,path:|,sourceTree:|,,isa:PBXBuildFile,,displayName:rnpermissions.h,fileRef:displayName:|,includeInIndex:|,isa:|,lastKnownFileType:|,path:|,sourceTree:|,,isa:PBXBuildFile,,displayName:rnpermissionsJSI.h,fileRef:displayName:|,includeInIndex:|,isa:|,lastKnownFileType:|,path:|,sourceTree:|,,isa:PBXBuildFile,,displayName:rnreanimated.h,fileRef:displayName:|,includeInIndex:|,isa:|,lastKnownFileType:|,path:|,sourceTree:|,,isa:PBXBuildFile,,displayName:rnreanimatedJSI.h,fileRef:displayName:|,includeInIndex:|,isa:|,lastKnownFileType:|,path:|,sourceTree:|,,isa:PBXBuildFile,,displayName:rnscreens.h,fileRef:displayName:|,includeInIndex:|,isa:|,lastKnownFileType:|,path:|,sourceTree:|,,isa:PBXBuildFile,,displayName:rnscreensJSI.h,fileRef:displayName:|,includeInIndex:|,isa:|,lastKnownFileType:|,path:|,sourceTree:|,,isa:PBXBuildFile,,displayName:rnsvg.h,fileRef:displayName:|,includeInIndex:|,isa:|,lastKnownFileType:|,path:|,sourceTree:|,,isa:PBXBuildFile,,displayName:rnsvgJSI.h,fileRef:displayName:|,includeInIndex:|,isa:|,lastKnownFileType:|,path:|,sourceTree:|,,isa:PBXBuildFile,,displayName:RNVectorIconsSpec.h,fileRef:displayName:|,includeInIndex:|,isa:|,lastKnownFileType:|,path:|,sourceTree:|,,isa:PBXBuildFile,,displayName:RNVectorIconsSpecJSI.h,fileRef:displayName:|,includeInIndex:|,isa:|,lastKnownFileType:|,path:|,sourceTree:|,,isa:PBXBuildFile,,displayName:safeareacontext.h,fileRef:displayName:|,includeInIndex:|,isa:|,lastKnownFileType:|,path:|,sourceTree:|,,isa:PBXBuildFile,,displayName:safeareacontextJSI.h,fileRef:displayName:|,includeInIndex:|,isa:|,lastKnownFileType:|,path:|,sourceTree:|,,isa:PBXBuildFile,,displayName:React-Codegen-umbrella.h,fileRef:displayName:|,includeInIndex:|,isa:|,lastKnownFileType:|,path:|,sourceTree:|,,isa:PBXBuildFile,settings:ATTRIBUTES:|,,,isa:PBXHeadersBuildPhase,runOnlyForDeploymentPostprocessing:0,/files/displayName:Props.h,fileRef:displayName:Props.h,includeInIndex:1,isa:PBXFileReference,lastKnownFileType:sourcecode.c.h,path:Props.h,sourceTree:<group>,,isa:PBXBuildFile,
PBXBuildFile -- Pods.xcodeproj/targets/buildConfigurationList:buildConfigurations:baseConfigurationReference:|,buildSettings:|,displayName:|,isa:|,name:|,,baseConfigurationReference:|,buildSettings:|,displayName:|,isa:|,name:|,,defaultConfigurationIsVisible:0,defaultConfigurationName:Release,displayName:ConfigurationList,isa:XCConfigurationList,,buildPhases:buildActionMask:2147483647,displayName:Headers,files:|,|,|,|,|,|,|,|,|,|,|,|,|,|,|,|,|,|,|,|,|,|,|,|,|,|,|,|,isa:PBXHeadersBuildPhase,runOnlyForDeploymentPostprocessing:0,,buildActionMask:2147483647,displayName:Sources,files:|,|,|,|,|,|,|,|,|,|,|,|,|,|,|,|,|,|,|,|,|,|,|,isa:PBXSourcesBuildPhase,runOnlyForDeploymentPostprocessing:0,,buildActionMask:2147483647,displayName:Frameworks,files:|,isa:PBXFrameworksBuildPhase,runOnlyForDeploymentPostprocessing:0,,buildActionMask:2147483647,displayName:Resources,files:,isa:PBXResourcesBuildPhase,runOnlyForDeploymentPostprocessing:0,,buildRules:,dependencies:displayName:React-Core,isa:PBXTargetDependency,targetProxy:containerPortal:|,displayName:|,isa:|,proxyType:|,remoteGlobalIDString:|,remoteInfo:|,,,displayName:RCT-Folly,isa:PBXTargetDependency,targetProxy:containerPortal:|,displayName:|,isa:|,proxyType:|,remoteGlobalIDString:|,remoteInfo:|,,,displayName:glog,isa:PBXTargetDependency,targetProxy:containerPortal:|,displayName:|,isa:|,proxyType:|,remoteGlobalIDString:|,remoteInfo:|,,,displayName:React-RCTFabric,isa:PBXTargetDependency,targetProxy:containerPortal:|,displayName:|,isa:|,proxyType:|,remoteGlobalIDString:|,remoteInfo:|,,,displayName:React-Codegen,isa:PBXTargetDependency,targetProxy:containerPortal:|,displayName:|,isa:|,proxyType:|,remoteGlobalIDString:|,remoteInfo:|,,,displayName:RCTRequired,isa:PBXTargetDependency,targetProxy:containerPortal:|,displayName:|,isa:|,proxyType:|,remoteGlobalIDString:|,remoteInfo:|,,,displayName:RCTTypeSafety,isa:PBXTargetDependency,targetProxy:containerPortal:|,displayName:|,isa:|,proxyType:|,remoteGlobalIDString:|,remoteInfo:|,,,displayName:ReactCommon,isa:PBXTargetDependency,targetProxy:containerPortal:|,displayName:|,isa:|,proxyType:|,remoteGlobalIDString:|,remoteInfo:|,,,displayName:React-NativeModulesApple,isa:PBXTargetDependency,targetProxy:containerPortal:|,displayName:|,isa:|,proxyType:|,remoteGlobalIDString:|,remoteInfo:|,,,displayName:Yoga,isa:PBXTargetDependency,targetProxy:containerPortal:|,displayName:|,isa:|,proxyType:|,remoteGlobalIDString:|,remoteInfo:|,,,displayName:React-Fabric,isa:PBXTargetDependency,targetProxy:containerPortal:|,displayName:|,isa:|,proxyType:|,remoteGlobalIDString:|,remoteInfo:|,,,displayName:React-graphics,isa:PBXTargetDependency,targetProxy:containerPortal:|,displayName:|,isa:|,proxyType:|,remoteGlobalIDString:|,remoteInfo:|,,,displayName:React-utils,isa:PBXTargetDependency,targetProxy:containerPortal:|,displayName:|,isa:|,proxyType:|,remoteGlobalIDString:|,remoteInfo:|,,,displayName:React-featureflags,isa:PBXTargetDependency,targetProxy:containerPortal:|,displayName:|,isa:|,proxyType:|,remoteGlobalIDString:|,remoteInfo:|,,,displayName:React-debug,isa:PBXTargetDependency,targetProxy:containerPortal:|,displayName:|,isa:|,proxyType:|,remoteGlobalIDString:|,remoteInfo:|,,,displayName:React-ImageManager,isa:PBXTargetDependency,targetProxy:containerPortal:|,displayName:|,isa:|,proxyType:|,remoteGlobalIDString:|,remoteInfo:|,,,displayName:React-rendererdebug,isa:PBXTargetDependency,targetProxy:containerPortal:|,displayName:|,isa:|,proxyType:|,remoteGlobalIDString:|,remoteInfo:|,,,displayName:DoubleConversion,isa:PBXTargetDependency,targetProxy:containerPortal:|,displayName:|,isa:|,proxyType:|,remoteGlobalIDString:|,remoteInfo:|,,,displayName:React-jsi,isa:PBXTargetDependency,targetProxy:containerPortal:|,displayName:|,isa:|,proxyType:|,remoteGlobalIDString:|,remoteInfo:|,,,displayName:RNGestureHandler,fileSystemSynchronizedGroups:,isa:PBXNativeTarget,name:RNGestureHandler,packageProductDependencies:,productName:RNGestureHandler,productReference:displayName:RNGestureHandler,explicitFileType:wrapper.framework,includeInIndex:0,isa:PBXFileReference,name:RNGestureHandler,path:RNGestureHandler.framework,sourceTree:BUILT_PRODUCTS_DIR,,productType:com.apple.product-type.framework,/dependencies/displayName:React-RCTFabric,isa:PBXTargetDependency,targetProxy:containerPortal:46EB2E00000000,displayName:ContainerItemProxy,isa:PBXContainerItemProxy,proxyType:1,remoteGlobalIDString:46EB2E00020EA0,remoteInfo:React-RCTFabric,,/target/dependencies/displayName:React-RCTImage,isa:PBXTargetDependency,targetProxy:containerPortal:46EB2E00000000,displayName:ContainerItemProxy,isa:PBXContainerItemProxy,proxyType:1,remoteGlobalIDString:46EB2E000215E0,remoteInfo:React-RCTImage,,/target/dependencies/displayName:React-RCTNetwork,isa:PBXTargetDependency,targetProxy:containerPortal:46EB2E00000000,displayName:ContainerItemProxy,isa:PBXContainerItemProxy,proxyType:1,remoteGlobalIDString:46EB2E000219A0,remoteInfo:React-RCTNetwork,,/target/dependencies/displayName:React-Codegen,isa:PBXTargetDependency,targetProxy:containerPortal:46EB2E00000000,displayName:ContainerItemProxy,isa:PBXContainerItemProxy,proxyType:1,remoteGlobalIDString:46EB2E0001AAC0,remoteInfo:React-Codegen,,/target/buildPhases/buildActionMask:2147483647,displayName:Headers,files:displayName:FBReactNativeSpec.h,fileRef:displayName:|,includeInIndex:|,isa:|,lastKnownFileType:|,path:|,sourceTree:|,,isa:PBXBuildFile,,displayName:FBReactNativeSpecJSI.h,fileRef:displayName:|,includeInIndex:|,isa:|,lastKnownFileType:|,path:|,sourceTree:|,,isa:PBXBuildFile,,displayName:RCTModulesConformingToProtocolsProvider.h,fileRef:displayName:|,includeInIndex:|,isa:|,lastKnownFileType:|,path:|,sourceTree:|,,isa:PBXBuildFile,,displayName:ComponentDescriptors.h,fileRef:displayName:|,includeInIndex:|,isa:|,lastKnownFileType:|,path:|,sourceTree:|,,isa:PBXBuildFile,,displayName:EventEmitters.h,fileRef:displayName:|,includeInIndex:|,isa:|,lastKnownFileType:|,path:|,sourceTree:|,,isa:PBXBuildFile,,displayName:Props.h,fileRef:displayName:|,includeInIndex:|,isa:|,lastKnownFileType:|,path:|,sourceTree:|,,isa:PBXBuildFile,,displayName:RCTComponentViewHelpers.h,fileRef:displayName:|,includeInIndex:|,isa:|,lastKnownFileType:|,path:|,sourceTree:|,,isa:PBXBuildFile,,displayName:ShadowNodes.h,fileRef:displayName:|,includeInIndex:|,isa:|,lastKnownFileType:|,path:|,sourceTree:|,,isa:PBXBuildFile,,displayName:States.h,fileRef:displayName:|,includeInIndex:|,isa:|,lastKnownFileType:|,path:|,sourceTree:|,,isa:PBXBuildFile,,displayName:ComponentDescriptors.h,fileRef:displayName:|,includeInIndex:|,isa:|,lastKnownFileType:|,path:|,sourceTree:|,,isa:PBXBuildFile,,displayName:EventEmitters.h,fileRef:displayName:|,includeInIndex:|,isa:|,lastKnownFileType:|,path:|,sourceTree:|,,isa:PBXBuildFile,,displayName:Props.h,fileRef:displayName:|,includeInIndex:|,isa:|,lastKnownFileType:|,path:|,sourceTree:|,,isa:PBXBuildFile,,displayName:RCTComponentViewHelpers.h,fileRef:displayName:|,includeInIndex:|,isa:|,lastKnownFileType:|,path:|,sourceTree:|,,isa:PBXBuildFile,,displayName:ShadowNodes.h,fileRef:displayName:|,includeInIndex:|,isa:|,lastKnownFileType:|,path:|,sourceTree:|,,isa:PBXBuildFile,,displayName:States.h,fileRef:displayName:|,includeInIndex:|,isa:|,lastKnownFileType:|,path:|,sourceTree:|,,isa:PBXBuildFile,,displayName:ComponentDescriptors.h,fileRef:displayName:|,includeInIndex:|,isa:|,lastKnownFileType:|,path:|,sourceTree:|,,isa:PBXBuildFile,,displayName:EventEmitters.h,fileRef:displayName:|,includeInIndex:|,isa:|,lastKnownFileType:|,path:|,sourceTree:|,,isa:PBXBuildFile,,displayName:Props.h,fileRef:displayName:|,includeInIndex:|,isa:|,lastKnownFileType:|,path:|,sourceTree:|,,isa:PBXBuildFile,,displayName:RCTComponentViewHelpers.h,fileRef:displayName:|,includeInIndex:|,isa:|,lastKnownFileType:|,path:|,sourceTree:|,,isa:PBXBuildFile,,displayName:ShadowNodes.h,fileRef:displayName:|,includeInIndex:|,isa:|,lastKnownFileType:|,path:|,sourceTree:|,,isa:PBXBuildFile,,displayName:States.h,fileRef:displayName:|,includeInIndex:|,isa:|,lastKnownFileType:|,path:|,sourceTree:|,,isa:PBXBuildFile,,displayName:ComponentDescriptors.h,fileRef:displayName:|,includeInIndex:|,isa:|,lastKnownFileType:|,path:|,sourceTree:|,,isa:PBXBuildFile,,displayName:EventEmitters.h,fileRef:displayName:|,includeInIndex:|,isa:|,lastKnownFileType:|,path:|,sourceTree:|,,isa:PBXBuildFile,,displayName:Props.h,fileRef:displayName:|,includeInIndex:|,isa:|,lastKnownFileType:|,path:|,sourceTree:|,,isa:PBXBuildFile,,displayName:RCTComponentViewHelpers.h,fileRef:displayName:|,includeInIndex:|,isa:|,lastKnownFileType:|,path:|,sourceTree:|,,isa:PBXBuildFile,,displayName:ShadowNodes.h,fileRef:displayName:|,includeInIndex:|,isa:|,lastKnownFileType:|,path:|,sourceTree:|,,isa:PBXBuildFile,,displayName:States.h,fileRef:displayName:|,includeInIndex:|,isa:|,lastKnownFileType:|,path:|,sourceTree:|,,isa:PBXBuildFile,,displayName:ComponentDescriptors.h,fileRef:displayName:|,includeInIndex:|,isa:|,lastKnownFileType:|,path:|,sourceTree:|,,isa:PBXBuildFile,,displayName:EventEmitters.h,fileRef:displayName:|,includeInIndex:|,isa:|,lastKnownFileType:|,path:|,sourceTree:|,,isa:PBXBuildFile,,displayName:Props.h,fileRef:displayName:|,includeInIndex:|,isa:|,lastKnownFileType:|,path:|,sourceTree:|,,isa:PBXBuildFile,,displayName:RCTComponentViewHelpers.h,fileRef:displayName:|,includeInIndex:|,isa:|,lastKnownFileType:|,path:|,sourceTree:|,,isa:PBXBuildFile,,displayName:ShadowNodes.h,fileRef:displayName:|,includeInIndex:|,isa:|,lastKnownFileType:|,path:|,sourceTree:|,,isa:PBXBuildFile,,displayName:States.h,fileRef:displayName:|,includeInIndex:|,isa:|,lastKnownFileType:|,path:|,sourceTree:|,,isa:PBXBuildFile,,displayName:ComponentDescriptors.h,fileRef:displayName:|,includeInIndex:|,isa:|,lastKnownFileType:|,path:|,sourceTree:|,,isa:PBXBuildFile,,displayName:EventEmitters.h,fileRef:displayName:|,includeInIndex:|,isa:|,lastKnownFileType:|,path:|,sourceTree:|,,isa:PBXBuildFile,,displayName:Props.h,fileRef:displayName:|,includeInIndex:|,isa:|,lastKnownFileType:|,path:|,sourceTree:|,,isa:PBXBuildFile,,displayName:RCTComponentViewHelpers.h,fileRef:displayName:|,includeInIndex:|,isa:|,lastKnownFileType:|,path:|,sourceTree:|,,isa:PBXBuildFile,,displayName:ShadowNodes.h,fileRef:displayName:|,includeInIndex:|,isa:|,lastKnownFileType:|,path:|,sourceTree:|,,isa:PBXBuildFile,,displayName:States.h,fileRef:displayName:|,includeInIndex:|,isa:|,lastKnownFileType:|,path:|,sourceTree:|,,isa:PBXBuildFile,,displayName:rnasyncstorage.h,fileRef:displayName:|,includeInIndex:|,isa:|,lastKnownFileType:|,path:|,sourceTree:|,,isa:PBXBuildFile,,displayName:rnasyncstorageJSI.h,fileRef:displayName:|,includeInIndex:|,isa:|,lastKnownFileType:|,path:|,sourceTree:|,,isa:PBXBuildFile,,displayName:RNCConfigModule.h,fileRef:displayName:|,includeInIndex:|,isa:|,lastKnownFileType:|,path:|,sourceTree:|,,isa:PBXBuildFile,,displayName:RNCConfigModuleJSI.h,fileRef:displayName:|,includeInIndex:|,isa:|,lastKnownFileType:|,path:|,sourceTree:|,,isa:PBXBuildFile,,displayName:rnclipboard.h,fileRef:displayName:|,includeInIndex:|,isa:|,lastKnownFileType:|,path:|,sourceTree:|,,isa:PBXBuildFile,,displayName:rnclipboardJSI.h,fileRef:displayName:|,includeInIndex:|,isa:|,lastKnownFileType:|,path:|,sourceTree:|,,isa:PBXBuildFile,,displayName:rngesturehandler_codegen.h,fileRef:displayName:|,includeInIndex:|,isa:|,lastKnownFileType:|,path:|,sourceTree:|,,isa:PBXBuildFile,,displayName:rngesturehandler_codegenJSI.h,fileRef:displayName:|,includeInIndex:|,isa:|,lastKnownFileType:|,path:|,sourceTree:|,,isa:PBXBuildFile,,displayName:RNGoogleSignInCGen.h,fileRef:displayName:|,includeInIndex:|,isa:|,lastKnownFileType:|,path:|,sourceTree:|,,isa:PBXBuildFile,,displayName:RNGoogleSignInCGenJSI.h,fileRef:displayName:|,includeInIndex:|,isa:|,lastKnownFileType:|,path:|,sourceTree:|,,isa:PBXBuildFile,,displayName:RNImagePickerSpec.h,fileRef:displayName:|,includeInIndex:|,isa:|,lastKnownFileType:|,path:|,sourceTree:|,,isa:PBXBuildFile,,displayName:RNImagePickerSpecJSI.h,fileRef:displayName:|,includeInIndex:|,isa:|,lastKnownFileType:|,path:|,sourceTree:|,,isa:PBXBuildFile,,displayName:rnpermissions.h,fileRef:displayName:|,includeInIndex:|,isa:|,lastKnownFileType:|,path:|,sourceTree:|,,isa:PBXBuildFile,,displayName:rnpermissionsJSI.h,fileRef:displayName:|,includeInIndex:|,isa:|,lastKnownFileType:|,path:|,sourceTree:|,,isa:PBXBuildFile,,displayName:rnreanimated.h,fileRef:displayName:|,includeInIndex:|,isa:|,lastKnownFileType:|,path:|,sourceTree:|,,isa:PBXBuildFile,,displayName:rnreanimatedJSI.h,fileRef:displayName:|,includeInIndex:|,isa:|,lastKnownFileType:|,path:|,sourceTree:|,,isa:PBXBuildFile,,displayName:rnscreens.h,fileRef:displayName:|,includeInIndex:|,isa:|,lastKnownFileType:|,path:|,sourceTree:|,,isa:PBXBuildFile,,displayName:rnscreensJSI.h,fileRef:displayName:|,includeInIndex:|,isa:|,lastKnownFileType:|,path:|,sourceTree:|,,isa:PBXBuildFile,,displayName:rnsvg.h,fileRef:displayName:|,includeInIndex:|,isa:|,lastKnownFileType:|,path:|,sourceTree:|,,isa:PBXBuildFile,,displayName:rnsvgJSI.h,fileRef:displayName:|,includeInIndex:|,isa:|,lastKnownFileType:|,path:|,sourceTree:|,,isa:PBXBuildFile,,displayName:RNVectorIconsSpec.h,fileRef:displayName:|,includeInIndex:|,isa:|,lastKnownFileType:|,path:|,sourceTree:|,,isa:PBXBuildFile,,displayName:RNVectorIconsSpecJSI.h,fileRef:displayName:|,includeInIndex:|,isa:|,lastKnownFileType:|,path:|,sourceTree:|,,isa:PBXBuildFile,,displayName:safeareacontext.h,fileRef:displayName:|,includeInIndex:|,isa:|,lastKnownFileType:|,path:|,sourceTree:|,,isa:PBXBuildFile,,displayName:safeareacontextJSI.h,fileRef:displayName:|,includeInIndex:|,isa:|,lastKnownFileType:|,path:|,sourceTree:|,,isa:PBXBuildFile,,displayName:React-Codegen-umbrella.h,fileRef:displayName:|,includeInIndex:|,isa:|,lastKnownFileType:|,path:|,sourceTree:|,,isa:PBXBuildFile,settings:ATTRIBUTES:|,,,isa:PBXHeadersBuildPhase,runOnlyForDeploymentPostprocessing:0,/files/displayName:RCTComponentViewHelpers.h,fileRef:displayName:RCTComponentViewHelpers.h,includeInIndex:1,isa:PBXFileReference,lastKnownFileType:sourcecode.c.h,path:RCTComponentViewHelpers.h,sourceTree:<group>,,isa:PBXBuildFile,
PBXBuildFile -- Pods.xcodeproj/targets/buildConfigurationList:buildConfigurations:baseConfigurationReference:|,buildSettings:|,displayName:|,isa:|,name:|,,baseConfigurationReference:|,buildSettings:|,displayName:|,isa:|,name:|,,defaultConfigurationIsVisible:0,defaultConfigurationName:Release,displayName:ConfigurationList,isa:XCConfigurationList,,buildPhases:buildActionMask:2147483647,displayName:Headers,files:|,|,|,|,|,|,|,|,|,|,|,|,|,|,|,|,|,|,|,|,|,|,|,|,|,|,|,|,isa:PBXHeadersBuildPhase,runOnlyForDeploymentPostprocessing:0,,buildActionMask:2147483647,displayName:Sources,files:|,|,|,|,|,|,|,|,|,|,|,|,|,|,|,|,|,|,|,|,|,|,|,isa:PBXSourcesBuildPhase,runOnlyForDeploymentPostprocessing:0,,buildActionMask:2147483647,displayName:Frameworks,files:|,isa:PBXFrameworksBuildPhase,runOnlyForDeploymentPostprocessing:0,,buildActionMask:2147483647,displayName:Resources,files:,isa:PBXResourcesBuildPhase,runOnlyForDeploymentPostprocessing:0,,buildRules:,dependencies:displayName:React-Core,isa:PBXTargetDependency,targetProxy:containerPortal:|,displayName:|,isa:|,proxyType:|,remoteGlobalIDString:|,remoteInfo:|,,,displayName:RCT-Folly,isa:PBXTargetDependency,targetProxy:containerPortal:|,displayName:|,isa:|,proxyType:|,remoteGlobalIDString:|,remoteInfo:|,,,displayName:glog,isa:PBXTargetDependency,targetProxy:containerPortal:|,displayName:|,isa:|,proxyType:|,remoteGlobalIDString:|,remoteInfo:|,,,displayName:React-RCTFabric,isa:PBXTargetDependency,targetProxy:containerPortal:|,displayName:|,isa:|,proxyType:|,remoteGlobalIDString:|,remoteInfo:|,,,displayName:React-Codegen,isa:PBXTargetDependency,targetProxy:containerPortal:|,displayName:|,isa:|,proxyType:|,remoteGlobalIDString:|,remoteInfo:|,,,displayName:RCTRequired,isa:PBXTargetDependency,targetProxy:containerPortal:|,displayName:|,isa:|,proxyType:|,remoteGlobalIDString:|,remoteInfo:|,,,displayName:RCTTypeSafety,isa:PBXTargetDependency,targetProxy:containerPortal:|,displayName:|,isa:|,proxyType:|,remoteGlobalIDString:|,remoteInfo:|,,,displayName:ReactCommon,isa:PBXTargetDependency,targetProxy:containerPortal:|,displayName:|,isa:|,proxyType:|,remoteGlobalIDString:|,remoteInfo:|,,,displayName:React-NativeModulesApple,isa:PBXTargetDependency,targetProxy:containerPortal:|,displayName:|,isa:|,proxyType:|,remoteGlobalIDString:|,remoteInfo:|,,,displayName:Yoga,isa:PBXTargetDependency,targetProxy:containerPortal:|,displayName:|,isa:|,proxyType:|,remoteGlobalIDString:|,remoteInfo:|,,,displayName:React-Fabric,isa:PBXTargetDependency,targetProxy:containerPortal:|,displayName:|,isa:|,proxyType:|,remoteGlobalIDString:|,remoteInfo:|,,,displayName:React-graphics,isa:PBXTargetDependency,targetProxy:containerPortal:|,displayName:|,isa:|,proxyType:|,remoteGlobalIDString:|,remoteInfo:|,,,displayName:React-utils,isa:PBXTargetDependency,targetProxy:containerPortal:|,displayName:|,isa:|,proxyType:|,remoteGlobalIDString:|,remoteInfo:|,,,displayName:React-featureflags,isa:PBXTargetDependency,targetProxy:containerPortal:|,displayName:|,isa:|,proxyType:|,remoteGlobalIDString:|,remoteInfo:|,,,displayName:React-debug,isa:PBXTargetDependency,targetProxy:containerPortal:|,displayName:|,isa:|,proxyType:|,remoteGlobalIDString:|,remoteInfo:|,,,displayName:React-ImageManager,isa:PBXTargetDependency,targetProxy:containerPortal:|,displayName:|,isa:|,proxyType:|,remoteGlobalIDString:|,remoteInfo:|,,,displayName:React-rendererdebug,isa:PBXTargetDependency,targetProxy:containerPortal:|,displayName:|,isa:|,proxyType:|,remoteGlobalIDString:|,remoteInfo:|,,,displayName:DoubleConversion,isa:PBXTargetDependency,targetProxy:containerPortal:|,displayName:|,isa:|,proxyType:|,remoteGlobalIDString:|,remoteInfo:|,,,displayName:React-jsi,isa:PBXTargetDependency,targetProxy:containerPortal:|,displayName:|,isa:|,proxyType:|,remoteGlobalIDString:|,remoteInfo:|,,,displayName:RNGestureHandler,fileSystemSynchronizedGroups:,isa:PBXNativeTarget,name:RNGestureHandler,packageProductDependencies:,productName:RNGestureHandler,productReference:displayName:RNGestureHandler,explicitFileType:wrapper.framework,includeInIndex:0,isa:PBXFileReference,name:RNGestureHandler,path:RNGestureHandler.framework,sourceTree:BUILT_PRODUCTS_DIR,,productType:com.apple.product-type.framework,/dependencies/displayName:React-RCTFabric,isa:PBXTargetDependency,targetProxy:containerPortal:46EB2E00000000,displayName:ContainerItemProxy,isa:PBXContainerItemProxy,proxyType:1,remoteGlobalIDString:46EB2E00020EA0,remoteInfo:React-RCTFabric,,/target/dependencies/displayName:React-RCTImage,isa:PBXTargetDependency,targetProxy:containerPortal:46EB2E00000000,displayName:ContainerItemProxy,isa:PBXContainerItemProxy,proxyType:1,remoteGlobalIDString:46EB2E000215E0,remoteInfo:React-RCTImage,,/target/dependencies/displayName:React-RCTNetwork,isa:PBXTargetDependency,targetProxy:containerPortal:46EB2E00000000,displayName:ContainerItemProxy,isa:PBXContainerItemProxy,proxyType:1,remoteGlobalIDString:46EB2E000219A0,remoteInfo:React-RCTNetwork,,/target/dependencies/displayName:React-Codegen,isa:PBXTargetDependency,targetProxy:containerPortal:46EB2E00000000,displayName:ContainerItemProxy,isa:PBXContainerItemProxy,proxyType:1,remoteGlobalIDString:46EB2E0001AAC0,remoteInfo:React-Codegen,,/target/buildPhases/buildActionMask:2147483647,displayName:Headers,files:displayName:FBReactNativeSpec.h,fileRef:displayName:|,includeInIndex:|,isa:|,lastKnownFileType:|,path:|,sourceTree:|,,isa:PBXBuildFile,,displayName:FBReactNativeSpecJSI.h,fileRef:displayName:|,includeInIndex:|,isa:|,lastKnownFileType:|,path:|,sourceTree:|,,isa:PBXBuildFile,,displayName:RCTModulesConformingToProtocolsProvider.h,fileRef:displayName:|,includeInIndex:|,isa:|,lastKnownFileType:|,path:|,sourceTree:|,,isa:PBXBuildFile,,displayName:ComponentDescriptors.h,fileRef:displayName:|,includeInIndex:|,isa:|,lastKnownFileType:|,path:|,sourceTree:|,,isa:PBXBuildFile,,displayName:EventEmitters.h,fileRef:displayName:|,includeInIndex:|,isa:|,lastKnownFileType:|,path:|,sourceTree:|,,isa:PBXBuildFile,,displayName:Props.h,fileRef:displayName:|,includeInIndex:|,isa:|,lastKnownFileType:|,path:|,sourceTree:|,,isa:PBXBuildFile,,displayName:RCTComponentViewHelpers.h,fileRef:displayName:|,includeInIndex:|,isa:|,lastKnownFileType:|,path:|,sourceTree:|,,isa:PBXBuildFile,,displayName:ShadowNodes.h,fileRef:displayName:|,includeInIndex:|,isa:|,lastKnownFileType:|,path:|,sourceTree:|,,isa:PBXBuildFile,,displayName:States.h,fileRef:displayName:|,includeInIndex:|,isa:|,lastKnownFileType:|,path:|,sourceTree:|,,isa:PBXBuildFile,,displayName:ComponentDescriptors.h,fileRef:displayName:|,includeInIndex:|,isa:|,lastKnownFileType:|,path:|,sourceTree:|,,isa:PBXBuildFile,,displayName:EventEmitters.h,fileRef:displayName:|,includeInIndex:|,isa:|,lastKnownFileType:|,path:|,sourceTree:|,,isa:PBXBuildFile,,displayName:Props.h,fileRef:displayName:|,includeInIndex:|,isa:|,lastKnownFileType:|,path:|,sourceTree:|,,isa:PBXBuildFile,,displayName:RCTComponentViewHelpers.h,fileRef:displayName:|,includeInIndex:|,isa:|,lastKnownFileType:|,path:|,sourceTree:|,,isa:PBXBuildFile,,displayName:ShadowNodes.h,fileRef:displayName:|,includeInIndex:|,isa:|,lastKnownFileType:|,path:|,sourceTree:|,,isa:PBXBuildFile,,displayName:States.h,fileRef:displayName:|,includeInIndex:|,isa:|,lastKnownFileType:|,path:|,sourceTree:|,,isa:PBXBuildFile,,displayName:ComponentDescriptors.h,fileRef:displayName:|,includeInIndex:|,isa:|,lastKnownFileType:|,path:|,sourceTree:|,,isa:PBXBuildFile,,displayName:EventEmitters.h,fileRef:displayName:|,includeInIndex:|,isa:|,lastKnownFileType:|,path:|,sourceTree:|,,isa:PBXBuildFile,,displayName:Props.h,fileRef:displayName:|,includeInIndex:|,isa:|,lastKnownFileType:|,path:|,sourceTree:|,,isa:PBXBuildFile,,displayName:RCTComponentViewHelpers.h,fileRef:displayName:|,includeInIndex:|,isa:|,lastKnownFileType:|,path:|,sourceTree:|,,isa:PBXBuildFile,,displayName:ShadowNodes.h,fileRef:displayName:|,includeInIndex:|,isa:|,lastKnownFileType:|,path:|,sourceTree:|,,isa:PBXBuildFile,,displayName:States.h,fileRef:displayName:|,includeInIndex:|,isa:|,lastKnownFileType:|,path:|,sourceTree:|,,isa:PBXBuildFile,,displayName:ComponentDescriptors.h,fileRef:displayName:|,includeInIndex:|,isa:|,lastKnownFileType:|,path:|,sourceTree:|,,isa:PBXBuildFile,,displayName:EventEmitters.h,fileRef:displayName:|,includeInIndex:|,isa:|,lastKnownFileType:|,path:|,sourceTree:|,,isa:PBXBuildFile,,displayName:Props.h,fileRef:displayName:|,includeInIndex:|,isa:|,lastKnownFileType:|,path:|,sourceTree:|,,isa:PBXBuildFile,,displayName:RCTComponentViewHelpers.h,fileRef:displayName:|,includeInIndex:|,isa:|,lastKnownFileType:|,path:|,sourceTree:|,,isa:PBXBuildFile,,displayName:ShadowNodes.h,fileRef:displayName:|,includeInIndex:|,isa:|,lastKnownFileType:|,path:|,sourceTree:|,,isa:PBXBuildFile,,displayName:States.h,fileRef:displayName:|,includeInIndex:|,isa:|,lastKnownFileType:|,path:|,sourceTree:|,,isa:PBXBuildFile,,displayName:ComponentDescriptors.h,fileRef:displayName:|,includeInIndex:|,isa:|,lastKnownFileType:|,path:|,sourceTree:|,,isa:PBXBuildFile,,displayName:EventEmitters.h,fileRef:displayName:|,includeInIndex:|,isa:|,lastKnownFileType:|,path:|,sourceTree:|,,isa:PBXBuildFile,,displayName:Props.h,fileRef:displayName:|,includeInIndex:|,isa:|,lastKnownFileType:|,path:|,sourceTree:|,,isa:PBXBuildFile,,displayName:RCTComponentViewHelpers.h,fileRef:displayName:|,includeInIndex:|,isa:|,lastKnownFileType:|,path:|,sourceTree:|,,isa:PBXBuildFile,,displayName:ShadowNodes.h,fileRef:displayName:|,includeInIndex:|,isa:|,lastKnownFileType:|,path:|,sourceTree:|,,isa:PBXBuildFile,,displayName:States.h,fileRef:displayName:|,includeInIndex:|,isa:|,lastKnownFileType:|,path:|,sourceTree:|,,isa:PBXBuildFile,,displayName:ComponentDescriptors.h,fileRef:displayName:|,includeInIndex:|,isa:|,lastKnownFileType:|,path:|,sourceTree:|,,isa:PBXBuildFile,,displayName:EventEmitters.h,fileRef:displayName:|,includeInIndex:|,isa:|,lastKnownFileType:|,path:|,sourceTree:|,,isa:PBXBuildFile,,displayName:Props.h,fileRef:displayName:|,includeInIndex:|,isa:|,lastKnownFileType:|,path:|,sourceTree:|,,isa:PBXBuildFile,,displayName:RCTComponentViewHelpers.h,fileRef:displayName:|,includeInIndex:|,isa:|,lastKnownFileType:|,path:|,sourceTree:|,,isa:PBXBuildFile,,displayName:ShadowNodes.h,fileRef:displayName:|,includeInIndex:|,isa:|,lastKnownFileType:|,path:|,sourceTree:|,,isa:PBXBuildFile,,displayName:States.h,fileRef:displayName:|,includeInIndex:|,isa:|,lastKnownFileType:|,path:|,sourceTree:|,,isa:PBXBuildFile,,displayName:rnasyncstorage.h,fileRef:displayName:|,includeInIndex:|,isa:|,lastKnownFileType:|,path:|,sourceTree:|,,isa:PBXBuildFile,,displayName:rnasyncstorageJSI.h,fileRef:displayName:|,includeInIndex:|,isa:|,lastKnownFileType:|,path:|,sourceTree:|,,isa:PBXBuildFile,,displayName:RNCConfigModule.h,fileRef:displayName:|,includeInIndex:|,isa:|,lastKnownFileType:|,path:|,sourceTree:|,,isa:PBXBuildFile,,displayName:RNCConfigModuleJSI.h,fileRef:displayName:|,includeInIndex:|,isa:|,lastKnownFileType:|,path:|,sourceTree:|,,isa:PBXBuildFile,,displayName:rnclipboard.h,fileRef:displayName:|,includeInIndex:|,isa:|,lastKnownFileType:|,path:|,sourceTree:|,,isa:PBXBuildFile,,displayName:rnclipboardJSI.h,fileRef:displayName:|,includeInIndex:|,isa:|,lastKnownFileType:|,path:|,sourceTree:|,,isa:PBXBuildFile,,displayName:rngesturehandler_codegen.h,fileRef:displayName:|,includeInIndex:|,isa:|,lastKnownFileType:|,path:|,sourceTree:|,,isa:PBXBuildFile,,displayName:rngesturehandler_codegenJSI.h,fileRef:displayName:|,includeInIndex:|,isa:|,lastKnownFileType:|,path:|,sourceTree:|,,isa:PBXBuildFile,,displayName:RNGoogleSignInCGen.h,fileRef:displayName:|,includeInIndex:|,isa:|,lastKnownFileType:|,path:|,sourceTree:|,,isa:PBXBuildFile,,displayName:RNGoogleSignInCGenJSI.h,fileRef:displayName:|,includeInIndex:|,isa:|,lastKnownFileType:|,path:|,sourceTree:|,,isa:PBXBuildFile,,displayName:RNImagePickerSpec.h,fileRef:displayName:|,includeInIndex:|,isa:|,lastKnownFileType:|,path:|,sourceTree:|,,isa:PBXBuildFile,,displayName:RNImagePickerSpecJSI.h,fileRef:displayName:|,includeInIndex:|,isa:|,lastKnownFileType:|,path:|,sourceTree:|,,isa:PBXBuildFile,,displayName:rnpermissions.h,fileRef:displayName:|,includeInIndex:|,isa:|,lastKnownFileType:|,path:|,sourceTree:|,,isa:PBXBuildFile,,displayName:rnpermissionsJSI.h,fileRef:displayName:|,includeInIndex:|,isa:|,lastKnownFileType:|,path:|,sourceTree:|,,isa:PBXBuildFile,,displayName:rnreanimated.h,fileRef:displayName:|,includeInIndex:|,isa:|,lastKnownFileType:|,path:|,sourceTree:|,,isa:PBXBuildFile,,displayName:rnreanimatedJSI.h,fileRef:displayName:|,includeInIndex:|,isa:|,lastKnownFileType:|,path:|,sourceTree:|,,isa:PBXBuildFile,,displayName:rnscreens.h,fileRef:displayName:|,includeInIndex:|,isa:|,lastKnownFileType:|,path:|,sourceTree:|,,isa:PBXBuildFile,,displayName:rnscreensJSI.h,fileRef:displayName:|,includeInIndex:|,isa:|,lastKnownFileType:|,path:|,sourceTree:|,,isa:PBXBuildFile,,displayName:rnsvg.h,fileRef:displayName:|,includeInIndex:|,isa:|,lastKnownFileType:|,path:|,sourceTree:|,,isa:PBXBuildFile,,displayName:rnsvgJSI.h,fileRef:displayName:|,includeInIndex:|,isa:|,lastKnownFileType:|,path:|,sourceTree:|,,isa:PBXBuildFile,,displayName:RNVectorIconsSpec.h,fileRef:displayName:|,includeInIndex:|,isa:|,lastKnownFileType:|,path:|,sourceTree:|,,isa:PBXBuildFile,,displayName:RNVectorIconsSpecJSI.h,fileRef:displayName:|,includeInIndex:|,isa:|,lastKnownFileType:|,path:|,sourceTree:|,,isa:PBXBuildFile,,displayName:safeareacontext.h,fileRef:displayName:|,includeInIndex:|,isa:|,lastKnownFileType:|,path:|,sourceTree:|,,isa:PBXBuildFile,,displayName:safeareacontextJSI.h,fileRef:displayName:|,includeInIndex:|,isa:|,lastKnownFileType:|,path:|,sourceTree:|,,isa:PBXBuildFile,,displayName:React-Codegen-umbrella.h,fileRef:displayName:|,includeInIndex:|,isa:|,lastKnownFileType:|,path:|,sourceTree:|,,isa:PBXBuildFile,settings:ATTRIBUTES:|,,,isa:PBXHeadersBuildPhase,runOnlyForDeploymentPostprocessing:0,/files/displayName:ShadowNodes.h,fileRef:displayName:ShadowNodes.h,includeInIndex:1,isa:PBXFileReference,lastKnownFileType:sourcecode.c.h,path:ShadowNodes.h,sourceTree:<group>,,isa:PBXBuildFile,
PBXBuildFile -- Pods.xcodeproj/targets/buildConfigurationList:buildConfigurations:baseConfigurationReference:|,buildSettings:|,displayName:|,isa:|,name:|,,baseConfigurationReference:|,buildSettings:|,displayName:|,isa:|,name:|,,defaultConfigurationIsVisible:0,defaultConfigurationName:Release,displayName:ConfigurationList,isa:XCConfigurationList,,buildPhases:buildActionMask:2147483647,displayName:Headers,files:|,|,|,|,|,|,|,|,|,|,|,|,|,|,|,|,|,|,|,|,|,|,|,|,|,|,|,|,isa:PBXHeadersBuildPhase,runOnlyForDeploymentPostprocessing:0,,buildActionMask:2147483647,displayName:Sources,files:|,|,|,|,|,|,|,|,|,|,|,|,|,|,|,|,|,|,|,|,|,|,|,isa:PBXSourcesBuildPhase,runOnlyForDeploymentPostprocessing:0,,buildActionMask:2147483647,displayName:Frameworks,files:|,isa:PBXFrameworksBuildPhase,runOnlyForDeploymentPostprocessing:0,,buildActionMask:2147483647,displayName:Resources,files:,isa:PBXResourcesBuildPhase,runOnlyForDeploymentPostprocessing:0,,buildRules:,dependencies:displayName:React-Core,isa:PBXTargetDependency,targetProxy:containerPortal:|,displayName:|,isa:|,proxyType:|,remoteGlobalIDString:|,remoteInfo:|,,,displayName:RCT-Folly,isa:PBXTargetDependency,targetProxy:containerPortal:|,displayName:|,isa:|,proxyType:|,remoteGlobalIDString:|,remoteInfo:|,,,displayName:glog,isa:PBXTargetDependency,targetProxy:containerPortal:|,displayName:|,isa:|,proxyType:|,remoteGlobalIDString:|,remoteInfo:|,,,displayName:React-RCTFabric,isa:PBXTargetDependency,targetProxy:containerPortal:|,displayName:|,isa:|,proxyType:|,remoteGlobalIDString:|,remoteInfo:|,,,displayName:React-Codegen,isa:PBXTargetDependency,targetProxy:containerPortal:|,displayName:|,isa:|,proxyType:|,remoteGlobalIDString:|,remoteInfo:|,,,displayName:RCTRequired,isa:PBXTargetDependency,targetProxy:containerPortal:|,displayName:|,isa:|,proxyType:|,remoteGlobalIDString:|,remoteInfo:|,,,displayName:RCTTypeSafety,isa:PBXTargetDependency,targetProxy:containerPortal:|,displayName:|,isa:|,proxyType:|,remoteGlobalIDString:|,remoteInfo:|,,,displayName:ReactCommon,isa:PBXTargetDependency,targetProxy:containerPortal:|,displayName:|,isa:|,proxyType:|,remoteGlobalIDString:|,remoteInfo:|,,,displayName:React-NativeModulesApple,isa:PBXTargetDependency,targetProxy:containerPortal:|,displayName:|,isa:|,proxyType:|,remoteGlobalIDString:|,remoteInfo:|,,,displayName:Yoga,isa:PBXTargetDependency,targetProxy:containerPortal:|,displayName:|,isa:|,proxyType:|,remoteGlobalIDString:|,remoteInfo:|,,,displayName:React-Fabric,isa:PBXTargetDependency,targetProxy:containerPortal:|,displayName:|,isa:|,proxyType:|,remoteGlobalIDString:|,remoteInfo:|,,,displayName:React-graphics,isa:PBXTargetDependency,targetProxy:containerPortal:|,displayName:|,isa:|,proxyType:|,remoteGlobalIDString:|,remoteInfo:|,,,displayName:React-utils,isa:PBXTargetDependency,targetProxy:containerPortal:|,displayName:|,isa:|,proxyType:|,remoteGlobalIDString:|,remoteInfo:|,,,displayName:React-featureflags,isa:PBXTargetDependency,targetProxy:containerPortal:|,displayName:|,isa:|,proxyType:|,remoteGlobalIDString:|,remoteInfo:|,,,displayName:React-debug,isa:PBXTargetDependency,targetProxy:containerPortal:|,displayName:|,isa:|,proxyType:|,remoteGlobalIDString:|,remoteInfo:|,,,displayName:React-ImageManager,isa:PBXTargetDependency,targetProxy:containerPortal:|,displayName:|,isa:|,proxyType:|,remoteGlobalIDString:|,remoteInfo:|,,,displayName:React-rendererdebug,isa:PBXTargetDependency,targetProxy:containerPortal:|,displayName:|,isa:|,proxyType:|,remoteGlobalIDString:|,remoteInfo:|,,,displayName:DoubleConversion,isa:PBXTargetDependency,targetProxy:containerPortal:|,displayName:|,isa:|,proxyType:|,remoteGlobalIDString:|,remoteInfo:|,,,displayName:React-jsi,isa:PBXTargetDependency,targetProxy:containerPortal:|,displayName:|,isa:|,proxyType:|,remoteGlobalIDString:|,remoteInfo:|,,,displayName:RNGestureHandler,fileSystemSynchronizedGroups:,isa:PBXNativeTarget,name:RNGestureHandler,packageProductDependencies:,productName:RNGestureHandler,productReference:displayName:RNGestureHandler,explicitFileType:wrapper.framework,includeInIndex:0,isa:PBXFileReference,name:RNGestureHandler,path:RNGestureHandler.framework,sourceTree:BUILT_PRODUCTS_DIR,,productType:com.apple.product-type.framework,/dependencies/displayName:React-RCTFabric,isa:PBXTargetDependency,targetProxy:containerPortal:46EB2E00000000,displayName:ContainerItemProxy,isa:PBXContainerItemProxy,proxyType:1,remoteGlobalIDString:46EB2E00020EA0,remoteInfo:React-RCTFabric,,/target/dependencies/displayName:React-RCTImage,isa:PBXTargetDependency,targetProxy:containerPortal:46EB2E00000000,displayName:ContainerItemProxy,isa:PBXContainerItemProxy,proxyType:1,remoteGlobalIDString:46EB2E000215E0,remoteInfo:React-RCTImage,,/target/dependencies/displayName:React-RCTNetwork,isa:PBXTargetDependency,targetProxy:containerPortal:46EB2E00000000,displayName:ContainerItemProxy,isa:PBXContainerItemProxy,proxyType:1,remoteGlobalIDString:46EB2E000219A0,remoteInfo:React-RCTNetwork,,/target/dependencies/displayName:React-Codegen,isa:PBXTargetDependency,targetProxy:containerPortal:46EB2E00000000,displayName:ContainerItemProxy,isa:PBXContainerItemProxy,proxyType:1,remoteGlobalIDString:46EB2E0001AAC0,remoteInfo:React-Codegen,,/target/buildPhases/buildActionMask:2147483647,displayName:Headers,files:displayName:FBReactNativeSpec.h,fileRef:displayName:|,includeInIndex:|,isa:|,lastKnownFileType:|,path:|,sourceTree:|,,isa:PBXBuildFile,,displayName:FBReactNativeSpecJSI.h,fileRef:displayName:|,includeInIndex:|,isa:|,lastKnownFileType:|,path:|,sourceTree:|,,isa:PBXBuildFile,,displayName:RCTModulesConformingToProtocolsProvider.h,fileRef:displayName:|,includeInIndex:|,isa:|,lastKnownFileType:|,path:|,sourceTree:|,,isa:PBXBuildFile,,displayName:ComponentDescriptors.h,fileRef:displayName:|,includeInIndex:|,isa:|,lastKnownFileType:|,path:|,sourceTree:|,,isa:PBXBuildFile,,displayName:EventEmitters.h,fileRef:displayName:|,includeInIndex:|,isa:|,lastKnownFileType:|,path:|,sourceTree:|,,isa:PBXBuildFile,,displayName:Props.h,fileRef:displayName:|,includeInIndex:|,isa:|,lastKnownFileType:|,path:|,sourceTree:|,,isa:PBXBuildFile,,displayName:RCTComponentViewHelpers.h,fileRef:displayName:|,includeInIndex:|,isa:|,lastKnownFileType:|,path:|,sourceTree:|,,isa:PBXBuildFile,,displayName:ShadowNodes.h,fileRef:displayName:|,includeInIndex:|,isa:|,lastKnownFileType:|,path:|,sourceTree:|,,isa:PBXBuildFile,,displayName:States.h,fileRef:displayName:|,includeInIndex:|,isa:|,lastKnownFileType:|,path:|,sourceTree:|,,isa:PBXBuildFile,,displayName:ComponentDescriptors.h,fileRef:displayName:|,includeInIndex:|,isa:|,lastKnownFileType:|,path:|,sourceTree:|,,isa:PBXBuildFile,,displayName:EventEmitters.h,fileRef:displayName:|,includeInIndex:|,isa:|,lastKnownFileType:|,path:|,sourceTree:|,,isa:PBXBuildFile,,displayName:Props.h,fileRef:displayName:|,includeInIndex:|,isa:|,lastKnownFileType:|,path:|,sourceTree:|,,isa:PBXBuildFile,,displayName:RCTComponentViewHelpers.h,fileRef:displayName:|,includeInIndex:|,isa:|,lastKnownFileType:|,path:|,sourceTree:|,,isa:PBXBuildFile,,displayName:ShadowNodes.h,fileRef:displayName:|,includeInIndex:|,isa:|,lastKnownFileType:|,path:|,sourceTree:|,,isa:PBXBuildFile,,displayName:States.h,fileRef:displayName:|,includeInIndex:|,isa:|,lastKnownFileType:|,path:|,sourceTree:|,,isa:PBXBuildFile,,displayName:ComponentDescriptors.h,fileRef:displayName:|,includeInIndex:|,isa:|,lastKnownFileType:|,path:|,sourceTree:|,,isa:PBXBuildFile,,displayName:EventEmitters.h,fileRef:displayName:|,includeInIndex:|,isa:|,lastKnownFileType:|,path:|,sourceTree:|,,isa:PBXBuildFile,,displayName:Props.h,fileRef:displayName:|,includeInIndex:|,isa:|,lastKnownFileType:|,path:|,sourceTree:|,,isa:PBXBuildFile,,displayName:RCTComponentViewHelpers.h,fileRef:displayName:|,includeInIndex:|,isa:|,lastKnownFileType:|,path:|,sourceTree:|,,isa:PBXBuildFile,,displayName:ShadowNodes.h,fileRef:displayName:|,includeInIndex:|,isa:|,lastKnownFileType:|,path:|,sourceTree:|,,isa:PBXBuildFile,,displayName:States.h,fileRef:displayName:|,includeInIndex:|,isa:|,lastKnownFileType:|,path:|,sourceTree:|,,isa:PBXBuildFile,,displayName:ComponentDescriptors.h,fileRef:displayName:|,includeInIndex:|,isa:|,lastKnownFileType:|,path:|,sourceTree:|,,isa:PBXBuildFile,,displayName:EventEmitters.h,fileRef:displayName:|,includeInIndex:|,isa:|,lastKnownFileType:|,path:|,sourceTree:|,,isa:PBXBuildFile,,displayName:Props.h,fileRef:displayName:|,includeInIndex:|,isa:|,lastKnownFileType:|,path:|,sourceTree:|,,isa:PBXBuildFile,,displayName:RCTComponentViewHelpers.h,fileRef:displayName:|,includeInIndex:|,isa:|,lastKnownFileType:|,path:|,sourceTree:|,,isa:PBXBuildFile,,displayName:ShadowNodes.h,fileRef:displayName:|,includeInIndex:|,isa:|,lastKnownFileType:|,path:|,sourceTree:|,,isa:PBXBuildFile,,displayName:States.h,fileRef:displayName:|,includeInIndex:|,isa:|,lastKnownFileType:|,path:|,sourceTree:|,,isa:PBXBuildFile,,displayName:ComponentDescriptors.h,fileRef:displayName:|,includeInIndex:|,isa:|,lastKnownFileType:|,path:|,sourceTree:|,,isa:PBXBuildFile,,displayName:EventEmitters.h,fileRef:displayName:|,includeInIndex:|,isa:|,lastKnownFileType:|,path:|,sourceTree:|,,isa:PBXBuildFile,,displayName:Props.h,fileRef:displayName:|,includeInIndex:|,isa:|,lastKnownFileType:|,path:|,sourceTree:|,,isa:PBXBuildFile,,displayName:RCTComponentViewHelpers.h,fileRef:displayName:|,includeInIndex:|,isa:|,lastKnownFileType:|,path:|,sourceTree:|,,isa:PBXBuildFile,,displayName:ShadowNodes.h,fileRef:displayName:|,includeInIndex:|,isa:|,lastKnownFileType:|,path:|,sourceTree:|,,isa:PBXBuildFile,,displayName:States.h,fileRef:displayName:|,includeInIndex:|,isa:|,lastKnownFileType:|,path:|,sourceTree:|,,isa:PBXBuildFile,,displayName:ComponentDescriptors.h,fileRef:displayName:|,includeInIndex:|,isa:|,lastKnownFileType:|,path:|,sourceTree:|,,isa:PBXBuildFile,,displayName:EventEmitters.h,fileRef:displayName:|,includeInIndex:|,isa:|,lastKnownFileType:|,path:|,sourceTree:|,,isa:PBXBuildFile,,displayName:Props.h,fileRef:displayName:|,includeInIndex:|,isa:|,lastKnownFileType:|,path:|,sourceTree:|,,isa:PBXBuildFile,,displayName:RCTComponentViewHelpers.h,fileRef:displayName:|,includeInIndex:|,isa:|,lastKnownFileType:|,path:|,sourceTree:|,,isa:PBXBuildFile,,displayName:ShadowNodes.h,fileRef:displayName:|,includeInIndex:|,isa:|,lastKnownFileType:|,path:|,sourceTree:|,,isa:PBXBuildFile,,displayName:States.h,fileRef:displayName:|,includeInIndex:|,isa:|,lastKnownFileType:|,path:|,sourceTree:|,,isa:PBXBuildFile,,displayName:rnasyncstorage.h,fileRef:displayName:|,includeInIndex:|,isa:|,lastKnownFileType:|,path:|,sourceTree:|,,isa:PBXBuildFile,,displayName:rnasyncstorageJSI.h,fileRef:displayName:|,includeInIndex:|,isa:|,lastKnownFileType:|,path:|,sourceTree:|,,isa:PBXBuildFile,,displayName:RNCConfigModule.h,fileRef:displayName:|,includeInIndex:|,isa:|,lastKnownFileType:|,path:|,sourceTree:|,,isa:PBXBuildFile,,displayName:RNCConfigModuleJSI.h,fileRef:displayName:|,includeInIndex:|,isa:|,lastKnownFileType:|,path:|,sourceTree:|,,isa:PBXBuildFile,,displayName:rnclipboard.h,fileRef:displayName:|,includeInIndex:|,isa:|,lastKnownFileType:|,path:|,sourceTree:|,,isa:PBXBuildFile,,displayName:rnclipboardJSI.h,fileRef:displayName:|,includeInIndex:|,isa:|,lastKnownFileType:|,path:|,sourceTree:|,,isa:PBXBuildFile,,displayName:rngesturehandler_codegen.h,fileRef:displayName:|,includeInIndex:|,isa:|,lastKnownFileType:|,path:|,sourceTree:|,,isa:PBXBuildFile,,displayName:rngesturehandler_codegenJSI.h,fileRef:displayName:|,includeInIndex:|,isa:|,lastKnownFileType:|,path:|,sourceTree:|,,isa:PBXBuildFile,,displayName:RNGoogleSignInCGen.h,fileRef:displayName:|,includeInIndex:|,isa:|,lastKnownFileType:|,path:|,sourceTree:|,,isa:PBXBuildFile,,displayName:RNGoogleSignInCGenJSI.h,fileRef:displayName:|,includeInIndex:|,isa:|,lastKnownFileType:|,path:|,sourceTree:|,,isa:PBXBuildFile,,displayName:RNImagePickerSpec.h,fileRef:displayName:|,includeInIndex:|,isa:|,lastKnownFileType:|,path:|,sourceTree:|,,isa:PBXBuildFile,,displayName:RNImagePickerSpecJSI.h,fileRef:displayName:|,includeInIndex:|,isa:|,lastKnownFileType:|,path:|,sourceTree:|,,isa:PBXBuildFile,,displayName:rnpermissions.h,fileRef:displayName:|,includeInIndex:|,isa:|,lastKnownFileType:|,path:|,sourceTree:|,,isa:PBXBuildFile,,displayName:rnpermissionsJSI.h,fileRef:displayName:|,includeInIndex:|,isa:|,lastKnownFileType:|,path:|,sourceTree:|,,isa:PBXBuildFile,,displayName:rnreanimated.h,fileRef:displayName:|,includeInIndex:|,isa:|,lastKnownFileType:|,path:|,sourceTree:|,,isa:PBXBuildFile,,displayName:rnreanimatedJSI.h,fileRef:displayName:|,includeInIndex:|,isa:|,lastKnownFileType:|,path:|,sourceTree:|,,isa:PBXBuildFile,,displayName:rnscreens.h,fileRef:displayName:|,includeInIndex:|,isa:|,lastKnownFileType:|,path:|,sourceTree:|,,isa:PBXBuildFile,,displayName:rnscreensJSI.h,fileRef:displayName:|,includeInIndex:|,isa:|,lastKnownFileType:|,path:|,sourceTree:|,,isa:PBXBuildFile,,displayName:rnsvg.h,fileRef:displayName:|,includeInIndex:|,isa:|,lastKnownFileType:|,path:|,sourceTree:|,,isa:PBXBuildFile,,displayName:rnsvgJSI.h,fileRef:displayName:|,includeInIndex:|,isa:|,lastKnownFileType:|,path:|,sourceTree:|,,isa:PBXBuildFile,,displayName:RNVectorIconsSpec.h,fileRef:displayName:|,includeInIndex:|,isa:|,lastKnownFileType:|,path:|,sourceTree:|,,isa:PBXBuildFile,,displayName:RNVectorIconsSpecJSI.h,fileRef:displayName:|,includeInIndex:|,isa:|,lastKnownFileType:|,path:|,sourceTree:|,,isa:PBXBuildFile,,displayName:safeareacontext.h,fileRef:displayName:|,includeInIndex:|,isa:|,lastKnownFileType:|,path:|,sourceTree:|,,isa:PBXBuildFile,,displayName:safeareacontextJSI.h,fileRef:displayName:|,includeInIndex:|,isa:|,lastKnownFileType:|,path:|,sourceTree:|,,isa:PBXBuildFile,,displayName:React-Codegen-umbrella.h,fileRef:displayName:|,includeInIndex:|,isa:|,lastKnownFileType:|,path:|,sourceTree:|,,isa:PBXBuildFile,settings:ATTRIBUTES:|,,,isa:PBXHeadersBuildPhase,runOnlyForDeploymentPostprocessing:0,/files/displayName:States.h,fileRef:displayName:States.h,includeInIndex:1,isa:PBXFileReference,lastKnownFileType:sourcecode.c.h,path:States.h,sourceTree:<group>,,isa:PBXBuildFile,
PBXBuildFile -- Pods.xcodeproj/targets/buildConfigurationList:buildConfigurations:baseConfigurationReference:|,buildSettings:|,displayName:|,isa:|,name:|,,baseConfigurationReference:|,buildSettings:|,displayName:|,isa:|,name:|,,defaultConfigurationIsVisible:0,defaultConfigurationName:Release,displayName:ConfigurationList,isa:XCConfigurationList,,buildPhases:buildActionMask:2147483647,displayName:Headers,files:|,|,|,|,|,|,|,|,|,|,|,|,|,|,|,|,|,|,|,|,|,|,|,|,|,|,|,|,isa:PBXHeadersBuildPhase,runOnlyForDeploymentPostprocessing:0,,buildActionMask:2147483647,displayName:Sources,files:|,|,|,|,|,|,|,|,|,|,|,|,|,|,|,|,|,|,|,|,|,|,|,isa:PBXSourcesBuildPhase,runOnlyForDeploymentPostprocessing:0,,buildActionMask:2147483647,displayName:Frameworks,files:|,isa:PBXFrameworksBuildPhase,runOnlyForDeploymentPostprocessing:0,,buildActionMask:2147483647,displayName:Resources,files:,isa:PBXResourcesBuildPhase,runOnlyForDeploymentPostprocessing:0,,buildRules:,dependencies:displayName:React-Core,isa:PBXTargetDependency,targetProxy:containerPortal:|,displayName:|,isa:|,proxyType:|,remoteGlobalIDString:|,remoteInfo:|,,,displayName:RCT-Folly,isa:PBXTargetDependency,targetProxy:containerPortal:|,displayName:|,isa:|,proxyType:|,remoteGlobalIDString:|,remoteInfo:|,,,displayName:glog,isa:PBXTargetDependency,targetProxy:containerPortal:|,displayName:|,isa:|,proxyType:|,remoteGlobalIDString:|,remoteInfo:|,,,displayName:React-RCTFabric,isa:PBXTargetDependency,targetProxy:containerPortal:|,displayName:|,isa:|,proxyType:|,remoteGlobalIDString:|,remoteInfo:|,,,displayName:React-Codegen,isa:PBXTargetDependency,targetProxy:containerPortal:|,displayName:|,isa:|,proxyType:|,remoteGlobalIDString:|,remoteInfo:|,,,displayName:RCTRequired,isa:PBXTargetDependency,targetProxy:containerPortal:|,displayName:|,isa:|,proxyType:|,remoteGlobalIDString:|,remoteInfo:|,,,displayName:RCTTypeSafety,isa:PBXTargetDependency,targetProxy:containerPortal:|,displayName:|,isa:|,proxyType:|,remoteGlobalIDString:|,remoteInfo:|,,,displayName:ReactCommon,isa:PBXTargetDependency,targetProxy:containerPortal:|,displayName:|,isa:|,proxyType:|,remoteGlobalIDString:|,remoteInfo:|,,,displayName:React-NativeModulesApple,isa:PBXTargetDependency,targetProxy:containerPortal:|,displayName:|,isa:|,proxyType:|,remoteGlobalIDString:|,remoteInfo:|,,,displayName:Yoga,isa:PBXTargetDependency,targetProxy:containerPortal:|,displayName:|,isa:|,proxyType:|,remoteGlobalIDString:|,remoteInfo:|,,,displayName:React-Fabric,isa:PBXTargetDependency,targetProxy:containerPortal:|,displayName:|,isa:|,proxyType:|,remoteGlobalIDString:|,remoteInfo:|,,,displayName:React-graphics,isa:PBXTargetDependency,targetProxy:containerPortal:|,displayName:|,isa:|,proxyType:|,remoteGlobalIDString:|,remoteInfo:|,,,displayName:React-utils,isa:PBXTargetDependency,targetProxy:containerPortal:|,displayName:|,isa:|,proxyType:|,remoteGlobalIDString:|,remoteInfo:|,,,displayName:React-featureflags,isa:PBXTargetDependency,targetProxy:containerPortal:|,displayName:|,isa:|,proxyType:|,remoteGlobalIDString:|,remoteInfo:|,,,displayName:React-debug,isa:PBXTargetDependency,targetProxy:containerPortal:|,displayName:|,isa:|,proxyType:|,remoteGlobalIDString:|,remoteInfo:|,,,displayName:React-ImageManager,isa:PBXTargetDependency,targetProxy:containerPortal:|,displayName:|,isa:|,proxyType:|,remoteGlobalIDString:|,remoteInfo:|,,,displayName:React-rendererdebug,isa:PBXTargetDependency,targetProxy:containerPortal:|,displayName:|,isa:|,proxyType:|,remoteGlobalIDString:|,remoteInfo:|,,,displayName:DoubleConversion,isa:PBXTargetDependency,targetProxy:containerPortal:|,displayName:|,isa:|,proxyType:|,remoteGlobalIDString:|,remoteInfo:|,,,displayName:React-jsi,isa:PBXTargetDependency,targetProxy:containerPortal:|,displayName:|,isa:|,proxyType:|,remoteGlobalIDString:|,remoteInfo:|,,,displayName:RNGestureHandler,fileSystemSynchronizedGroups:,isa:PBXNativeTarget,name:RNGestureHandler,packageProductDependencies:,productName:RNGestureHandler,productReference:displayName:RNGestureHandler,explicitFileType:wrapper.framework,includeInIndex:0,isa:PBXFileReference,name:RNGestureHandler,path:RNGestureHandler.framework,sourceTree:BUILT_PRODUCTS_DIR,,productType:com.apple.product-type.framework,/dependencies/displayName:React-RCTFabric,isa:PBXTargetDependency,targetProxy:containerPortal:46EB2E00000000,displayName:ContainerItemProxy,isa:PBXContainerItemProxy,proxyType:1,remoteGlobalIDString:46EB2E00020EA0,remoteInfo:React-RCTFabric,,/target/dependencies/displayName:React-RCTImage,isa:PBXTargetDependency,targetProxy:containerPortal:46EB2E00000000,displayName:ContainerItemProxy,isa:PBXContainerItemProxy,proxyType:1,remoteGlobalIDString:46EB2E000215E0,remoteInfo:React-RCTImage,,/target/dependencies/displayName:React-RCTNetwork,isa:PBXTargetDependency,targetProxy:containerPortal:46EB2E00000000,displayName:ContainerItemProxy,isa:PBXContainerItemProxy,proxyType:1,remoteGlobalIDString:46EB2E000219A0,remoteInfo:React-RCTNetwork,,/target/dependencies/displayName:React-Codegen,isa:PBXTargetDependency,targetProxy:containerPortal:46EB2E00000000,displayName:ContainerItemProxy,isa:PBXContainerItemProxy,proxyType:1,remoteGlobalIDString:46EB2E0001AAC0,remoteInfo:React-Codegen,,/target/buildPhases/buildActionMask:2147483647,displayName:Headers,files:displayName:FBReactNativeSpec.h,fileRef:displayName:|,includeInIndex:|,isa:|,lastKnownFileType:|,path:|,sourceTree:|,,isa:PBXBuildFile,,displayName:FBReactNativeSpecJSI.h,fileRef:displayName:|,includeInIndex:|,isa:|,lastKnownFileType:|,path:|,sourceTree:|,,isa:PBXBuildFile,,displayName:RCTModulesConformingToProtocolsProvider.h,fileRef:displayName:|,includeInIndex:|,isa:|,lastKnownFileType:|,path:|,sourceTree:|,,isa:PBXBuildFile,,displayName:ComponentDescriptors.h,fileRef:displayName:|,includeInIndex:|,isa:|,lastKnownFileType:|,path:|,sourceTree:|,,isa:PBXBuildFile,,displayName:EventEmitters.h,fileRef:displayName:|,includeInIndex:|,isa:|,lastKnownFileType:|,path:|,sourceTree:|,,isa:PBXBuildFile,,displayName:Props.h,fileRef:displayName:|,includeInIndex:|,isa:|,lastKnownFileType:|,path:|,sourceTree:|,,isa:PBXBuildFile,,displayName:RCTComponentViewHelpers.h,fileRef:displayName:|,includeInIndex:|,isa:|,lastKnownFileType:|,path:|,sourceTree:|,,isa:PBXBuildFile,,displayName:ShadowNodes.h,fileRef:displayName:|,includeInIndex:|,isa:|,lastKnownFileType:|,path:|,sourceTree:|,,isa:PBXBuildFile,,displayName:States.h,fileRef:displayName:|,includeInIndex:|,isa:|,lastKnownFileType:|,path:|,sourceTree:|,,isa:PBXBuildFile,,displayName:ComponentDescriptors.h,fileRef:displayName:|,includeInIndex:|,isa:|,lastKnownFileType:|,path:|,sourceTree:|,,isa:PBXBuildFile,,displayName:EventEmitters.h,fileRef:displayName:|,includeInIndex:|,isa:|,lastKnownFileType:|,path:|,sourceTree:|,,isa:PBXBuildFile,,displayName:Props.h,fileRef:displayName:|,includeInIndex:|,isa:|,lastKnownFileType:|,path:|,sourceTree:|,,isa:PBXBuildFile,,displayName:RCTComponentViewHelpers.h,fileRef:displayName:|,includeInIndex:|,isa:|,lastKnownFileType:|,path:|,sourceTree:|,,isa:PBXBuildFile,,displayName:ShadowNodes.h,fileRef:displayName:|,includeInIndex:|,isa:|,lastKnownFileType:|,path:|,sourceTree:|,,isa:PBXBuildFile,,displayName:States.h,fileRef:displayName:|,includeInIndex:|,isa:|,lastKnownFileType:|,path:|,sourceTree:|,,isa:PBXBuildFile,,displayName:ComponentDescriptors.h,fileRef:displayName:|,includeInIndex:|,isa:|,lastKnownFileType:|,path:|,sourceTree:|,,isa:PBXBuildFile,,displayName:EventEmitters.h,fileRef:displayName:|,includeInIndex:|,isa:|,lastKnownFileType:|,path:|,sourceTree:|,,isa:PBXBuildFile,,displayName:Props.h,fileRef:displayName:|,includeInIndex:|,isa:|,lastKnownFileType:|,path:|,sourceTree:|,,isa:PBXBuildFile,,displayName:RCTComponentViewHelpers.h,fileRef:displayName:|,includeInIndex:|,isa:|,lastKnownFileType:|,path:|,sourceTree:|,,isa:PBXBuildFile,,displayName:ShadowNodes.h,fileRef:displayName:|,includeInIndex:|,isa:|,lastKnownFileType:|,path:|,sourceTree:|,,isa:PBXBuildFile,,displayName:States.h,fileRef:displayName:|,includeInIndex:|,isa:|,lastKnownFileType:|,path:|,sourceTree:|,,isa:PBXBuildFile,,displayName:ComponentDescriptors.h,fileRef:displayName:|,includeInIndex:|,isa:|,lastKnownFileType:|,path:|,sourceTree:|,,isa:PBXBuildFile,,displayName:EventEmitters.h,fileRef:displayName:|,includeInIndex:|,isa:|,lastKnownFileType:|,path:|,sourceTree:|,,isa:PBXBuildFile,,displayName:Props.h,fileRef:displayName:|,includeInIndex:|,isa:|,lastKnownFileType:|,path:|,sourceTree:|,,isa:PBXBuildFile,,displayName:RCTComponentViewHelpers.h,fileRef:displayName:|,includeInIndex:|,isa:|,lastKnownFileType:|,path:|,sourceTree:|,,isa:PBXBuildFile,,displayName:ShadowNodes.h,fileRef:displayName:|,includeInIndex:|,isa:|,lastKnownFileType:|,path:|,sourceTree:|,,isa:PBXBuildFile,,displayName:States.h,fileRef:displayName:|,includeInIndex:|,isa:|,lastKnownFileType:|,path:|,sourceTree:|,,isa:PBXBuildFile,,displayName:ComponentDescriptors.h,fileRef:displayName:|,includeInIndex:|,isa:|,lastKnownFileType:|,path:|,sourceTree:|,,isa:PBXBuildFile,,displayName:EventEmitters.h,fileRef:displayName:|,includeInIndex:|,isa:|,lastKnownFileType:|,path:|,sourceTree:|,,isa:PBXBuildFile,,displayName:Props.h,fileRef:displayName:|,includeInIndex:|,isa:|,lastKnownFileType:|,path:|,sourceTree:|,,isa:PBXBuildFile,,displayName:RCTComponentViewHelpers.h,fileRef:displayName:|,includeInIndex:|,isa:|,lastKnownFileType:|,path:|,sourceTree:|,,isa:PBXBuildFile,,displayName:ShadowNodes.h,fileRef:displayName:|,includeInIndex:|,isa:|,lastKnownFileType:|,path:|,sourceTree:|,,isa:PBXBuildFile,,displayName:States.h,fileRef:displayName:|,includeInIndex:|,isa:|,lastKnownFileType:|,path:|,sourceTree:|,,isa:PBXBuildFile,,displayName:ComponentDescriptors.h,fileRef:displayName:|,includeInIndex:|,isa:|,lastKnownFileType:|,path:|,sourceTree:|,,isa:PBXBuildFile,,displayName:EventEmitters.h,fileRef:displayName:|,includeInIndex:|,isa:|,lastKnownFileType:|,path:|,sourceTree:|,,isa:PBXBuildFile,,displayName:Props.h,fileRef:displayName:|,includeInIndex:|,isa:|,lastKnownFileType:|,path:|,sourceTree:|,,isa:PBXBuildFile,,displayName:RCTComponentViewHelpers.h,fileRef:displayName:|,includeInIndex:|,isa:|,lastKnownFileType:|,path:|,sourceTree:|,,isa:PBXBuildFile,,displayName:ShadowNodes.h,fileRef:displayName:|,includeInIndex:|,isa:|,lastKnownFileType:|,path:|,sourceTree:|,,isa:PBXBuildFile,,displayName:States.h,fileRef:displayName:|,includeInIndex:|,isa:|,lastKnownFileType:|,path:|,sourceTree:|,,isa:PBXBuildFile,,displayName:rnasyncstorage.h,fileRef:displayName:|,includeInIndex:|,isa:|,lastKnownFileType:|,path:|,sourceTree:|,,isa:PBXBuildFile,,displayName:rnasyncstorageJSI.h,fileRef:displayName:|,includeInIndex:|,isa:|,lastKnownFileType:|,path:|,sourceTree:|,,isa:PBXBuildFile,,displayName:RNCConfigModule.h,fileRef:displayName:|,includeInIndex:|,isa:|,lastKnownFileType:|,path:|,sourceTree:|,,isa:PBXBuildFile,,displayName:RNCConfigModuleJSI.h,fileRef:displayName:|,includeInIndex:|,isa:|,lastKnownFileType:|,path:|,sourceTree:|,,isa:PBXBuildFile,,displayName:rnclipboard.h,fileRef:displayName:|,includeInIndex:|,isa:|,lastKnownFileType:|,path:|,sourceTree:|,,isa:PBXBuildFile,,displayName:rnclipboardJSI.h,fileRef:displayName:|,includeInIndex:|,isa:|,lastKnownFileType:|,path:|,sourceTree:|,,isa:PBXBuildFile,,displayName:rngesturehandler_codegen.h,fileRef:displayName:|,includeInIndex:|,isa:|,lastKnownFileType:|,path:|,sourceTree:|,,isa:PBXBuildFile,,displayName:rngesturehandler_codegenJSI.h,fileRef:displayName:|,includeInIndex:|,isa:|,lastKnownFileType:|,path:|,sourceTree:|,,isa:PBXBuildFile,,displayName:RNGoogleSignInCGen.h,fileRef:displayName:|,includeInIndex:|,isa:|,lastKnownFileType:|,path:|,sourceTree:|,,isa:PBXBuildFile,,displayName:RNGoogleSignInCGenJSI.h,fileRef:displayName:|,includeInIndex:|,isa:|,lastKnownFileType:|,path:|,sourceTree:|,,isa:PBXBuildFile,,displayName:RNImagePickerSpec.h,fileRef:displayName:|,includeInIndex:|,isa:|,lastKnownFileType:|,path:|,sourceTree:|,,isa:PBXBuildFile,,displayName:RNImagePickerSpecJSI.h,fileRef:displayName:|,includeInIndex:|,isa:|,lastKnownFileType:|,path:|,sourceTree:|,,isa:PBXBuildFile,,displayName:rnpermissions.h,fileRef:displayName:|,includeInIndex:|,isa:|,lastKnownFileType:|,path:|,sourceTree:|,,isa:PBXBuildFile,,displayName:rnpermissionsJSI.h,fileRef:displayName:|,includeInIndex:|,isa:|,lastKnownFileType:|,path:|,sourceTree:|,,isa:PBXBuildFile,,displayName:rnreanimated.h,fileRef:displayName:|,includeInIndex:|,isa:|,lastKnownFileType:|,path:|,sourceTree:|,,isa:PBXBuildFile,,displayName:rnreanimatedJSI.h,fileRef:displayName:|,includeInIndex:|,isa:|,lastKnownFileType:|,path:|,sourceTree:|,,isa:PBXBuildFile,,displayName:rnscreens.h,fileRef:displayName:|,includeInIndex:|,isa:|,lastKnownFileType:|,path:|,sourceTree:|,,isa:PBXBuildFile,,displayName:rnscreensJSI.h,fileRef:displayName:|,includeInIndex:|,isa:|,lastKnownFileType:|,path:|,sourceTree:|,,isa:PBXBuildFile,,displayName:rnsvg.h,fileRef:displayName:|,includeInIndex:|,isa:|,lastKnownFileType:|,path:|,sourceTree:|,,isa:PBXBuildFile,,displayName:rnsvgJSI.h,fileRef:displayName:|,includeInIndex:|,isa:|,lastKnownFileType:|,path:|,sourceTree:|,,isa:PBXBuildFile,,displayName:RNVectorIconsSpec.h,fileRef:displayName:|,includeInIndex:|,isa:|,lastKnownFileType:|,path:|,sourceTree:|,,isa:PBXBuildFile,,displayName:RNVectorIconsSpecJSI.h,fileRef:displayName:|,includeInIndex:|,isa:|,lastKnownFileType:|,path:|,sourceTree:|,,isa:PBXBuildFile,,displayName:safeareacontext.h,fileRef:displayName:|,includeInIndex:|,isa:|,lastKnownFileType:|,path:|,sourceTree:|,,isa:PBXBuildFile,,displayName:safeareacontextJSI.h,fileRef:displayName:|,includeInIndex:|,isa:|,lastKnownFileType:|,path:|,sourceTree:|,,isa:PBXBuildFile,,displayName:React-Codegen-umbrella.h,fileRef:displayName:|,includeInIndex:|,isa:|,lastKnownFileType:|,path:|,sourceTree:|,,isa:PBXBuildFile,settings:ATTRIBUTES:|,,,isa:PBXHeadersBuildPhase,runOnlyForDeploymentPostprocessing:0,/files/displayName:ComponentDescriptors.h,fileRef:displayName:ComponentDescriptors.h,includeInIndex:1,isa:PBXFileReference,lastKnownFileType:sourcecode.c.h,path:ComponentDescriptors.h,sourceTree:<group>,,isa:PBXBuildFile,
PBXBuildFile -- Pods.xcodeproj/targets/buildConfigurationList:buildConfigurations:baseConfigurationReference:|,buildSettings:|,displayName:|,isa:|,name:|,,baseConfigurationReference:|,buildSettings:|,displayName:|,isa:|,name:|,,defaultConfigurationIsVisible:0,defaultConfigurationName:Release,displayName:ConfigurationList,isa:XCConfigurationList,,buildPhases:buildActionMask:2147483647,displayName:Headers,files:|,|,|,|,|,|,|,|,|,|,|,|,|,|,|,|,|,|,|,|,|,|,|,|,|,|,|,|,isa:PBXHeadersBuildPhase,runOnlyForDeploymentPostprocessing:0,,buildActionMask:2147483647,displayName:Sources,files:|,|,|,|,|,|,|,|,|,|,|,|,|,|,|,|,|,|,|,|,|,|,|,isa:PBXSourcesBuildPhase,runOnlyForDeploymentPostprocessing:0,,buildActionMask:2147483647,displayName:Frameworks,files:|,isa:PBXFrameworksBuildPhase,runOnlyForDeploymentPostprocessing:0,,buildActionMask:2147483647,displayName:Resources,files:,isa:PBXResourcesBuildPhase,runOnlyForDeploymentPostprocessing:0,,buildRules:,dependencies:displayName:React-Core,isa:PBXTargetDependency,targetProxy:containerPortal:|,displayName:|,isa:|,proxyType:|,remoteGlobalIDString:|,remoteInfo:|,,,displayName:RCT-Folly,isa:PBXTargetDependency,targetProxy:containerPortal:|,displayName:|,isa:|,proxyType:|,remoteGlobalIDString:|,remoteInfo:|,,,displayName:glog,isa:PBXTargetDependency,targetProxy:containerPortal:|,displayName:|,isa:|,proxyType:|,remoteGlobalIDString:|,remoteInfo:|,,,displayName:React-RCTFabric,isa:PBXTargetDependency,targetProxy:containerPortal:|,displayName:|,isa:|,proxyType:|,remoteGlobalIDString:|,remoteInfo:|,,,displayName:React-Codegen,isa:PBXTargetDependency,targetProxy:containerPortal:|,displayName:|,isa:|,proxyType:|,remoteGlobalIDString:|,remoteInfo:|,,,displayName:RCTRequired,isa:PBXTargetDependency,targetProxy:containerPortal:|,displayName:|,isa:|,proxyType:|,remoteGlobalIDString:|,remoteInfo:|,,,displayName:RCTTypeSafety,isa:PBXTargetDependency,targetProxy:containerPortal:|,displayName:|,isa:|,proxyType:|,remoteGlobalIDString:|,remoteInfo:|,,,displayName:ReactCommon,isa:PBXTargetDependency,targetProxy:containerPortal:|,displayName:|,isa:|,proxyType:|,remoteGlobalIDString:|,remoteInfo:|,,,displayName:React-NativeModulesApple,isa:PBXTargetDependency,targetProxy:containerPortal:|,displayName:|,isa:|,proxyType:|,remoteGlobalIDString:|,remoteInfo:|,,,displayName:Yoga,isa:PBXTargetDependency,targetProxy:containerPortal:|,displayName:|,isa:|,proxyType:|,remoteGlobalIDString:|,remoteInfo:|,,,displayName:React-Fabric,isa:PBXTargetDependency,targetProxy:containerPortal:|,displayName:|,isa:|,proxyType:|,remoteGlobalIDString:|,remoteInfo:|,,,displayName:React-graphics,isa:PBXTargetDependency,targetProxy:containerPortal:|,displayName:|,isa:|,proxyType:|,remoteGlobalIDString:|,remoteInfo:|,,,displayName:React-utils,isa:PBXTargetDependency,targetProxy:containerPortal:|,displayName:|,isa:|,proxyType:|,remoteGlobalIDString:|,remoteInfo:|,,,displayName:React-featureflags,isa:PBXTargetDependency,targetProxy:containerPortal:|,displayName:|,isa:|,proxyType:|,remoteGlobalIDString:|,remoteInfo:|,,,displayName:React-debug,isa:PBXTargetDependency,targetProxy:containerPortal:|,displayName:|,isa:|,proxyType:|,remoteGlobalIDString:|,remoteInfo:|,,,displayName:React-ImageManager,isa:PBXTargetDependency,targetProxy:containerPortal:|,displayName:|,isa:|,proxyType:|,remoteGlobalIDString:|,remoteInfo:|,,,displayName:React-rendererdebug,isa:PBXTargetDependency,targetProxy:containerPortal:|,displayName:|,isa:|,proxyType:|,remoteGlobalIDString:|,remoteInfo:|,,,displayName:DoubleConversion,isa:PBXTargetDependency,targetProxy:containerPortal:|,displayName:|,isa:|,proxyType:|,remoteGlobalIDString:|,remoteInfo:|,,,displayName:React-jsi,isa:PBXTargetDependency,targetProxy:containerPortal:|,displayName:|,isa:|,proxyType:|,remoteGlobalIDString:|,remoteInfo:|,,,displayName:RNGestureHandler,fileSystemSynchronizedGroups:,isa:PBXNativeTarget,name:RNGestureHandler,packageProductDependencies:,productName:RNGestureHandler,productReference:displayName:RNGestureHandler,explicitFileType:wrapper.framework,includeInIndex:0,isa:PBXFileReference,name:RNGestureHandler,path:RNGestureHandler.framework,sourceTree:BUILT_PRODUCTS_DIR,,productType:com.apple.product-type.framework,/dependencies/displayName:React-RCTFabric,isa:PBXTargetDependency,targetProxy:containerPortal:46EB2E00000000,displayName:ContainerItemProxy,isa:PBXContainerItemProxy,proxyType:1,remoteGlobalIDString:46EB2E00020EA0,remoteInfo:React-RCTFabric,,/target/dependencies/displayName:React-RCTImage,isa:PBXTargetDependency,targetProxy:containerPortal:46EB2E00000000,displayName:ContainerItemProxy,isa:PBXContainerItemProxy,proxyType:1,remoteGlobalIDString:46EB2E000215E0,remoteInfo:React-RCTImage,,/target/dependencies/displayName:React-RCTNetwork,isa:PBXTargetDependency,targetProxy:containerPortal:46EB2E00000000,displayName:ContainerItemProxy,isa:PBXContainerItemProxy,proxyType:1,remoteGlobalIDString:46EB2E000219A0,remoteInfo:React-RCTNetwork,,/target/dependencies/displayName:React-Codegen,isa:PBXTargetDependency,targetProxy:containerPortal:46EB2E00000000,displayName:ContainerItemProxy,isa:PBXContainerItemProxy,proxyType:1,remoteGlobalIDString:46EB2E0001AAC0,remoteInfo:React-Codegen,,/target/buildPhases/buildActionMask:2147483647,displayName:Headers,files:displayName:FBReactNativeSpec.h,fileRef:displayName:|,includeInIndex:|,isa:|,lastKnownFileType:|,path:|,sourceTree:|,,isa:PBXBuildFile,,displayName:FBReactNativeSpecJSI.h,fileRef:displayName:|,includeInIndex:|,isa:|,lastKnownFileType:|,path:|,sourceTree:|,,isa:PBXBuildFile,,displayName:RCTModulesConformingToProtocolsProvider.h,fileRef:displayName:|,includeInIndex:|,isa:|,lastKnownFileType:|,path:|,sourceTree:|,,isa:PBXBuildFile,,displayName:ComponentDescriptors.h,fileRef:displayName:|,includeInIndex:|,isa:|,lastKnownFileType:|,path:|,sourceTree:|,,isa:PBXBuildFile,,displayName:EventEmitters.h,fileRef:displayName:|,includeInIndex:|,isa:|,lastKnownFileType:|,path:|,sourceTree:|,,isa:PBXBuildFile,,displayName:Props.h,fileRef:displayName:|,includeInIndex:|,isa:|,lastKnownFileType:|,path:|,sourceTree:|,,isa:PBXBuildFile,,displayName:RCTComponentViewHelpers.h,fileRef:displayName:|,includeInIndex:|,isa:|,lastKnownFileType:|,path:|,sourceTree:|,,isa:PBXBuildFile,,displayName:ShadowNodes.h,fileRef:displayName:|,includeInIndex:|,isa:|,lastKnownFileType:|,path:|,sourceTree:|,,isa:PBXBuildFile,,displayName:States.h,fileRef:displayName:|,includeInIndex:|,isa:|,lastKnownFileType:|,path:|,sourceTree:|,,isa:PBXBuildFile,,displayName:ComponentDescriptors.h,fileRef:displayName:|,includeInIndex:|,isa:|,lastKnownFileType:|,path:|,sourceTree:|,,isa:PBXBuildFile,,displayName:EventEmitters.h,fileRef:displayName:|,includeInIndex:|,isa:|,lastKnownFileType:|,path:|,sourceTree:|,,isa:PBXBuildFile,,displayName:Props.h,fileRef:displayName:|,includeInIndex:|,isa:|,lastKnownFileType:|,path:|,sourceTree:|,,isa:PBXBuildFile,,displayName:RCTComponentViewHelpers.h,fileRef:displayName:|,includeInIndex:|,isa:|,lastKnownFileType:|,path:|,sourceTree:|,,isa:PBXBuildFile,,displayName:ShadowNodes.h,fileRef:displayName:|,includeInIndex:|,isa:|,lastKnownFileType:|,path:|,sourceTree:|,,isa:PBXBuildFile,,displayName:States.h,fileRef:displayName:|,includeInIndex:|,isa:|,lastKnownFileType:|,path:|,sourceTree:|,,isa:PBXBuildFile,,displayName:ComponentDescriptors.h,fileRef:displayName:|,includeInIndex:|,isa:|,lastKnownFileType:|,path:|,sourceTree:|,,isa:PBXBuildFile,,displayName:EventEmitters.h,fileRef:displayName:|,includeInIndex:|,isa:|,lastKnownFileType:|,path:|,sourceTree:|,,isa:PBXBuildFile,,displayName:Props.h,fileRef:displayName:|,includeInIndex:|,isa:|,lastKnownFileType:|,path:|,sourceTree:|,,isa:PBXBuildFile,,displayName:RCTComponentViewHelpers.h,fileRef:displayName:|,includeInIndex:|,isa:|,lastKnownFileType:|,path:|,sourceTree:|,,isa:PBXBuildFile,,displayName:ShadowNodes.h,fileRef:displayName:|,includeInIndex:|,isa:|,lastKnownFileType:|,path:|,sourceTree:|,,isa:PBXBuildFile,,displayName:States.h,fileRef:displayName:|,includeInIndex:|,isa:|,lastKnownFileType:|,path:|,sourceTree:|,,isa:PBXBuildFile,,displayName:ComponentDescriptors.h,fileRef:displayName:|,includeInIndex:|,isa:|,lastKnownFileType:|,path:|,sourceTree:|,,isa:PBXBuildFile,,displayName:EventEmitters.h,fileRef:displayName:|,includeInIndex:|,isa:|,lastKnownFileType:|,path:|,sourceTree:|,,isa:PBXBuildFile,,displayName:Props.h,fileRef:displayName:|,includeInIndex:|,isa:|,lastKnownFileType:|,path:|,sourceTree:|,,isa:PBXBuildFile,,displayName:RCTComponentViewHelpers.h,fileRef:displayName:|,includeInIndex:|,isa:|,lastKnownFileType:|,path:|,sourceTree:|,,isa:PBXBuildFile,,displayName:ShadowNodes.h,fileRef:displayName:|,includeInIndex:|,isa:|,lastKnownFileType:|,path:|,sourceTree:|,,isa:PBXBuildFile,,displayName:States.h,fileRef:displayName:|,includeInIndex:|,isa:|,lastKnownFileType:|,path:|,sourceTree:|,,isa:PBXBuildFile,,displayName:ComponentDescriptors.h,fileRef:displayName:|,includeInIndex:|,isa:|,lastKnownFileType:|,path:|,sourceTree:|,,isa:PBXBuildFile,,displayName:EventEmitters.h,fileRef:displayName:|,includeInIndex:|,isa:|,lastKnownFileType:|,path:|,sourceTree:|,,isa:PBXBuildFile,,displayName:Props.h,fileRef:displayName:|,includeInIndex:|,isa:|,lastKnownFileType:|,path:|,sourceTree:|,,isa:PBXBuildFile,,displayName:RCTComponentViewHelpers.h,fileRef:displayName:|,includeInIndex:|,isa:|,lastKnownFileType:|,path:|,sourceTree:|,,isa:PBXBuildFile,,displayName:ShadowNodes.h,fileRef:displayName:|,includeInIndex:|,isa:|,lastKnownFileType:|,path:|,sourceTree:|,,isa:PBXBuildFile,,displayName:States.h,fileRef:displayName:|,includeInIndex:|,isa:|,lastKnownFileType:|,path:|,sourceTree:|,,isa:PBXBuildFile,,displayName:ComponentDescriptors.h,fileRef:displayName:|,includeInIndex:|,isa:|,lastKnownFileType:|,path:|,sourceTree:|,,isa:PBXBuildFile,,displayName:EventEmitters.h,fileRef:displayName:|,includeInIndex:|,isa:|,lastKnownFileType:|,path:|,sourceTree:|,,isa:PBXBuildFile,,displayName:Props.h,fileRef:displayName:|,includeInIndex:|,isa:|,lastKnownFileType:|,path:|,sourceTree:|,,isa:PBXBuildFile,,displayName:RCTComponentViewHelpers.h,fileRef:displayName:|,includeInIndex:|,isa:|,lastKnownFileType:|,path:|,sourceTree:|,,isa:PBXBuildFile,,displayName:ShadowNodes.h,fileRef:displayName:|,includeInIndex:|,isa:|,lastKnownFileType:|,path:|,sourceTree:|,,isa:PBXBuildFile,,displayName:States.h,fileRef:displayName:|,includeInIndex:|,isa:|,lastKnownFileType:|,path:|,sourceTree:|,,isa:PBXBuildFile,,displayName:rnasyncstorage.h,fileRef:displayName:|,includeInIndex:|,isa:|,lastKnownFileType:|,path:|,sourceTree:|,,isa:PBXBuildFile,,displayName:rnasyncstorageJSI.h,fileRef:displayName:|,includeInIndex:|,isa:|,lastKnownFileType:|,path:|,sourceTree:|,,isa:PBXBuildFile,,displayName:RNCConfigModule.h,fileRef:displayName:|,includeInIndex:|,isa:|,lastKnownFileType:|,path:|,sourceTree:|,,isa:PBXBuildFile,,displayName:RNCConfigModuleJSI.h,fileRef:displayName:|,includeInIndex:|,isa:|,lastKnownFileType:|,path:|,sourceTree:|,,isa:PBXBuildFile,,displayName:rnclipboard.h,fileRef:displayName:|,includeInIndex:|,isa:|,lastKnownFileType:|,path:|,sourceTree:|,,isa:PBXBuildFile,,displayName:rnclipboardJSI.h,fileRef:displayName:|,includeInIndex:|,isa:|,lastKnownFileType:|,path:|,sourceTree:|,,isa:PBXBuildFile,,displayName:rngesturehandler_codegen.h,fileRef:displayName:|,includeInIndex:|,isa:|,lastKnownFileType:|,path:|,sourceTree:|,,isa:PBXBuildFile,,displayName:rngesturehandler_codegenJSI.h,fileRef:displayName:|,includeInIndex:|,isa:|,lastKnownFileType:|,path:|,sourceTree:|,,isa:PBXBuildFile,,displayName:RNGoogleSignInCGen.h,fileRef:displayName:|,includeInIndex:|,isa:|,lastKnownFileType:|,path:|,sourceTree:|,,isa:PBXBuildFile,,displayName:RNGoogleSignInCGenJSI.h,fileRef:displayName:|,includeInIndex:|,isa:|,lastKnownFileType:|,path:|,sourceTree:|,,isa:PBXBuildFile,,displayName:RNImagePickerSpec.h,fileRef:displayName:|,includeInIndex:|,isa:|,lastKnownFileType:|,path:|,sourceTree:|,,isa:PBXBuildFile,,displayName:RNImagePickerSpecJSI.h,fileRef:displayName:|,includeInIndex:|,isa:|,lastKnownFileType:|,path:|,sourceTree:|,,isa:PBXBuildFile,,displayName:rnpermissions.h,fileRef:displayName:|,includeInIndex:|,isa:|,lastKnownFileType:|,path:|,sourceTree:|,,isa:PBXBuildFile,,displayName:rnpermissionsJSI.h,fileRef:displayName:|,includeInIndex:|,isa:|,lastKnownFileType:|,path:|,sourceTree:|,,isa:PBXBuildFile,,displayName:rnreanimated.h,fileRef:displayName:|,includeInIndex:|,isa:|,lastKnownFileType:|,path:|,sourceTree:|,,isa:PBXBuildFile,,displayName:rnreanimatedJSI.h,fileRef:displayName:|,includeInIndex:|,isa:|,lastKnownFileType:|,path:|,sourceTree:|,,isa:PBXBuildFile,,displayName:rnscreens.h,fileRef:displayName:|,includeInIndex:|,isa:|,lastKnownFileType:|,path:|,sourceTree:|,,isa:PBXBuildFile,,displayName:rnscreensJSI.h,fileRef:displayName:|,includeInIndex:|,isa:|,lastKnownFileType:|,path:|,sourceTree:|,,isa:PBXBuildFile,,displayName:rnsvg.h,fileRef:displayName:|,includeInIndex:|,isa:|,lastKnownFileType:|,path:|,sourceTree:|,,isa:PBXBuildFile,,displayName:rnsvgJSI.h,fileRef:displayName:|,includeInIndex:|,isa:|,lastKnownFileType:|,path:|,sourceTree:|,,isa:PBXBuildFile,,displayName:RNVectorIconsSpec.h,fileRef:displayName:|,includeInIndex:|,isa:|,lastKnownFileType:|,path:|,sourceTree:|,,isa:PBXBuildFile,,displayName:RNVectorIconsSpecJSI.h,fileRef:displayName:|,includeInIndex:|,isa:|,lastKnownFileType:|,path:|,sourceTree:|,,isa:PBXBuildFile,,displayName:safeareacontext.h,fileRef:displayName:|,includeInIndex:|,isa:|,lastKnownFileType:|,path:|,sourceTree:|,,isa:PBXBuildFile,,displayName:safeareacontextJSI.h,fileRef:displayName:|,includeInIndex:|,isa:|,lastKnownFileType:|,path:|,sourceTree:|,,isa:PBXBuildFile,,displayName:React-Codegen-umbrella.h,fileRef:displayName:|,includeInIndex:|,isa:|,lastKnownFileType:|,path:|,sourceTree:|,,isa:PBXBuildFile,settings:ATTRIBUTES:|,,,isa:PBXHeadersBuildPhase,runOnlyForDeploymentPostprocessing:0,/files/displayName:EventEmitters.h,fileRef:displayName:EventEmitters.h,includeInIndex:1,isa:PBXFileReference,lastKnownFileType:sourcecode.c.h,path:EventEmitters.h,sourceTree:<group>,,isa:PBXBuildFile,
PBXBuildFile -- Pods.xcodeproj/targets/buildConfigurationList:buildConfigurations:baseConfigurationReference:|,buildSettings:|,displayName:|,isa:|,name:|,,baseConfigurationReference:|,buildSettings:|,displayName:|,isa:|,name:|,,defaultConfigurationIsVisible:0,defaultConfigurationName:Release,displayName:ConfigurationList,isa:XCConfigurationList,,buildPhases:buildActionMask:2147483647,displayName:Headers,files:|,|,|,|,|,|,|,|,|,|,|,|,|,|,|,|,|,|,|,|,|,|,|,|,|,|,|,|,isa:PBXHeadersBuildPhase,runOnlyForDeploymentPostprocessing:0,,buildActionMask:2147483647,displayName:Sources,files:|,|,|,|,|,|,|,|,|,|,|,|,|,|,|,|,|,|,|,|,|,|,|,isa:PBXSourcesBuildPhase,runOnlyForDeploymentPostprocessing:0,,buildActionMask:2147483647,displayName:Frameworks,files:|,isa:PBXFrameworksBuildPhase,runOnlyForDeploymentPostprocessing:0,,buildActionMask:2147483647,displayName:Resources,files:,isa:PBXResourcesBuildPhase,runOnlyForDeploymentPostprocessing:0,,buildRules:,dependencies:displayName:React-Core,isa:PBXTargetDependency,targetProxy:containerPortal:|,displayName:|,isa:|,proxyType:|,remoteGlobalIDString:|,remoteInfo:|,,,displayName:RCT-Folly,isa:PBXTargetDependency,targetProxy:containerPortal:|,displayName:|,isa:|,proxyType:|,remoteGlobalIDString:|,remoteInfo:|,,,displayName:glog,isa:PBXTargetDependency,targetProxy:containerPortal:|,displayName:|,isa:|,proxyType:|,remoteGlobalIDString:|,remoteInfo:|,,,displayName:React-RCTFabric,isa:PBXTargetDependency,targetProxy:containerPortal:|,displayName:|,isa:|,proxyType:|,remoteGlobalIDString:|,remoteInfo:|,,,displayName:React-Codegen,isa:PBXTargetDependency,targetProxy:containerPortal:|,displayName:|,isa:|,proxyType:|,remoteGlobalIDString:|,remoteInfo:|,,,displayName:RCTRequired,isa:PBXTargetDependency,targetProxy:containerPortal:|,displayName:|,isa:|,proxyType:|,remoteGlobalIDString:|,remoteInfo:|,,,displayName:RCTTypeSafety,isa:PBXTargetDependency,targetProxy:containerPortal:|,displayName:|,isa:|,proxyType:|,remoteGlobalIDString:|,remoteInfo:|,,,displayName:ReactCommon,isa:PBXTargetDependency,targetProxy:containerPortal:|,displayName:|,isa:|,proxyType:|,remoteGlobalIDString:|,remoteInfo:|,,,displayName:React-NativeModulesApple,isa:PBXTargetDependency,targetProxy:containerPortal:|,displayName:|,isa:|,proxyType:|,remoteGlobalIDString:|,remoteInfo:|,,,displayName:Yoga,isa:PBXTargetDependency,targetProxy:containerPortal:|,displayName:|,isa:|,proxyType:|,remoteGlobalIDString:|,remoteInfo:|,,,displayName:React-Fabric,isa:PBXTargetDependency,targetProxy:containerPortal:|,displayName:|,isa:|,proxyType:|,remoteGlobalIDString:|,remoteInfo:|,,,displayName:React-graphics,isa:PBXTargetDependency,targetProxy:containerPortal:|,displayName:|,isa:|,proxyType:|,remoteGlobalIDString:|,remoteInfo:|,,,displayName:React-utils,isa:PBXTargetDependency,targetProxy:containerPortal:|,displayName:|,isa:|,proxyType:|,remoteGlobalIDString:|,remoteInfo:|,,,displayName:React-featureflags,isa:PBXTargetDependency,targetProxy:containerPortal:|,displayName:|,isa:|,proxyType:|,remoteGlobalIDString:|,remoteInfo:|,,,displayName:React-debug,isa:PBXTargetDependency,targetProxy:containerPortal:|,displayName:|,isa:|,proxyType:|,remoteGlobalIDString:|,remoteInfo:|,,,displayName:React-ImageManager,isa:PBXTargetDependency,targetProxy:containerPortal:|,displayName:|,isa:|,proxyType:|,remoteGlobalIDString:|,remoteInfo:|,,,displayName:React-rendererdebug,isa:PBXTargetDependency,targetProxy:containerPortal:|,displayName:|,isa:|,proxyType:|,remoteGlobalIDString:|,remoteInfo:|,,,displayName:DoubleConversion,isa:PBXTargetDependency,targetProxy:containerPortal:|,displayName:|,isa:|,proxyType:|,remoteGlobalIDString:|,remoteInfo:|,,,displayName:React-jsi,isa:PBXTargetDependency,targetProxy:containerPortal:|,displayName:|,isa:|,proxyType:|,remoteGlobalIDString:|,remoteInfo:|,,,displayName:RNGestureHandler,fileSystemSynchronizedGroups:,isa:PBXNativeTarget,name:RNGestureHandler,packageProductDependencies:,productName:RNGestureHandler,productReference:displayName:RNGestureHandler,explicitFileType:wrapper.framework,includeInIndex:0,isa:PBXFileReference,name:RNGestureHandler,path:RNGestureHandler.framework,sourceTree:BUILT_PRODUCTS_DIR,,productType:com.apple.product-type.framework,/dependencies/displayName:React-RCTFabric,isa:PBXTargetDependency,targetProxy:containerPortal:46EB2E00000000,displayName:ContainerItemProxy,isa:PBXContainerItemProxy,proxyType:1,remoteGlobalIDString:46EB2E00020EA0,remoteInfo:React-RCTFabric,,/target/dependencies/displayName:React-RCTImage,isa:PBXTargetDependency,targetProxy:containerPortal:46EB2E00000000,displayName:ContainerItemProxy,isa:PBXContainerItemProxy,proxyType:1,remoteGlobalIDString:46EB2E000215E0,remoteInfo:React-RCTImage,,/target/dependencies/displayName:React-RCTNetwork,isa:PBXTargetDependency,targetProxy:containerPortal:46EB2E00000000,displayName:ContainerItemProxy,isa:PBXContainerItemProxy,proxyType:1,remoteGlobalIDString:46EB2E000219A0,remoteInfo:React-RCTNetwork,,/target/dependencies/displayName:React-Codegen,isa:PBXTargetDependency,targetProxy:containerPortal:46EB2E00000000,displayName:ContainerItemProxy,isa:PBXContainerItemProxy,proxyType:1,remoteGlobalIDString:46EB2E0001AAC0,remoteInfo:React-Codegen,,/target/buildPhases/buildActionMask:2147483647,displayName:Headers,files:displayName:FBReactNativeSpec.h,fileRef:displayName:|,includeInIndex:|,isa:|,lastKnownFileType:|,path:|,sourceTree:|,,isa:PBXBuildFile,,displayName:FBReactNativeSpecJSI.h,fileRef:displayName:|,includeInIndex:|,isa:|,lastKnownFileType:|,path:|,sourceTree:|,,isa:PBXBuildFile,,displayName:RCTModulesConformingToProtocolsProvider.h,fileRef:displayName:|,includeInIndex:|,isa:|,lastKnownFileType:|,path:|,sourceTree:|,,isa:PBXBuildFile,,displayName:ComponentDescriptors.h,fileRef:displayName:|,includeInIndex:|,isa:|,lastKnownFileType:|,path:|,sourceTree:|,,isa:PBXBuildFile,,displayName:EventEmitters.h,fileRef:displayName:|,includeInIndex:|,isa:|,lastKnownFileType:|,path:|,sourceTree:|,,isa:PBXBuildFile,,displayName:Props.h,fileRef:displayName:|,includeInIndex:|,isa:|,lastKnownFileType:|,path:|,sourceTree:|,,isa:PBXBuildFile,,displayName:RCTComponentViewHelpers.h,fileRef:displayName:|,includeInIndex:|,isa:|,lastKnownFileType:|,path:|,sourceTree:|,,isa:PBXBuildFile,,displayName:ShadowNodes.h,fileRef:displayName:|,includeInIndex:|,isa:|,lastKnownFileType:|,path:|,sourceTree:|,,isa:PBXBuildFile,,displayName:States.h,fileRef:displayName:|,includeInIndex:|,isa:|,lastKnownFileType:|,path:|,sourceTree:|,,isa:PBXBuildFile,,displayName:ComponentDescriptors.h,fileRef:displayName:|,includeInIndex:|,isa:|,lastKnownFileType:|,path:|,sourceTree:|,,isa:PBXBuildFile,,displayName:EventEmitters.h,fileRef:displayName:|,includeInIndex:|,isa:|,lastKnownFileType:|,path:|,sourceTree:|,,isa:PBXBuildFile,,displayName:Props.h,fileRef:displayName:|,includeInIndex:|,isa:|,lastKnownFileType:|,path:|,sourceTree:|,,isa:PBXBuildFile,,displayName:RCTComponentViewHelpers.h,fileRef:displayName:|,includeInIndex:|,isa:|,lastKnownFileType:|,path:|,sourceTree:|,,isa:PBXBuildFile,,displayName:ShadowNodes.h,fileRef:displayName:|,includeInIndex:|,isa:|,lastKnownFileType:|,path:|,sourceTree:|,,isa:PBXBuildFile,,displayName:States.h,fileRef:displayName:|,includeInIndex:|,isa:|,lastKnownFileType:|,path:|,sourceTree:|,,isa:PBXBuildFile,,displayName:ComponentDescriptors.h,fileRef:displayName:|,includeInIndex:|,isa:|,lastKnownFileType:|,path:|,sourceTree:|,,isa:PBXBuildFile,,displayName:EventEmitters.h,fileRef:displayName:|,includeInIndex:|,isa:|,lastKnownFileType:|,path:|,sourceTree:|,,isa:PBXBuildFile,,displayName:Props.h,fileRef:displayName:|,includeInIndex:|,isa:|,lastKnownFileType:|,path:|,sourceTree:|,,isa:PBXBuildFile,,displayName:RCTComponentViewHelpers.h,fileRef:displayName:|,includeInIndex:|,isa:|,lastKnownFileType:|,path:|,sourceTree:|,,isa:PBXBuildFile,,displayName:ShadowNodes.h,fileRef:displayName:|,includeInIndex:|,isa:|,lastKnownFileType:|,path:|,sourceTree:|,,isa:PBXBuildFile,,displayName:States.h,fileRef:displayName:|,includeInIndex:|,isa:|,lastKnownFileType:|,path:|,sourceTree:|,,isa:PBXBuildFile,,displayName:ComponentDescriptors.h,fileRef:displayName:|,includeInIndex:|,isa:|,lastKnownFileType:|,path:|,sourceTree:|,,isa:PBXBuildFile,,displayName:EventEmitters.h,fileRef:displayName:|,includeInIndex:|,isa:|,lastKnownFileType:|,path:|,sourceTree:|,,isa:PBXBuildFile,,displayName:Props.h,fileRef:displayName:|,includeInIndex:|,isa:|,lastKnownFileType:|,path:|,sourceTree:|,,isa:PBXBuildFile,,displayName:RCTComponentViewHelpers.h,fileRef:displayName:|,includeInIndex:|,isa:|,lastKnownFileType:|,path:|,sourceTree:|,,isa:PBXBuildFile,,displayName:ShadowNodes.h,fileRef:displayName:|,includeInIndex:|,isa:|,lastKnownFileType:|,path:|,sourceTree:|,,isa:PBXBuildFile,,displayName:States.h,fileRef:displayName:|,includeInIndex:|,isa:|,lastKnownFileType:|,path:|,sourceTree:|,,isa:PBXBuildFile,,displayName:ComponentDescriptors.h,fileRef:displayName:|,includeInIndex:|,isa:|,lastKnownFileType:|,path:|,sourceTree:|,,isa:PBXBuildFile,,displayName:EventEmitters.h,fileRef:displayName:|,includeInIndex:|,isa:|,lastKnownFileType:|,path:|,sourceTree:|,,isa:PBXBuildFile,,displayName:Props.h,fileRef:displayName:|,includeInIndex:|,isa:|,lastKnownFileType:|,path:|,sourceTree:|,,isa:PBXBuildFile,,displayName:RCTComponentViewHelpers.h,fileRef:displayName:|,includeInIndex:|,isa:|,lastKnownFileType:|,path:|,sourceTree:|,,isa:PBXBuildFile,,displayName:ShadowNodes.h,fileRef:displayName:|,includeInIndex:|,isa:|,lastKnownFileType:|,path:|,sourceTree:|,,isa:PBXBuildFile,,displayName:States.h,fileRef:displayName:|,includeInIndex:|,isa:|,lastKnownFileType:|,path:|,sourceTree:|,,isa:PBXBuildFile,,displayName:ComponentDescriptors.h,fileRef:displayName:|,includeInIndex:|,isa:|,lastKnownFileType:|,path:|,sourceTree:|,,isa:PBXBuildFile,,displayName:EventEmitters.h,fileRef:displayName:|,includeInIndex:|,isa:|,lastKnownFileType:|,path:|,sourceTree:|,,isa:PBXBuildFile,,displayName:Props.h,fileRef:displayName:|,includeInIndex:|,isa:|,lastKnownFileType:|,path:|,sourceTree:|,,isa:PBXBuildFile,,displayName:RCTComponentViewHelpers.h,fileRef:displayName:|,includeInIndex:|,isa:|,lastKnownFileType:|,path:|,sourceTree:|,,isa:PBXBuildFile,,displayName:ShadowNodes.h,fileRef:displayName:|,includeInIndex:|,isa:|,lastKnownFileType:|,path:|,sourceTree:|,,isa:PBXBuildFile,,displayName:States.h,fileRef:displayName:|,includeInIndex:|,isa:|,lastKnownFileType:|,path:|,sourceTree:|,,isa:PBXBuildFile,,displayName:rnasyncstorage.h,fileRef:displayName:|,includeInIndex:|,isa:|,lastKnownFileType:|,path:|,sourceTree:|,,isa:PBXBuildFile,,displayName:rnasyncstorageJSI.h,fileRef:displayName:|,includeInIndex:|,isa:|,lastKnownFileType:|,path:|,sourceTree:|,,isa:PBXBuildFile,,displayName:RNCConfigModule.h,fileRef:displayName:|,includeInIndex:|,isa:|,lastKnownFileType:|,path:|,sourceTree:|,,isa:PBXBuildFile,,displayName:RNCConfigModuleJSI.h,fileRef:displayName:|,includeInIndex:|,isa:|,lastKnownFileType:|,path:|,sourceTree:|,,isa:PBXBuildFile,,displayName:rnclipboard.h,fileRef:displayName:|,includeInIndex:|,isa:|,lastKnownFileType:|,path:|,sourceTree:|,,isa:PBXBuildFile,,displayName:rnclipboardJSI.h,fileRef:displayName:|,includeInIndex:|,isa:|,lastKnownFileType:|,path:|,sourceTree:|,,isa:PBXBuildFile,,displayName:rngesturehandler_codegen.h,fileRef:displayName:|,includeInIndex:|,isa:|,lastKnownFileType:|,path:|,sourceTree:|,,isa:PBXBuildFile,,displayName:rngesturehandler_codegenJSI.h,fileRef:displayName:|,includeInIndex:|,isa:|,lastKnownFileType:|,path:|,sourceTree:|,,isa:PBXBuildFile,,displayName:RNGoogleSignInCGen.h,fileRef:displayName:|,includeInIndex:|,isa:|,lastKnownFileType:|,path:|,sourceTree:|,,isa:PBXBuildFile,,displayName:RNGoogleSignInCGenJSI.h,fileRef:displayName:|,includeInIndex:|,isa:|,lastKnownFileType:|,path:|,sourceTree:|,,isa:PBXBuildFile,,displayName:RNImagePickerSpec.h,fileRef:displayName:|,includeInIndex:|,isa:|,lastKnownFileType:|,path:|,sourceTree:|,,isa:PBXBuildFile,,displayName:RNImagePickerSpecJSI.h,fileRef:displayName:|,includeInIndex:|,isa:|,lastKnownFileType:|,path:|,sourceTree:|,,isa:PBXBuildFile,,displayName:rnpermissions.h,fileRef:displayName:|,includeInIndex:|,isa:|,lastKnownFileType:|,path:|,sourceTree:|,,isa:PBXBuildFile,,displayName:rnpermissionsJSI.h,fileRef:displayName:|,includeInIndex:|,isa:|,lastKnownFileType:|,path:|,sourceTree:|,,isa:PBXBuildFile,,displayName:rnreanimated.h,fileRef:displayName:|,includeInIndex:|,isa:|,lastKnownFileType:|,path:|,sourceTree:|,,isa:PBXBuildFile,,displayName:rnreanimatedJSI.h,fileRef:displayName:|,includeInIndex:|,isa:|,lastKnownFileType:|,path:|,sourceTree:|,,isa:PBXBuildFile,,displayName:rnscreens.h,fileRef:displayName:|,includeInIndex:|,isa:|,lastKnownFileType:|,path:|,sourceTree:|,,isa:PBXBuildFile,,displayName:rnscreensJSI.h,fileRef:displayName:|,includeInIndex:|,isa:|,lastKnownFileType:|,path:|,sourceTree:|,,isa:PBXBuildFile,,displayName:rnsvg.h,fileRef:displayName:|,includeInIndex:|,isa:|,lastKnownFileType:|,path:|,sourceTree:|,,isa:PBXBuildFile,,displayName:rnsvgJSI.h,fileRef:displayName:|,includeInIndex:|,isa:|,lastKnownFileType:|,path:|,sourceTree:|,,isa:PBXBuildFile,,displayName:RNVectorIconsSpec.h,fileRef:displayName:|,includeInIndex:|,isa:|,lastKnownFileType:|,path:|,sourceTree:|,,isa:PBXBuildFile,,displayName:RNVectorIconsSpecJSI.h,fileRef:displayName:|,includeInIndex:|,isa:|,lastKnownFileType:|,path:|,sourceTree:|,,isa:PBXBuildFile,,displayName:safeareacontext.h,fileRef:displayName:|,includeInIndex:|,isa:|,lastKnownFileType:|,path:|,sourceTree:|,,isa:PBXBuildFile,,displayName:safeareacontextJSI.h,fileRef:displayName:|,includeInIndex:|,isa:|,lastKnownFileType:|,path:|,sourceTree:|,,isa:PBXBuildFile,,displayName:React-Codegen-umbrella.h,fileRef:displayName:|,includeInIndex:|,isa:|,lastKnownFileType:|,path:|,sourceTree:|,,isa:PBXBuildFile,settings:ATTRIBUTES:|,,,isa:PBXHeadersBuildPhase,runOnlyForDeploymentPostprocessing:0,/files/displayName:Props.h,fileRef:displayName:Props.h,includeInIndex:1,isa:PBXFileReference,lastKnownFileType:sourcecode.c.h,path:Props.h,sourceTree:<group>,,isa:PBXBuildFile,
PBXBuildFile -- Pods.xcodeproj/targets/buildConfigurationList:buildConfigurations:baseConfigurationReference:|,buildSettings:|,displayName:|,isa:|,name:|,,baseConfigurationReference:|,buildSettings:|,displayName:|,isa:|,name:|,,defaultConfigurationIsVisible:0,defaultConfigurationName:Release,displayName:ConfigurationList,isa:XCConfigurationList,,buildPhases:buildActionMask:2147483647,displayName:Headers,files:|,|,|,|,|,|,|,|,|,|,|,|,|,|,|,|,|,|,|,|,|,|,|,|,|,|,|,|,isa:PBXHeadersBuildPhase,runOnlyForDeploymentPostprocessing:0,,buildActionMask:2147483647,displayName:Sources,files:|,|,|,|,|,|,|,|,|,|,|,|,|,|,|,|,|,|,|,|,|,|,|,isa:PBXSourcesBuildPhase,runOnlyForDeploymentPostprocessing:0,,buildActionMask:2147483647,displayName:Frameworks,files:|,isa:PBXFrameworksBuildPhase,runOnlyForDeploymentPostprocessing:0,,buildActionMask:2147483647,displayName:Resources,files:,isa:PBXResourcesBuildPhase,runOnlyForDeploymentPostprocessing:0,,buildRules:,dependencies:displayName:React-Core,isa:PBXTargetDependency,targetProxy:containerPortal:|,displayName:|,isa:|,proxyType:|,remoteGlobalIDString:|,remoteInfo:|,,,displayName:RCT-Folly,isa:PBXTargetDependency,targetProxy:containerPortal:|,displayName:|,isa:|,proxyType:|,remoteGlobalIDString:|,remoteInfo:|,,,displayName:glog,isa:PBXTargetDependency,targetProxy:containerPortal:|,displayName:|,isa:|,proxyType:|,remoteGlobalIDString:|,remoteInfo:|,,,displayName:React-RCTFabric,isa:PBXTargetDependency,targetProxy:containerPortal:|,displayName:|,isa:|,proxyType:|,remoteGlobalIDString:|,remoteInfo:|,,,displayName:React-Codegen,isa:PBXTargetDependency,targetProxy:containerPortal:|,displayName:|,isa:|,proxyType:|,remoteGlobalIDString:|,remoteInfo:|,,,displayName:RCTRequired,isa:PBXTargetDependency,targetProxy:containerPortal:|,displayName:|,isa:|,proxyType:|,remoteGlobalIDString:|,remoteInfo:|,,,displayName:RCTTypeSafety,isa:PBXTargetDependency,targetProxy:containerPortal:|,displayName:|,isa:|,proxyType:|,remoteGlobalIDString:|,remoteInfo:|,,,displayName:ReactCommon,isa:PBXTargetDependency,targetProxy:containerPortal:|,displayName:|,isa:|,proxyType:|,remoteGlobalIDString:|,remoteInfo:|,,,displayName:React-NativeModulesApple,isa:PBXTargetDependency,targetProxy:containerPortal:|,displayName:|,isa:|,proxyType:|,remoteGlobalIDString:|,remoteInfo:|,,,displayName:Yoga,isa:PBXTargetDependency,targetProxy:containerPortal:|,displayName:|,isa:|,proxyType:|,remoteGlobalIDString:|,remoteInfo:|,,,displayName:React-Fabric,isa:PBXTargetDependency,targetProxy:containerPortal:|,displayName:|,isa:|,proxyType:|,remoteGlobalIDString:|,remoteInfo:|,,,displayName:React-graphics,isa:PBXTargetDependency,targetProxy:containerPortal:|,displayName:|,isa:|,proxyType:|,remoteGlobalIDString:|,remoteInfo:|,,,displayName:React-utils,isa:PBXTargetDependency,targetProxy:containerPortal:|,displayName:|,isa:|,proxyType:|,remoteGlobalIDString:|,remoteInfo:|,,,displayName:React-featureflags,isa:PBXTargetDependency,targetProxy:containerPortal:|,displayName:|,isa:|,proxyType:|,remoteGlobalIDString:|,remoteInfo:|,,,displayName:React-debug,isa:PBXTargetDependency,targetProxy:containerPortal:|,displayName:|,isa:|,proxyType:|,remoteGlobalIDString:|,remoteInfo:|,,,displayName:React-ImageManager,isa:PBXTargetDependency,targetProxy:containerPortal:|,displayName:|,isa:|,proxyType:|,remoteGlobalIDString:|,remoteInfo:|,,,displayName:React-rendererdebug,isa:PBXTargetDependency,targetProxy:containerPortal:|,displayName:|,isa:|,proxyType:|,remoteGlobalIDString:|,remoteInfo:|,,,displayName:DoubleConversion,isa:PBXTargetDependency,targetProxy:containerPortal:|,displayName:|,isa:|,proxyType:|,remoteGlobalIDString:|,remoteInfo:|,,,displayName:React-jsi,isa:PBXTargetDependency,targetProxy:containerPortal:|,displayName:|,isa:|,proxyType:|,remoteGlobalIDString:|,remoteInfo:|,,,displayName:RNGestureHandler,fileSystemSynchronizedGroups:,isa:PBXNativeTarget,name:RNGestureHandler,packageProductDependencies:,productName:RNGestureHandler,productReference:displayName:RNGestureHandler,explicitFileType:wrapper.framework,includeInIndex:0,isa:PBXFileReference,name:RNGestureHandler,path:RNGestureHandler.framework,sourceTree:BUILT_PRODUCTS_DIR,,productType:com.apple.product-type.framework,/dependencies/displayName:React-RCTFabric,isa:PBXTargetDependency,targetProxy:containerPortal:46EB2E00000000,displayName:ContainerItemProxy,isa:PBXContainerItemProxy,proxyType:1,remoteGlobalIDString:46EB2E00020EA0,remoteInfo:React-RCTFabric,,/target/dependencies/displayName:React-RCTImage,isa:PBXTargetDependency,targetProxy:containerPortal:46EB2E00000000,displayName:ContainerItemProxy,isa:PBXContainerItemProxy,proxyType:1,remoteGlobalIDString:46EB2E000215E0,remoteInfo:React-RCTImage,,/target/dependencies/displayName:React-RCTNetwork,isa:PBXTargetDependency,targetProxy:containerPortal:46EB2E00000000,displayName:ContainerItemProxy,isa:PBXContainerItemProxy,proxyType:1,remoteGlobalIDString:46EB2E000219A0,remoteInfo:React-RCTNetwork,,/target/dependencies/displayName:React-Codegen,isa:PBXTargetDependency,targetProxy:containerPortal:46EB2E00000000,displayName:ContainerItemProxy,isa:PBXContainerItemProxy,proxyType:1,remoteGlobalIDString:46EB2E0001AAC0,remoteInfo:React-Codegen,,/target/buildPhases/buildActionMask:2147483647,displayName:Headers,files:displayName:FBReactNativeSpec.h,fileRef:displayName:|,includeInIndex:|,isa:|,lastKnownFileType:|,path:|,sourceTree:|,,isa:PBXBuildFile,,displayName:FBReactNativeSpecJSI.h,fileRef:displayName:|,includeInIndex:|,isa:|,lastKnownFileType:|,path:|,sourceTree:|,,isa:PBXBuildFile,,displayName:RCTModulesConformingToProtocolsProvider.h,fileRef:displayName:|,includeInIndex:|,isa:|,lastKnownFileType:|,path:|,sourceTree:|,,isa:PBXBuildFile,,displayName:ComponentDescriptors.h,fileRef:displayName:|,includeInIndex:|,isa:|,lastKnownFileType:|,path:|,sourceTree:|,,isa:PBXBuildFile,,displayName:EventEmitters.h,fileRef:displayName:|,includeInIndex:|,isa:|,lastKnownFileType:|,path:|,sourceTree:|,,isa:PBXBuildFile,,displayName:Props.h,fileRef:displayName:|,includeInIndex:|,isa:|,lastKnownFileType:|,path:|,sourceTree:|,,isa:PBXBuildFile,,displayName:RCTComponentViewHelpers.h,fileRef:displayName:|,includeInIndex:|,isa:|,lastKnownFileType:|,path:|,sourceTree:|,,isa:PBXBuildFile,,displayName:ShadowNodes.h,fileRef:displayName:|,includeInIndex:|,isa:|,lastKnownFileType:|,path:|,sourceTree:|,,isa:PBXBuildFile,,displayName:States.h,fileRef:displayName:|,includeInIndex:|,isa:|,lastKnownFileType:|,path:|,sourceTree:|,,isa:PBXBuildFile,,displayName:ComponentDescriptors.h,fileRef:displayName:|,includeInIndex:|,isa:|,lastKnownFileType:|,path:|,sourceTree:|,,isa:PBXBuildFile,,displayName:EventEmitters.h,fileRef:displayName:|,includeInIndex:|,isa:|,lastKnownFileType:|,path:|,sourceTree:|,,isa:PBXBuildFile,,displayName:Props.h,fileRef:displayName:|,includeInIndex:|,isa:|,lastKnownFileType:|,path:|,sourceTree:|,,isa:PBXBuildFile,,displayName:RCTComponentViewHelpers.h,fileRef:displayName:|,includeInIndex:|,isa:|,lastKnownFileType:|,path:|,sourceTree:|,,isa:PBXBuildFile,,displayName:ShadowNodes.h,fileRef:displayName:|,includeInIndex:|,isa:|,lastKnownFileType:|,path:|,sourceTree:|,,isa:PBXBuildFile,,displayName:States.h,fileRef:displayName:|,includeInIndex:|,isa:|,lastKnownFileType:|,path:|,sourceTree:|,,isa:PBXBuildFile,,displayName:ComponentDescriptors.h,fileRef:displayName:|,includeInIndex:|,isa:|,lastKnownFileType:|,path:|,sourceTree:|,,isa:PBXBuildFile,,displayName:EventEmitters.h,fileRef:displayName:|,includeInIndex:|,isa:|,lastKnownFileType:|,path:|,sourceTree:|,,isa:PBXBuildFile,,displayName:Props.h,fileRef:displayName:|,includeInIndex:|,isa:|,lastKnownFileType:|,path:|,sourceTree:|,,isa:PBXBuildFile,,displayName:RCTComponentViewHelpers.h,fileRef:displayName:|,includeInIndex:|,isa:|,lastKnownFileType:|,path:|,sourceTree:|,,isa:PBXBuildFile,,displayName:ShadowNodes.h,fileRef:displayName:|,includeInIndex:|,isa:|,lastKnownFileType:|,path:|,sourceTree:|,,isa:PBXBuildFile,,displayName:States.h,fileRef:displayName:|,includeInIndex:|,isa:|,lastKnownFileType:|,path:|,sourceTree:|,,isa:PBXBuildFile,,displayName:ComponentDescriptors.h,fileRef:displayName:|,includeInIndex:|,isa:|,lastKnownFileType:|,path:|,sourceTree:|,,isa:PBXBuildFile,,displayName:EventEmitters.h,fileRef:displayName:|,includeInIndex:|,isa:|,lastKnownFileType:|,path:|,sourceTree:|,,isa:PBXBuildFile,,displayName:Props.h,fileRef:displayName:|,includeInIndex:|,isa:|,lastKnownFileType:|,path:|,sourceTree:|,,isa:PBXBuildFile,,displayName:RCTComponentViewHelpers.h,fileRef:displayName:|,includeInIndex:|,isa:|,lastKnownFileType:|,path:|,sourceTree:|,,isa:PBXBuildFile,,displayName:ShadowNodes.h,fileRef:displayName:|,includeInIndex:|,isa:|,lastKnownFileType:|,path:|,sourceTree:|,,isa:PBXBuildFile,,displayName:States.h,fileRef:displayName:|,includeInIndex:|,isa:|,lastKnownFileType:|,path:|,sourceTree:|,,isa:PBXBuildFile,,displayName:ComponentDescriptors.h,fileRef:displayName:|,includeInIndex:|,isa:|,lastKnownFileType:|,path:|,sourceTree:|,,isa:PBXBuildFile,,displayName:EventEmitters.h,fileRef:displayName:|,includeInIndex:|,isa:|,lastKnownFileType:|,path:|,sourceTree:|,,isa:PBXBuildFile,,displayName:Props.h,fileRef:displayName:|,includeInIndex:|,isa:|,lastKnownFileType:|,path:|,sourceTree:|,,isa:PBXBuildFile,,displayName:RCTComponentViewHelpers.h,fileRef:displayName:|,includeInIndex:|,isa:|,lastKnownFileType:|,path:|,sourceTree:|,,isa:PBXBuildFile,,displayName:ShadowNodes.h,fileRef:displayName:|,includeInIndex:|,isa:|,lastKnownFileType:|,path:|,sourceTree:|,,isa:PBXBuildFile,,displayName:States.h,fileRef:displayName:|,includeInIndex:|,isa:|,lastKnownFileType:|,path:|,sourceTree:|,,isa:PBXBuildFile,,displayName:ComponentDescriptors.h,fileRef:displayName:|,includeInIndex:|,isa:|,lastKnownFileType:|,path:|,sourceTree:|,,isa:PBXBuildFile,,displayName:EventEmitters.h,fileRef:displayName:|,includeInIndex:|,isa:|,lastKnownFileType:|,path:|,sourceTree:|,,isa:PBXBuildFile,,displayName:Props.h,fileRef:displayName:|,includeInIndex:|,isa:|,lastKnownFileType:|,path:|,sourceTree:|,,isa:PBXBuildFile,,displayName:RCTComponentViewHelpers.h,fileRef:displayName:|,includeInIndex:|,isa:|,lastKnownFileType:|,path:|,sourceTree:|,,isa:PBXBuildFile,,displayName:ShadowNodes.h,fileRef:displayName:|,includeInIndex:|,isa:|,lastKnownFileType:|,path:|,sourceTree:|,,isa:PBXBuildFile,,displayName:States.h,fileRef:displayName:|,includeInIndex:|,isa:|,lastKnownFileType:|,path:|,sourceTree:|,,isa:PBXBuildFile,,displayName:rnasyncstorage.h,fileRef:displayName:|,includeInIndex:|,isa:|,lastKnownFileType:|,path:|,sourceTree:|,,isa:PBXBuildFile,,displayName:rnasyncstorageJSI.h,fileRef:displayName:|,includeInIndex:|,isa:|,lastKnownFileType:|,path:|,sourceTree:|,,isa:PBXBuildFile,,displayName:RNCConfigModule.h,fileRef:displayName:|,includeInIndex:|,isa:|,lastKnownFileType:|,path:|,sourceTree:|,,isa:PBXBuildFile,,displayName:RNCConfigModuleJSI.h,fileRef:displayName:|,includeInIndex:|,isa:|,lastKnownFileType:|,path:|,sourceTree:|,,isa:PBXBuildFile,,displayName:rnclipboard.h,fileRef:displayName:|,includeInIndex:|,isa:|,lastKnownFileType:|,path:|,sourceTree:|,,isa:PBXBuildFile,,displayName:rnclipboardJSI.h,fileRef:displayName:|,includeInIndex:|,isa:|,lastKnownFileType:|,path:|,sourceTree:|,,isa:PBXBuildFile,,displayName:rngesturehandler_codegen.h,fileRef:displayName:|,includeInIndex:|,isa:|,lastKnownFileType:|,path:|,sourceTree:|,,isa:PBXBuildFile,,displayName:rngesturehandler_codegenJSI.h,fileRef:displayName:|,includeInIndex:|,isa:|,lastKnownFileType:|,path:|,sourceTree:|,,isa:PBXBuildFile,,displayName:RNGoogleSignInCGen.h,fileRef:displayName:|,includeInIndex:|,isa:|,lastKnownFileType:|,path:|,sourceTree:|,,isa:PBXBuildFile,,displayName:RNGoogleSignInCGenJSI.h,fileRef:displayName:|,includeInIndex:|,isa:|,lastKnownFileType:|,path:|,sourceTree:|,,isa:PBXBuildFile,,displayName:RNImagePickerSpec.h,fileRef:displayName:|,includeInIndex:|,isa:|,lastKnownFileType:|,path:|,sourceTree:|,,isa:PBXBuildFile,,displayName:RNImagePickerSpecJSI.h,fileRef:displayName:|,includeInIndex:|,isa:|,lastKnownFileType:|,path:|,sourceTree:|,,isa:PBXBuildFile,,displayName:rnpermissions.h,fileRef:displayName:|,includeInIndex:|,isa:|,lastKnownFileType:|,path:|,sourceTree:|,,isa:PBXBuildFile,,displayName:rnpermissionsJSI.h,fileRef:displayName:|,includeInIndex:|,isa:|,lastKnownFileType:|,path:|,sourceTree:|,,isa:PBXBuildFile,,displayName:rnreanimated.h,fileRef:displayName:|,includeInIndex:|,isa:|,lastKnownFileType:|,path:|,sourceTree:|,,isa:PBXBuildFile,,displayName:rnreanimatedJSI.h,fileRef:displayName:|,includeInIndex:|,isa:|,lastKnownFileType:|,path:|,sourceTree:|,,isa:PBXBuildFile,,displayName:rnscreens.h,fileRef:displayName:|,includeInIndex:|,isa:|,lastKnownFileType:|,path:|,sourceTree:|,,isa:PBXBuildFile,,displayName:rnscreensJSI.h,fileRef:displayName:|,includeInIndex:|,isa:|,lastKnownFileType:|,path:|,sourceTree:|,,isa:PBXBuildFile,,displayName:rnsvg.h,fileRef:displayName:|,includeInIndex:|,isa:|,lastKnownFileType:|,path:|,sourceTree:|,,isa:PBXBuildFile,,displayName:rnsvgJSI.h,fileRef:displayName:|,includeInIndex:|,isa:|,lastKnownFileType:|,path:|,sourceTree:|,,isa:PBXBuildFile,,displayName:RNVectorIconsSpec.h,fileRef:displayName:|,includeInIndex:|,isa:|,lastKnownFileType:|,path:|,sourceTree:|,,isa:PBXBuildFile,,displayName:RNVectorIconsSpecJSI.h,fileRef:displayName:|,includeInIndex:|,isa:|,lastKnownFileType:|,path:|,sourceTree:|,,isa:PBXBuildFile,,displayName:safeareacontext.h,fileRef:displayName:|,includeInIndex:|,isa:|,lastKnownFileType:|,path:|,sourceTree:|,,isa:PBXBuildFile,,displayName:safeareacontextJSI.h,fileRef:displayName:|,includeInIndex:|,isa:|,lastKnownFileType:|,path:|,sourceTree:|,,isa:PBXBuildFile,,displayName:React-Codegen-umbrella.h,fileRef:displayName:|,includeInIndex:|,isa:|,lastKnownFileType:|,path:|,sourceTree:|,,isa:PBXBuildFile,settings:ATTRIBUTES:|,,,isa:PBXHeadersBuildPhase,runOnlyForDeploymentPostprocessing:0,/files/displayName:RCTComponentViewHelpers.h,fileRef:displayName:RCTComponentViewHelpers.h,includeInIndex:1,isa:PBXFileReference,lastKnownFileType:sourcecode.c.h,path:RCTComponentViewHelpers.h,sourceTree:<group>,,isa:PBXBuildFile,
PBXBuildFile -- Pods.xcodeproj/targets/buildConfigurationList:buildConfigurations:baseConfigurationReference:|,buildSettings:|,displayName:|,isa:|,name:|,,baseConfigurationReference:|,buildSettings:|,displayName:|,isa:|,name:|,,defaultConfigurationIsVisible:0,defaultConfigurationName:Release,displayName:ConfigurationList,isa:XCConfigurationList,,buildPhases:buildActionMask:2147483647,displayName:Headers,files:|,|,|,|,|,|,|,|,|,|,|,|,|,|,|,|,|,|,|,|,|,|,|,|,|,|,|,|,isa:PBXHeadersBuildPhase,runOnlyForDeploymentPostprocessing:0,,buildActionMask:2147483647,displayName:Sources,files:|,|,|,|,|,|,|,|,|,|,|,|,|,|,|,|,|,|,|,|,|,|,|,isa:PBXSourcesBuildPhase,runOnlyForDeploymentPostprocessing:0,,buildActionMask:2147483647,displayName:Frameworks,files:|,isa:PBXFrameworksBuildPhase,runOnlyForDeploymentPostprocessing:0,,buildActionMask:2147483647,displayName:Resources,files:,isa:PBXResourcesBuildPhase,runOnlyForDeploymentPostprocessing:0,,buildRules:,dependencies:displayName:React-Core,isa:PBXTargetDependency,targetProxy:containerPortal:|,displayName:|,isa:|,proxyType:|,remoteGlobalIDString:|,remoteInfo:|,,,displayName:RCT-Folly,isa:PBXTargetDependency,targetProxy:containerPortal:|,displayName:|,isa:|,proxyType:|,remoteGlobalIDString:|,remoteInfo:|,,,displayName:glog,isa:PBXTargetDependency,targetProxy:containerPortal:|,displayName:|,isa:|,proxyType:|,remoteGlobalIDString:|,remoteInfo:|,,,displayName:React-RCTFabric,isa:PBXTargetDependency,targetProxy:containerPortal:|,displayName:|,isa:|,proxyType:|,remoteGlobalIDString:|,remoteInfo:|,,,displayName:React-Codegen,isa:PBXTargetDependency,targetProxy:containerPortal:|,displayName:|,isa:|,proxyType:|,remoteGlobalIDString:|,remoteInfo:|,,,displayName:RCTRequired,isa:PBXTargetDependency,targetProxy:containerPortal:|,displayName:|,isa:|,proxyType:|,remoteGlobalIDString:|,remoteInfo:|,,,displayName:RCTTypeSafety,isa:PBXTargetDependency,targetProxy:containerPortal:|,displayName:|,isa:|,proxyType:|,remoteGlobalIDString:|,remoteInfo:|,,,displayName:ReactCommon,isa:PBXTargetDependency,targetProxy:containerPortal:|,displayName:|,isa:|,proxyType:|,remoteGlobalIDString:|,remoteInfo:|,,,displayName:React-NativeModulesApple,isa:PBXTargetDependency,targetProxy:containerPortal:|,displayName:|,isa:|,proxyType:|,remoteGlobalIDString:|,remoteInfo:|,,,displayName:Yoga,isa:PBXTargetDependency,targetProxy:containerPortal:|,displayName:|,isa:|,proxyType:|,remoteGlobalIDString:|,remoteInfo:|,,,displayName:React-Fabric,isa:PBXTargetDependency,targetProxy:containerPortal:|,displayName:|,isa:|,proxyType:|,remoteGlobalIDString:|,remoteInfo:|,,,displayName:React-graphics,isa:PBXTargetDependency,targetProxy:containerPortal:|,displayName:|,isa:|,proxyType:|,remoteGlobalIDString:|,remoteInfo:|,,,displayName:React-utils,isa:PBXTargetDependency,targetProxy:containerPortal:|,displayName:|,isa:|,proxyType:|,remoteGlobalIDString:|,remoteInfo:|,,,displayName:React-featureflags,isa:PBXTargetDependency,targetProxy:containerPortal:|,displayName:|,isa:|,proxyType:|,remoteGlobalIDString:|,remoteInfo:|,,,displayName:React-debug,isa:PBXTargetDependency,targetProxy:containerPortal:|,displayName:|,isa:|,proxyType:|,remoteGlobalIDString:|,remoteInfo:|,,,displayName:React-ImageManager,isa:PBXTargetDependency,targetProxy:containerPortal:|,displayName:|,isa:|,proxyType:|,remoteGlobalIDString:|,remoteInfo:|,,,displayName:React-rendererdebug,isa:PBXTargetDependency,targetProxy:containerPortal:|,displayName:|,isa:|,proxyType:|,remoteGlobalIDString:|,remoteInfo:|,,,displayName:DoubleConversion,isa:PBXTargetDependency,targetProxy:containerPortal:|,displayName:|,isa:|,proxyType:|,remoteGlobalIDString:|,remoteInfo:|,,,displayName:React-jsi,isa:PBXTargetDependency,targetProxy:containerPortal:|,displayName:|,isa:|,proxyType:|,remoteGlobalIDString:|,remoteInfo:|,,,displayName:RNGestureHandler,fileSystemSynchronizedGroups:,isa:PBXNativeTarget,name:RNGestureHandler,packageProductDependencies:,productName:RNGestureHandler,productReference:displayName:RNGestureHandler,explicitFileType:wrapper.framework,includeInIndex:0,isa:PBXFileReference,name:RNGestureHandler,path:RNGestureHandler.framework,sourceTree:BUILT_PRODUCTS_DIR,,productType:com.apple.product-type.framework,/dependencies/displayName:React-RCTFabric,isa:PBXTargetDependency,targetProxy:containerPortal:46EB2E00000000,displayName:ContainerItemProxy,isa:PBXContainerItemProxy,proxyType:1,remoteGlobalIDString:46EB2E00020EA0,remoteInfo:React-RCTFabric,,/target/dependencies/displayName:React-RCTImage,isa:PBXTargetDependency,targetProxy:containerPortal:46EB2E00000000,displayName:ContainerItemProxy,isa:PBXContainerItemProxy,proxyType:1,remoteGlobalIDString:46EB2E000215E0,remoteInfo:React-RCTImage,,/target/dependencies/displayName:React-RCTNetwork,isa:PBXTargetDependency,targetProxy:containerPortal:46EB2E00000000,displayName:ContainerItemProxy,isa:PBXContainerItemProxy,proxyType:1,remoteGlobalIDString:46EB2E000219A0,remoteInfo:React-RCTNetwork,,/target/dependencies/displayName:React-Codegen,isa:PBXTargetDependency,targetProxy:containerPortal:46EB2E00000000,displayName:ContainerItemProxy,isa:PBXContainerItemProxy,proxyType:1,remoteGlobalIDString:46EB2E0001AAC0,remoteInfo:React-Codegen,,/target/buildPhases/buildActionMask:2147483647,displayName:Headers,files:displayName:FBReactNativeSpec.h,fileRef:displayName:|,includeInIndex:|,isa:|,lastKnownFileType:|,path:|,sourceTree:|,,isa:PBXBuildFile,,displayName:FBReactNativeSpecJSI.h,fileRef:displayName:|,includeInIndex:|,isa:|,lastKnownFileType:|,path:|,sourceTree:|,,isa:PBXBuildFile,,displayName:RCTModulesConformingToProtocolsProvider.h,fileRef:displayName:|,includeInIndex:|,isa:|,lastKnownFileType:|,path:|,sourceTree:|,,isa:PBXBuildFile,,displayName:ComponentDescriptors.h,fileRef:displayName:|,includeInIndex:|,isa:|,lastKnownFileType:|,path:|,sourceTree:|,,isa:PBXBuildFile,,displayName:EventEmitters.h,fileRef:displayName:|,includeInIndex:|,isa:|,lastKnownFileType:|,path:|,sourceTree:|,,isa:PBXBuildFile,,displayName:Props.h,fileRef:displayName:|,includeInIndex:|,isa:|,lastKnownFileType:|,path:|,sourceTree:|,,isa:PBXBuildFile,,displayName:RCTComponentViewHelpers.h,fileRef:displayName:|,includeInIndex:|,isa:|,lastKnownFileType:|,path:|,sourceTree:|,,isa:PBXBuildFile,,displayName:ShadowNodes.h,fileRef:displayName:|,includeInIndex:|,isa:|,lastKnownFileType:|,path:|,sourceTree:|,,isa:PBXBuildFile,,displayName:States.h,fileRef:displayName:|,includeInIndex:|,isa:|,lastKnownFileType:|,path:|,sourceTree:|,,isa:PBXBuildFile,,displayName:ComponentDescriptors.h,fileRef:displayName:|,includeInIndex:|,isa:|,lastKnownFileType:|,path:|,sourceTree:|,,isa:PBXBuildFile,,displayName:EventEmitters.h,fileRef:displayName:|,includeInIndex:|,isa:|,lastKnownFileType:|,path:|,sourceTree:|,,isa:PBXBuildFile,,displayName:Props.h,fileRef:displayName:|,includeInIndex:|,isa:|,lastKnownFileType:|,path:|,sourceTree:|,,isa:PBXBuildFile,,displayName:RCTComponentViewHelpers.h,fileRef:displayName:|,includeInIndex:|,isa:|,lastKnownFileType:|,path:|,sourceTree:|,,isa:PBXBuildFile,,displayName:ShadowNodes.h,fileRef:displayName:|,includeInIndex:|,isa:|,lastKnownFileType:|,path:|,sourceTree:|,,isa:PBXBuildFile,,displayName:States.h,fileRef:displayName:|,includeInIndex:|,isa:|,lastKnownFileType:|,path:|,sourceTree:|,,isa:PBXBuildFile,,displayName:ComponentDescriptors.h,fileRef:displayName:|,includeInIndex:|,isa:|,lastKnownFileType:|,path:|,sourceTree:|,,isa:PBXBuildFile,,displayName:EventEmitters.h,fileRef:displayName:|,includeInIndex:|,isa:|,lastKnownFileType:|,path:|,sourceTree:|,,isa:PBXBuildFile,,displayName:Props.h,fileRef:displayName:|,includeInIndex:|,isa:|,lastKnownFileType:|,path:|,sourceTree:|,,isa:PBXBuildFile,,displayName:RCTComponentViewHelpers.h,fileRef:displayName:|,includeInIndex:|,isa:|,lastKnownFileType:|,path:|,sourceTree:|,,isa:PBXBuildFile,,displayName:ShadowNodes.h,fileRef:displayName:|,includeInIndex:|,isa:|,lastKnownFileType:|,path:|,sourceTree:|,,isa:PBXBuildFile,,displayName:States.h,fileRef:displayName:|,includeInIndex:|,isa:|,lastKnownFileType:|,path:|,sourceTree:|,,isa:PBXBuildFile,,displayName:ComponentDescriptors.h,fileRef:displayName:|,includeInIndex:|,isa:|,lastKnownFileType:|,path:|,sourceTree:|,,isa:PBXBuildFile,,displayName:EventEmitters.h,fileRef:displayName:|,includeInIndex:|,isa:|,lastKnownFileType:|,path:|,sourceTree:|,,isa:PBXBuildFile,,displayName:Props.h,fileRef:displayName:|,includeInIndex:|,isa:|,lastKnownFileType:|,path:|,sourceTree:|,,isa:PBXBuildFile,,displayName:RCTComponentViewHelpers.h,fileRef:displayName:|,includeInIndex:|,isa:|,lastKnownFileType:|,path:|,sourceTree:|,,isa:PBXBuildFile,,displayName:ShadowNodes.h,fileRef:displayName:|,includeInIndex:|,isa:|,lastKnownFileType:|,path:|,sourceTree:|,,isa:PBXBuildFile,,displayName:States.h,fileRef:displayName:|,includeInIndex:|,isa:|,lastKnownFileType:|,path:|,sourceTree:|,,isa:PBXBuildFile,,displayName:ComponentDescriptors.h,fileRef:displayName:|,includeInIndex:|,isa:|,lastKnownFileType:|,path:|,sourceTree:|,,isa:PBXBuildFile,,displayName:EventEmitters.h,fileRef:displayName:|,includeInIndex:|,isa:|,lastKnownFileType:|,path:|,sourceTree:|,,isa:PBXBuildFile,,displayName:Props.h,fileRef:displayName:|,includeInIndex:|,isa:|,lastKnownFileType:|,path:|,sourceTree:|,,isa:PBXBuildFile,,displayName:RCTComponentViewHelpers.h,fileRef:displayName:|,includeInIndex:|,isa:|,lastKnownFileType:|,path:|,sourceTree:|,,isa:PBXBuildFile,,displayName:ShadowNodes.h,fileRef:displayName:|,includeInIndex:|,isa:|,lastKnownFileType:|,path:|,sourceTree:|,,isa:PBXBuildFile,,displayName:States.h,fileRef:displayName:|,includeInIndex:|,isa:|,lastKnownFileType:|,path:|,sourceTree:|,,isa:PBXBuildFile,,displayName:ComponentDescriptors.h,fileRef:displayName:|,includeInIndex:|,isa:|,lastKnownFileType:|,path:|,sourceTree:|,,isa:PBXBuildFile,,displayName:EventEmitters.h,fileRef:displayName:|,includeInIndex:|,isa:|,lastKnownFileType:|,path:|,sourceTree:|,,isa:PBXBuildFile,,displayName:Props.h,fileRef:displayName:|,includeInIndex:|,isa:|,lastKnownFileType:|,path:|,sourceTree:|,,isa:PBXBuildFile,,displayName:RCTComponentViewHelpers.h,fileRef:displayName:|,includeInIndex:|,isa:|,lastKnownFileType:|,path:|,sourceTree:|,,isa:PBXBuildFile,,displayName:ShadowNodes.h,fileRef:displayName:|,includeInIndex:|,isa:|,lastKnownFileType:|,path:|,sourceTree:|,,isa:PBXBuildFile,,displayName:States.h,fileRef:displayName:|,includeInIndex:|,isa:|,lastKnownFileType:|,path:|,sourceTree:|,,isa:PBXBuildFile,,displayName:rnasyncstorage.h,fileRef:displayName:|,includeInIndex:|,isa:|,lastKnownFileType:|,path:|,sourceTree:|,,isa:PBXBuildFile,,displayName:rnasyncstorageJSI.h,fileRef:displayName:|,includeInIndex:|,isa:|,lastKnownFileType:|,path:|,sourceTree:|,,isa:PBXBuildFile,,displayName:RNCConfigModule.h,fileRef:displayName:|,includeInIndex:|,isa:|,lastKnownFileType:|,path:|,sourceTree:|,,isa:PBXBuildFile,,displayName:RNCConfigModuleJSI.h,fileRef:displayName:|,includeInIndex:|,isa:|,lastKnownFileType:|,path:|,sourceTree:|,,isa:PBXBuildFile,,displayName:rnclipboard.h,fileRef:displayName:|,includeInIndex:|,isa:|,lastKnownFileType:|,path:|,sourceTree:|,,isa:PBXBuildFile,,displayName:rnclipboardJSI.h,fileRef:displayName:|,includeInIndex:|,isa:|,lastKnownFileType:|,path:|,sourceTree:|,,isa:PBXBuildFile,,displayName:rngesturehandler_codegen.h,fileRef:displayName:|,includeInIndex:|,isa:|,lastKnownFileType:|,path:|,sourceTree:|,,isa:PBXBuildFile,,displayName:rngesturehandler_codegenJSI.h,fileRef:displayName:|,includeInIndex:|,isa:|,lastKnownFileType:|,path:|,sourceTree:|,,isa:PBXBuildFile,,displayName:RNGoogleSignInCGen.h,fileRef:displayName:|,includeInIndex:|,isa:|,lastKnownFileType:|,path:|,sourceTree:|,,isa:PBXBuildFile,,displayName:RNGoogleSignInCGenJSI.h,fileRef:displayName:|,includeInIndex:|,isa:|,lastKnownFileType:|,path:|,sourceTree:|,,isa:PBXBuildFile,,displayName:RNImagePickerSpec.h,fileRef:displayName:|,includeInIndex:|,isa:|,lastKnownFileType:|,path:|,sourceTree:|,,isa:PBXBuildFile,,displayName:RNImagePickerSpecJSI.h,fileRef:displayName:|,includeInIndex:|,isa:|,lastKnownFileType:|,path:|,sourceTree:|,,isa:PBXBuildFile,,displayName:rnpermissions.h,fileRef:displayName:|,includeInIndex:|,isa:|,lastKnownFileType:|,path:|,sourceTree:|,,isa:PBXBuildFile,,displayName:rnpermissionsJSI.h,fileRef:displayName:|,includeInIndex:|,isa:|,lastKnownFileType:|,path:|,sourceTree:|,,isa:PBXBuildFile,,displayName:rnreanimated.h,fileRef:displayName:|,includeInIndex:|,isa:|,lastKnownFileType:|,path:|,sourceTree:|,,isa:PBXBuildFile,,displayName:rnreanimatedJSI.h,fileRef:displayName:|,includeInIndex:|,isa:|,lastKnownFileType:|,path:|,sourceTree:|,,isa:PBXBuildFile,,displayName:rnscreens.h,fileRef:displayName:|,includeInIndex:|,isa:|,lastKnownFileType:|,path:|,sourceTree:|,,isa:PBXBuildFile,,displayName:rnscreensJSI.h,fileRef:displayName:|,includeInIndex:|,isa:|,lastKnownFileType:|,path:|,sourceTree:|,,isa:PBXBuildFile,,displayName:rnsvg.h,fileRef:displayName:|,includeInIndex:|,isa:|,lastKnownFileType:|,path:|,sourceTree:|,,isa:PBXBuildFile,,displayName:rnsvgJSI.h,fileRef:displayName:|,includeInIndex:|,isa:|,lastKnownFileType:|,path:|,sourceTree:|,,isa:PBXBuildFile,,displayName:RNVectorIconsSpec.h,fileRef:displayName:|,includeInIndex:|,isa:|,lastKnownFileType:|,path:|,sourceTree:|,,isa:PBXBuildFile,,displayName:RNVectorIconsSpecJSI.h,fileRef:displayName:|,includeInIndex:|,isa:|,lastKnownFileType:|,path:|,sourceTree:|,,isa:PBXBuildFile,,displayName:safeareacontext.h,fileRef:displayName:|,includeInIndex:|,isa:|,lastKnownFileType:|,path:|,sourceTree:|,,isa:PBXBuildFile,,displayName:safeareacontextJSI.h,fileRef:displayName:|,includeInIndex:|,isa:|,lastKnownFileType:|,path:|,sourceTree:|,,isa:PBXBuildFile,,displayName:React-Codegen-umbrella.h,fileRef:displayName:|,includeInIndex:|,isa:|,lastKnownFileType:|,path:|,sourceTree:|,,isa:PBXBuildFile,settings:ATTRIBUTES:|,,,isa:PBXHeadersBuildPhase,runOnlyForDeploymentPostprocessing:0,/files/displayName:ShadowNodes.h,fileRef:displayName:ShadowNodes.h,includeInIndex:1,isa:PBXFileReference,lastKnownFileType:sourcecode.c.h,path:ShadowNodes.h,sourceTree:<group>,,isa:PBXBuildFile,
PBXBuildFile -- Pods.xcodeproj/targets/buildConfigurationList:buildConfigurations:baseConfigurationReference:|,buildSettings:|,displayName:|,isa:|,name:|,,baseConfigurationReference:|,buildSettings:|,displayName:|,isa:|,name:|,,defaultConfigurationIsVisible:0,defaultConfigurationName:Release,displayName:ConfigurationList,isa:XCConfigurationList,,buildPhases:buildActionMask:2147483647,displayName:Headers,files:|,|,|,|,|,|,|,|,|,|,|,|,|,|,|,|,|,|,|,|,|,|,|,|,|,|,|,|,isa:PBXHeadersBuildPhase,runOnlyForDeploymentPostprocessing:0,,buildActionMask:2147483647,displayName:Sources,files:|,|,|,|,|,|,|,|,|,|,|,|,|,|,|,|,|,|,|,|,|,|,|,isa:PBXSourcesBuildPhase,runOnlyForDeploymentPostprocessing:0,,buildActionMask:2147483647,displayName:Frameworks,files:|,isa:PBXFrameworksBuildPhase,runOnlyForDeploymentPostprocessing:0,,buildActionMask:2147483647,displayName:Resources,files:,isa:PBXResourcesBuildPhase,runOnlyForDeploymentPostprocessing:0,,buildRules:,dependencies:displayName:React-Core,isa:PBXTargetDependency,targetProxy:containerPortal:|,displayName:|,isa:|,proxyType:|,remoteGlobalIDString:|,remoteInfo:|,,,displayName:RCT-Folly,isa:PBXTargetDependency,targetProxy:containerPortal:|,displayName:|,isa:|,proxyType:|,remoteGlobalIDString:|,remoteInfo:|,,,displayName:glog,isa:PBXTargetDependency,targetProxy:containerPortal:|,displayName:|,isa:|,proxyType:|,remoteGlobalIDString:|,remoteInfo:|,,,displayName:React-RCTFabric,isa:PBXTargetDependency,targetProxy:containerPortal:|,displayName:|,isa:|,proxyType:|,remoteGlobalIDString:|,remoteInfo:|,,,displayName:React-Codegen,isa:PBXTargetDependency,targetProxy:containerPortal:|,displayName:|,isa:|,proxyType:|,remoteGlobalIDString:|,remoteInfo:|,,,displayName:RCTRequired,isa:PBXTargetDependency,targetProxy:containerPortal:|,displayName:|,isa:|,proxyType:|,remoteGlobalIDString:|,remoteInfo:|,,,displayName:RCTTypeSafety,isa:PBXTargetDependency,targetProxy:containerPortal:|,displayName:|,isa:|,proxyType:|,remoteGlobalIDString:|,remoteInfo:|,,,displayName:ReactCommon,isa:PBXTargetDependency,targetProxy:containerPortal:|,displayName:|,isa:|,proxyType:|,remoteGlobalIDString:|,remoteInfo:|,,,displayName:React-NativeModulesApple,isa:PBXTargetDependency,targetProxy:containerPortal:|,displayName:|,isa:|,proxyType:|,remoteGlobalIDString:|,remoteInfo:|,,,displayName:Yoga,isa:PBXTargetDependency,targetProxy:containerPortal:|,displayName:|,isa:|,proxyType:|,remoteGlobalIDString:|,remoteInfo:|,,,displayName:React-Fabric,isa:PBXTargetDependency,targetProxy:containerPortal:|,displayName:|,isa:|,proxyType:|,remoteGlobalIDString:|,remoteInfo:|,,,displayName:React-graphics,isa:PBXTargetDependency,targetProxy:containerPortal:|,displayName:|,isa:|,proxyType:|,remoteGlobalIDString:|,remoteInfo:|,,,displayName:React-utils,isa:PBXTargetDependency,targetProxy:containerPortal:|,displayName:|,isa:|,proxyType:|,remoteGlobalIDString:|,remoteInfo:|,,,displayName:React-featureflags,isa:PBXTargetDependency,targetProxy:containerPortal:|,displayName:|,isa:|,proxyType:|,remoteGlobalIDString:|,remoteInfo:|,,,displayName:React-debug,isa:PBXTargetDependency,targetProxy:containerPortal:|,displayName:|,isa:|,proxyType:|,remoteGlobalIDString:|,remoteInfo:|,,,displayName:React-ImageManager,isa:PBXTargetDependency,targetProxy:containerPortal:|,displayName:|,isa:|,proxyType:|,remoteGlobalIDString:|,remoteInfo:|,,,displayName:React-rendererdebug,isa:PBXTargetDependency,targetProxy:containerPortal:|,displayName:|,isa:|,proxyType:|,remoteGlobalIDString:|,remoteInfo:|,,,displayName:DoubleConversion,isa:PBXTargetDependency,targetProxy:containerPortal:|,displayName:|,isa:|,proxyType:|,remoteGlobalIDString:|,remoteInfo:|,,,displayName:React-jsi,isa:PBXTargetDependency,targetProxy:containerPortal:|,displayName:|,isa:|,proxyType:|,remoteGlobalIDString:|,remoteInfo:|,,,displayName:RNGestureHandler,fileSystemSynchronizedGroups:,isa:PBXNativeTarget,name:RNGestureHandler,packageProductDependencies:,productName:RNGestureHandler,productReference:displayName:RNGestureHandler,explicitFileType:wrapper.framework,includeInIndex:0,isa:PBXFileReference,name:RNGestureHandler,path:RNGestureHandler.framework,sourceTree:BUILT_PRODUCTS_DIR,,productType:com.apple.product-type.framework,/dependencies/displayName:React-RCTFabric,isa:PBXTargetDependency,targetProxy:containerPortal:46EB2E00000000,displayName:ContainerItemProxy,isa:PBXContainerItemProxy,proxyType:1,remoteGlobalIDString:46EB2E00020EA0,remoteInfo:React-RCTFabric,,/target/dependencies/displayName:React-RCTImage,isa:PBXTargetDependency,targetProxy:containerPortal:46EB2E00000000,displayName:ContainerItemProxy,isa:PBXContainerItemProxy,proxyType:1,remoteGlobalIDString:46EB2E000215E0,remoteInfo:React-RCTImage,,/target/dependencies/displayName:React-RCTNetwork,isa:PBXTargetDependency,targetProxy:containerPortal:46EB2E00000000,displayName:ContainerItemProxy,isa:PBXContainerItemProxy,proxyType:1,remoteGlobalIDString:46EB2E000219A0,remoteInfo:React-RCTNetwork,,/target/dependencies/displayName:React-Codegen,isa:PBXTargetDependency,targetProxy:containerPortal:46EB2E00000000,displayName:ContainerItemProxy,isa:PBXContainerItemProxy,proxyType:1,remoteGlobalIDString:46EB2E0001AAC0,remoteInfo:React-Codegen,,/target/buildPhases/buildActionMask:2147483647,displayName:Headers,files:displayName:FBReactNativeSpec.h,fileRef:displayName:|,includeInIndex:|,isa:|,lastKnownFileType:|,path:|,sourceTree:|,,isa:PBXBuildFile,,displayName:FBReactNativeSpecJSI.h,fileRef:displayName:|,includeInIndex:|,isa:|,lastKnownFileType:|,path:|,sourceTree:|,,isa:PBXBuildFile,,displayName:RCTModulesConformingToProtocolsProvider.h,fileRef:displayName:|,includeInIndex:|,isa:|,lastKnownFileType:|,path:|,sourceTree:|,,isa:PBXBuildFile,,displayName:ComponentDescriptors.h,fileRef:displayName:|,includeInIndex:|,isa:|,lastKnownFileType:|,path:|,sourceTree:|,,isa:PBXBuildFile,,displayName:EventEmitters.h,fileRef:displayName:|,includeInIndex:|,isa:|,lastKnownFileType:|,path:|,sourceTree:|,,isa:PBXBuildFile,,displayName:Props.h,fileRef:displayName:|,includeInIndex:|,isa:|,lastKnownFileType:|,path:|,sourceTree:|,,isa:PBXBuildFile,,displayName:RCTComponentViewHelpers.h,fileRef:displayName:|,includeInIndex:|,isa:|,lastKnownFileType:|,path:|,sourceTree:|,,isa:PBXBuildFile,,displayName:ShadowNodes.h,fileRef:displayName:|,includeInIndex:|,isa:|,lastKnownFileType:|,path:|,sourceTree:|,,isa:PBXBuildFile,,displayName:States.h,fileRef:displayName:|,includeInIndex:|,isa:|,lastKnownFileType:|,path:|,sourceTree:|,,isa:PBXBuildFile,,displayName:ComponentDescriptors.h,fileRef:displayName:|,includeInIndex:|,isa:|,lastKnownFileType:|,path:|,sourceTree:|,,isa:PBXBuildFile,,displayName:EventEmitters.h,fileRef:displayName:|,includeInIndex:|,isa:|,lastKnownFileType:|,path:|,sourceTree:|,,isa:PBXBuildFile,,displayName:Props.h,fileRef:displayName:|,includeInIndex:|,isa:|,lastKnownFileType:|,path:|,sourceTree:|,,isa:PBXBuildFile,,displayName:RCTComponentViewHelpers.h,fileRef:displayName:|,includeInIndex:|,isa:|,lastKnownFileType:|,path:|,sourceTree:|,,isa:PBXBuildFile,,displayName:ShadowNodes.h,fileRef:displayName:|,includeInIndex:|,isa:|,lastKnownFileType:|,path:|,sourceTree:|,,isa:PBXBuildFile,,displayName:States.h,fileRef:displayName:|,includeInIndex:|,isa:|,lastKnownFileType:|,path:|,sourceTree:|,,isa:PBXBuildFile,,displayName:ComponentDescriptors.h,fileRef:displayName:|,includeInIndex:|,isa:|,lastKnownFileType:|,path:|,sourceTree:|,,isa:PBXBuildFile,,displayName:EventEmitters.h,fileRef:displayName:|,includeInIndex:|,isa:|,lastKnownFileType:|,path:|,sourceTree:|,,isa:PBXBuildFile,,displayName:Props.h,fileRef:displayName:|,includeInIndex:|,isa:|,lastKnownFileType:|,path:|,sourceTree:|,,isa:PBXBuildFile,,displayName:RCTComponentViewHelpers.h,fileRef:displayName:|,includeInIndex:|,isa:|,lastKnownFileType:|,path:|,sourceTree:|,,isa:PBXBuildFile,,displayName:ShadowNodes.h,fileRef:displayName:|,includeInIndex:|,isa:|,lastKnownFileType:|,path:|,sourceTree:|,,isa:PBXBuildFile,,displayName:States.h,fileRef:displayName:|,includeInIndex:|,isa:|,lastKnownFileType:|,path:|,sourceTree:|,,isa:PBXBuildFile,,displayName:ComponentDescriptors.h,fileRef:displayName:|,includeInIndex:|,isa:|,lastKnownFileType:|,path:|,sourceTree:|,,isa:PBXBuildFile,,displayName:EventEmitters.h,fileRef:displayName:|,includeInIndex:|,isa:|,lastKnownFileType:|,path:|,sourceTree:|,,isa:PBXBuildFile,,displayName:Props.h,fileRef:displayName:|,includeInIndex:|,isa:|,lastKnownFileType:|,path:|,sourceTree:|,,isa:PBXBuildFile,,displayName:RCTComponentViewHelpers.h,fileRef:displayName:|,includeInIndex:|,isa:|,lastKnownFileType:|,path:|,sourceTree:|,,isa:PBXBuildFile,,displayName:ShadowNodes.h,fileRef:displayName:|,includeInIndex:|,isa:|,lastKnownFileType:|,path:|,sourceTree:|,,isa:PBXBuildFile,,displayName:States.h,fileRef:displayName:|,includeInIndex:|,isa:|,lastKnownFileType:|,path:|,sourceTree:|,,isa:PBXBuildFile,,displayName:ComponentDescriptors.h,fileRef:displayName:|,includeInIndex:|,isa:|,lastKnownFileType:|,path:|,sourceTree:|,,isa:PBXBuildFile,,displayName:EventEmitters.h,fileRef:displayName:|,includeInIndex:|,isa:|,lastKnownFileType:|,path:|,sourceTree:|,,isa:PBXBuildFile,,displayName:Props.h,fileRef:displayName:|,includeInIndex:|,isa:|,lastKnownFileType:|,path:|,sourceTree:|,,isa:PBXBuildFile,,displayName:RCTComponentViewHelpers.h,fileRef:displayName:|,includeInIndex:|,isa:|,lastKnownFileType:|,path:|,sourceTree:|,,isa:PBXBuildFile,,displayName:ShadowNodes.h,fileRef:displayName:|,includeInIndex:|,isa:|,lastKnownFileType:|,path:|,sourceTree:|,,isa:PBXBuildFile,,displayName:States.h,fileRef:displayName:|,includeInIndex:|,isa:|,lastKnownFileType:|,path:|,sourceTree:|,,isa:PBXBuildFile,,displayName:ComponentDescriptors.h,fileRef:displayName:|,includeInIndex:|,isa:|,lastKnownFileType:|,path:|,sourceTree:|,,isa:PBXBuildFile,,displayName:EventEmitters.h,fileRef:displayName:|,includeInIndex:|,isa:|,lastKnownFileType:|,path:|,sourceTree:|,,isa:PBXBuildFile,,displayName:Props.h,fileRef:displayName:|,includeInIndex:|,isa:|,lastKnownFileType:|,path:|,sourceTree:|,,isa:PBXBuildFile,,displayName:RCTComponentViewHelpers.h,fileRef:displayName:|,includeInIndex:|,isa:|,lastKnownFileType:|,path:|,sourceTree:|,,isa:PBXBuildFile,,displayName:ShadowNodes.h,fileRef:displayName:|,includeInIndex:|,isa:|,lastKnownFileType:|,path:|,sourceTree:|,,isa:PBXBuildFile,,displayName:States.h,fileRef:displayName:|,includeInIndex:|,isa:|,lastKnownFileType:|,path:|,sourceTree:|,,isa:PBXBuildFile,,displayName:rnasyncstorage.h,fileRef:displayName:|,includeInIndex:|,isa:|,lastKnownFileType:|,path:|,sourceTree:|,,isa:PBXBuildFile,,displayName:rnasyncstorageJSI.h,fileRef:displayName:|,includeInIndex:|,isa:|,lastKnownFileType:|,path:|,sourceTree:|,,isa:PBXBuildFile,,displayName:RNCConfigModule.h,fileRef:displayName:|,includeInIndex:|,isa:|,lastKnownFileType:|,path:|,sourceTree:|,,isa:PBXBuildFile,,displayName:RNCConfigModuleJSI.h,fileRef:displayName:|,includeInIndex:|,isa:|,lastKnownFileType:|,path:|,sourceTree:|,,isa:PBXBuildFile,,displayName:rnclipboard.h,fileRef:displayName:|,includeInIndex:|,isa:|,lastKnownFileType:|,path:|,sourceTree:|,,isa:PBXBuildFile,,displayName:rnclipboardJSI.h,fileRef:displayName:|,includeInIndex:|,isa:|,lastKnownFileType:|,path:|,sourceTree:|,,isa:PBXBuildFile,,displayName:rngesturehandler_codegen.h,fileRef:displayName:|,includeInIndex:|,isa:|,lastKnownFileType:|,path:|,sourceTree:|,,isa:PBXBuildFile,,displayName:rngesturehandler_codegenJSI.h,fileRef:displayName:|,includeInIndex:|,isa:|,lastKnownFileType:|,path:|,sourceTree:|,,isa:PBXBuildFile,,displayName:RNGoogleSignInCGen.h,fileRef:displayName:|,includeInIndex:|,isa:|,lastKnownFileType:|,path:|,sourceTree:|,,isa:PBXBuildFile,,displayName:RNGoogleSignInCGenJSI.h,fileRef:displayName:|,includeInIndex:|,isa:|,lastKnownFileType:|,path:|,sourceTree:|,,isa:PBXBuildFile,,displayName:RNImagePickerSpec.h,fileRef:displayName:|,includeInIndex:|,isa:|,lastKnownFileType:|,path:|,sourceTree:|,,isa:PBXBuildFile,,displayName:RNImagePickerSpecJSI.h,fileRef:displayName:|,includeInIndex:|,isa:|,lastKnownFileType:|,path:|,sourceTree:|,,isa:PBXBuildFile,,displayName:rnpermissions.h,fileRef:displayName:|,includeInIndex:|,isa:|,lastKnownFileType:|,path:|,sourceTree:|,,isa:PBXBuildFile,,displayName:rnpermissionsJSI.h,fileRef:displayName:|,includeInIndex:|,isa:|,lastKnownFileType:|,path:|,sourceTree:|,,isa:PBXBuildFile,,displayName:rnreanimated.h,fileRef:displayName:|,includeInIndex:|,isa:|,lastKnownFileType:|,path:|,sourceTree:|,,isa:PBXBuildFile,,displayName:rnreanimatedJSI.h,fileRef:displayName:|,includeInIndex:|,isa:|,lastKnownFileType:|,path:|,sourceTree:|,,isa:PBXBuildFile,,displayName:rnscreens.h,fileRef:displayName:|,includeInIndex:|,isa:|,lastKnownFileType:|,path:|,sourceTree:|,,isa:PBXBuildFile,,displayName:rnscreensJSI.h,fileRef:displayName:|,includeInIndex:|,isa:|,lastKnownFileType:|,path:|,sourceTree:|,,isa:PBXBuildFile,,displayName:rnsvg.h,fileRef:displayName:|,includeInIndex:|,isa:|,lastKnownFileType:|,path:|,sourceTree:|,,isa:PBXBuildFile,,displayName:rnsvgJSI.h,fileRef:displayName:|,includeInIndex:|,isa:|,lastKnownFileType:|,path:|,sourceTree:|,,isa:PBXBuildFile,,displayName:RNVectorIconsSpec.h,fileRef:displayName:|,includeInIndex:|,isa:|,lastKnownFileType:|,path:|,sourceTree:|,,isa:PBXBuildFile,,displayName:RNVectorIconsSpecJSI.h,fileRef:displayName:|,includeInIndex:|,isa:|,lastKnownFileType:|,path:|,sourceTree:|,,isa:PBXBuildFile,,displayName:safeareacontext.h,fileRef:displayName:|,includeInIndex:|,isa:|,lastKnownFileType:|,path:|,sourceTree:|,,isa:PBXBuildFile,,displayName:safeareacontextJSI.h,fileRef:displayName:|,includeInIndex:|,isa:|,lastKnownFileType:|,path:|,sourceTree:|,,isa:PBXBuildFile,,displayName:React-Codegen-umbrella.h,fileRef:displayName:|,includeInIndex:|,isa:|,lastKnownFileType:|,path:|,sourceTree:|,,isa:PBXBuildFile,settings:ATTRIBUTES:|,,,isa:PBXHeadersBuildPhase,runOnlyForDeploymentPostprocessing:0,/files/displayName:States.h,fileRef:displayName:States.h,includeInIndex:1,isa:PBXFileReference,lastKnownFileType:sourcecode.c.h,path:States.h,sourceTree:<group>,,isa:PBXBuildFile,
PBXBuildFile -- Pods.xcodeproj/targets/buildConfigurationList:buildConfigurations:baseConfigurationReference:|,buildSettings:|,displayName:|,isa:|,name:|,,baseConfigurationReference:|,buildSettings:|,displayName:|,isa:|,name:|,,defaultConfigurationIsVisible:0,defaultConfigurationName:Release,displayName:ConfigurationList,isa:XCConfigurationList,,buildPhases:buildActionMask:2147483647,displayName:Headers,files:|,|,|,|,|,|,|,|,|,|,|,|,|,|,|,|,|,|,|,|,|,|,|,|,|,|,|,|,isa:PBXHeadersBuildPhase,runOnlyForDeploymentPostprocessing:0,,buildActionMask:2147483647,displayName:Sources,files:|,|,|,|,|,|,|,|,|,|,|,|,|,|,|,|,|,|,|,|,|,|,|,isa:PBXSourcesBuildPhase,runOnlyForDeploymentPostprocessing:0,,buildActionMask:2147483647,displayName:Frameworks,files:|,isa:PBXFrameworksBuildPhase,runOnlyForDeploymentPostprocessing:0,,buildActionMask:2147483647,displayName:Resources,files:,isa:PBXResourcesBuildPhase,runOnlyForDeploymentPostprocessing:0,,buildRules:,dependencies:displayName:React-Core,isa:PBXTargetDependency,targetProxy:containerPortal:|,displayName:|,isa:|,proxyType:|,remoteGlobalIDString:|,remoteInfo:|,,,displayName:RCT-Folly,isa:PBXTargetDependency,targetProxy:containerPortal:|,displayName:|,isa:|,proxyType:|,remoteGlobalIDString:|,remoteInfo:|,,,displayName:glog,isa:PBXTargetDependency,targetProxy:containerPortal:|,displayName:|,isa:|,proxyType:|,remoteGlobalIDString:|,remoteInfo:|,,,displayName:React-RCTFabric,isa:PBXTargetDependency,targetProxy:containerPortal:|,displayName:|,isa:|,proxyType:|,remoteGlobalIDString:|,remoteInfo:|,,,displayName:React-Codegen,isa:PBXTargetDependency,targetProxy:containerPortal:|,displayName:|,isa:|,proxyType:|,remoteGlobalIDString:|,remoteInfo:|,,,displayName:RCTRequired,isa:PBXTargetDependency,targetProxy:containerPortal:|,displayName:|,isa:|,proxyType:|,remoteGlobalIDString:|,remoteInfo:|,,,displayName:RCTTypeSafety,isa:PBXTargetDependency,targetProxy:containerPortal:|,displayName:|,isa:|,proxyType:|,remoteGlobalIDString:|,remoteInfo:|,,,displayName:ReactCommon,isa:PBXTargetDependency,targetProxy:containerPortal:|,displayName:|,isa:|,proxyType:|,remoteGlobalIDString:|,remoteInfo:|,,,displayName:React-NativeModulesApple,isa:PBXTargetDependency,targetProxy:containerPortal:|,displayName:|,isa:|,proxyType:|,remoteGlobalIDString:|,remoteInfo:|,,,displayName:Yoga,isa:PBXTargetDependency,targetProxy:containerPortal:|,displayName:|,isa:|,proxyType:|,remoteGlobalIDString:|,remoteInfo:|,,,displayName:React-Fabric,isa:PBXTargetDependency,targetProxy:containerPortal:|,displayName:|,isa:|,proxyType:|,remoteGlobalIDString:|,remoteInfo:|,,,displayName:React-graphics,isa:PBXTargetDependency,targetProxy:containerPortal:|,displayName:|,isa:|,proxyType:|,remoteGlobalIDString:|,remoteInfo:|,,,displayName:React-utils,isa:PBXTargetDependency,targetProxy:containerPortal:|,displayName:|,isa:|,proxyType:|,remoteGlobalIDString:|,remoteInfo:|,,,displayName:React-featureflags,isa:PBXTargetDependency,targetProxy:containerPortal:|,displayName:|,isa:|,proxyType:|,remoteGlobalIDString:|,remoteInfo:|,,,displayName:React-debug,isa:PBXTargetDependency,targetProxy:containerPortal:|,displayName:|,isa:|,proxyType:|,remoteGlobalIDString:|,remoteInfo:|,,,displayName:React-ImageManager,isa:PBXTargetDependency,targetProxy:containerPortal:|,displayName:|,isa:|,proxyType:|,remoteGlobalIDString:|,remoteInfo:|,,,displayName:React-rendererdebug,isa:PBXTargetDependency,targetProxy:containerPortal:|,displayName:|,isa:|,proxyType:|,remoteGlobalIDString:|,remoteInfo:|,,,displayName:DoubleConversion,isa:PBXTargetDependency,targetProxy:containerPortal:|,displayName:|,isa:|,proxyType:|,remoteGlobalIDString:|,remoteInfo:|,,,displayName:React-jsi,isa:PBXTargetDependency,targetProxy:containerPortal:|,displayName:|,isa:|,proxyType:|,remoteGlobalIDString:|,remoteInfo:|,,,displayName:RNGestureHandler,fileSystemSynchronizedGroups:,isa:PBXNativeTarget,name:RNGestureHandler,packageProductDependencies:,productName:RNGestureHandler,productReference:displayName:RNGestureHandler,explicitFileType:wrapper.framework,includeInIndex:0,isa:PBXFileReference,name:RNGestureHandler,path:RNGestureHandler.framework,sourceTree:BUILT_PRODUCTS_DIR,,productType:com.apple.product-type.framework,/dependencies/displayName:React-RCTFabric,isa:PBXTargetDependency,targetProxy:containerPortal:46EB2E00000000,displayName:ContainerItemProxy,isa:PBXContainerItemProxy,proxyType:1,remoteGlobalIDString:46EB2E00020EA0,remoteInfo:React-RCTFabric,,/target/dependencies/displayName:React-RCTImage,isa:PBXTargetDependency,targetProxy:containerPortal:46EB2E00000000,displayName:ContainerItemProxy,isa:PBXContainerItemProxy,proxyType:1,remoteGlobalIDString:46EB2E000215E0,remoteInfo:React-RCTImage,,/target/dependencies/displayName:React-RCTNetwork,isa:PBXTargetDependency,targetProxy:containerPortal:46EB2E00000000,displayName:ContainerItemProxy,isa:PBXContainerItemProxy,proxyType:1,remoteGlobalIDString:46EB2E000219A0,remoteInfo:React-RCTNetwork,,/target/dependencies/displayName:React-Codegen,isa:PBXTargetDependency,targetProxy:containerPortal:46EB2E00000000,displayName:ContainerItemProxy,isa:PBXContainerItemProxy,proxyType:1,remoteGlobalIDString:46EB2E0001AAC0,remoteInfo:React-Codegen,,/target/buildPhases/buildActionMask:2147483647,displayName:Headers,files:displayName:FBReactNativeSpec.h,fileRef:displayName:|,includeInIndex:|,isa:|,lastKnownFileType:|,path:|,sourceTree:|,,isa:PBXBuildFile,,displayName:FBReactNativeSpecJSI.h,fileRef:displayName:|,includeInIndex:|,isa:|,lastKnownFileType:|,path:|,sourceTree:|,,isa:PBXBuildFile,,displayName:RCTModulesConformingToProtocolsProvider.h,fileRef:displayName:|,includeInIndex:|,isa:|,lastKnownFileType:|,path:|,sourceTree:|,,isa:PBXBuildFile,,displayName:ComponentDescriptors.h,fileRef:displayName:|,includeInIndex:|,isa:|,lastKnownFileType:|,path:|,sourceTree:|,,isa:PBXBuildFile,,displayName:EventEmitters.h,fileRef:displayName:|,includeInIndex:|,isa:|,lastKnownFileType:|,path:|,sourceTree:|,,isa:PBXBuildFile,,displayName:Props.h,fileRef:displayName:|,includeInIndex:|,isa:|,lastKnownFileType:|,path:|,sourceTree:|,,isa:PBXBuildFile,,displayName:RCTComponentViewHelpers.h,fileRef:displayName:|,includeInIndex:|,isa:|,lastKnownFileType:|,path:|,sourceTree:|,,isa:PBXBuildFile,,displayName:ShadowNodes.h,fileRef:displayName:|,includeInIndex:|,isa:|,lastKnownFileType:|,path:|,sourceTree:|,,isa:PBXBuildFile,,displayName:States.h,fileRef:displayName:|,includeInIndex:|,isa:|,lastKnownFileType:|,path:|,sourceTree:|,,isa:PBXBuildFile,,displayName:ComponentDescriptors.h,fileRef:displayName:|,includeInIndex:|,isa:|,lastKnownFileType:|,path:|,sourceTree:|,,isa:PBXBuildFile,,displayName:EventEmitters.h,fileRef:displayName:|,includeInIndex:|,isa:|,lastKnownFileType:|,path:|,sourceTree:|,,isa:PBXBuildFile,,displayName:Props.h,fileRef:displayName:|,includeInIndex:|,isa:|,lastKnownFileType:|,path:|,sourceTree:|,,isa:PBXBuildFile,,displayName:RCTComponentViewHelpers.h,fileRef:displayName:|,includeInIndex:|,isa:|,lastKnownFileType:|,path:|,sourceTree:|,,isa:PBXBuildFile,,displayName:ShadowNodes.h,fileRef:displayName:|,includeInIndex:|,isa:|,lastKnownFileType:|,path:|,sourceTree:|,,isa:PBXBuildFile,,displayName:States.h,fileRef:displayName:|,includeInIndex:|,isa:|,lastKnownFileType:|,path:|,sourceTree:|,,isa:PBXBuildFile,,displayName:ComponentDescriptors.h,fileRef:displayName:|,includeInIndex:|,isa:|,lastKnownFileType:|,path:|,sourceTree:|,,isa:PBXBuildFile,,displayName:EventEmitters.h,fileRef:displayName:|,includeInIndex:|,isa:|,lastKnownFileType:|,path:|,sourceTree:|,,isa:PBXBuildFile,,displayName:Props.h,fileRef:displayName:|,includeInIndex:|,isa:|,lastKnownFileType:|,path:|,sourceTree:|,,isa:PBXBuildFile,,displayName:RCTComponentViewHelpers.h,fileRef:displayName:|,includeInIndex:|,isa:|,lastKnownFileType:|,path:|,sourceTree:|,,isa:PBXBuildFile,,displayName:ShadowNodes.h,fileRef:displayName:|,includeInIndex:|,isa:|,lastKnownFileType:|,path:|,sourceTree:|,,isa:PBXBuildFile,,displayName:States.h,fileRef:displayName:|,includeInIndex:|,isa:|,lastKnownFileType:|,path:|,sourceTree:|,,isa:PBXBuildFile,,displayName:ComponentDescriptors.h,fileRef:displayName:|,includeInIndex:|,isa:|,lastKnownFileType:|,path:|,sourceTree:|,,isa:PBXBuildFile,,displayName:EventEmitters.h,fileRef:displayName:|,includeInIndex:|,isa:|,lastKnownFileType:|,path:|,sourceTree:|,,isa:PBXBuildFile,,displayName:Props.h,fileRef:displayName:|,includeInIndex:|,isa:|,lastKnownFileType:|,path:|,sourceTree:|,,isa:PBXBuildFile,,displayName:RCTComponentViewHelpers.h,fileRef:displayName:|,includeInIndex:|,isa:|,lastKnownFileType:|,path:|,sourceTree:|,,isa:PBXBuildFile,,displayName:ShadowNodes.h,fileRef:displayName:|,includeInIndex:|,isa:|,lastKnownFileType:|,path:|,sourceTree:|,,isa:PBXBuildFile,,displayName:States.h,fileRef:displayName:|,includeInIndex:|,isa:|,lastKnownFileType:|,path:|,sourceTree:|,,isa:PBXBuildFile,,displayName:ComponentDescriptors.h,fileRef:displayName:|,includeInIndex:|,isa:|,lastKnownFileType:|,path:|,sourceTree:|,,isa:PBXBuildFile,,displayName:EventEmitters.h,fileRef:displayName:|,includeInIndex:|,isa:|,lastKnownFileType:|,path:|,sourceTree:|,,isa:PBXBuildFile,,displayName:Props.h,fileRef:displayName:|,includeInIndex:|,isa:|,lastKnownFileType:|,path:|,sourceTree:|,,isa:PBXBuildFile,,displayName:RCTComponentViewHelpers.h,fileRef:displayName:|,includeInIndex:|,isa:|,lastKnownFileType:|,path:|,sourceTree:|,,isa:PBXBuildFile,,displayName:ShadowNodes.h,fileRef:displayName:|,includeInIndex:|,isa:|,lastKnownFileType:|,path:|,sourceTree:|,,isa:PBXBuildFile,,displayName:States.h,fileRef:displayName:|,includeInIndex:|,isa:|,lastKnownFileType:|,path:|,sourceTree:|,,isa:PBXBuildFile,,displayName:ComponentDescriptors.h,fileRef:displayName:|,includeInIndex:|,isa:|,lastKnownFileType:|,path:|,sourceTree:|,,isa:PBXBuildFile,,displayName:EventEmitters.h,fileRef:displayName:|,includeInIndex:|,isa:|,lastKnownFileType:|,path:|,sourceTree:|,,isa:PBXBuildFile,,displayName:Props.h,fileRef:displayName:|,includeInIndex:|,isa:|,lastKnownFileType:|,path:|,sourceTree:|,,isa:PBXBuildFile,,displayName:RCTComponentViewHelpers.h,fileRef:displayName:|,includeInIndex:|,isa:|,lastKnownFileType:|,path:|,sourceTree:|,,isa:PBXBuildFile,,displayName:ShadowNodes.h,fileRef:displayName:|,includeInIndex:|,isa:|,lastKnownFileType:|,path:|,sourceTree:|,,isa:PBXBuildFile,,displayName:States.h,fileRef:displayName:|,includeInIndex:|,isa:|,lastKnownFileType:|,path:|,sourceTree:|,,isa:PBXBuildFile,,displayName:rnasyncstorage.h,fileRef:displayName:|,includeInIndex:|,isa:|,lastKnownFileType:|,path:|,sourceTree:|,,isa:PBXBuildFile,,displayName:rnasyncstorageJSI.h,fileRef:displayName:|,includeInIndex:|,isa:|,lastKnownFileType:|,path:|,sourceTree:|,,isa:PBXBuildFile,,displayName:RNCConfigModule.h,fileRef:displayName:|,includeInIndex:|,isa:|,lastKnownFileType:|,path:|,sourceTree:|,,isa:PBXBuildFile,,displayName:RNCConfigModuleJSI.h,fileRef:displayName:|,includeInIndex:|,isa:|,lastKnownFileType:|,path:|,sourceTree:|,,isa:PBXBuildFile,,displayName:rnclipboard.h,fileRef:displayName:|,includeInIndex:|,isa:|,lastKnownFileType:|,path:|,sourceTree:|,,isa:PBXBuildFile,,displayName:rnclipboardJSI.h,fileRef:displayName:|,includeInIndex:|,isa:|,lastKnownFileType:|,path:|,sourceTree:|,,isa:PBXBuildFile,,displayName:rngesturehandler_codegen.h,fileRef:displayName:|,includeInIndex:|,isa:|,lastKnownFileType:|,path:|,sourceTree:|,,isa:PBXBuildFile,,displayName:rngesturehandler_codegenJSI.h,fileRef:displayName:|,includeInIndex:|,isa:|,lastKnownFileType:|,path:|,sourceTree:|,,isa:PBXBuildFile,,displayName:RNGoogleSignInCGen.h,fileRef:displayName:|,includeInIndex:|,isa:|,lastKnownFileType:|,path:|,sourceTree:|,,isa:PBXBuildFile,,displayName:RNGoogleSignInCGenJSI.h,fileRef:displayName:|,includeInIndex:|,isa:|,lastKnownFileType:|,path:|,sourceTree:|,,isa:PBXBuildFile,,displayName:RNImagePickerSpec.h,fileRef:displayName:|,includeInIndex:|,isa:|,lastKnownFileType:|,path:|,sourceTree:|,,isa:PBXBuildFile,,displayName:RNImagePickerSpecJSI.h,fileRef:displayName:|,includeInIndex:|,isa:|,lastKnownFileType:|,path:|,sourceTree:|,,isa:PBXBuildFile,,displayName:rnpermissions.h,fileRef:displayName:|,includeInIndex:|,isa:|,lastKnownFileType:|,path:|,sourceTree:|,,isa:PBXBuildFile,,displayName:rnpermissionsJSI.h,fileRef:displayName:|,includeInIndex:|,isa:|,lastKnownFileType:|,path:|,sourceTree:|,,isa:PBXBuildFile,,displayName:rnreanimated.h,fileRef:displayName:|,includeInIndex:|,isa:|,lastKnownFileType:|,path:|,sourceTree:|,,isa:PBXBuildFile,,displayName:rnreanimatedJSI.h,fileRef:displayName:|,includeInIndex:|,isa:|,lastKnownFileType:|,path:|,sourceTree:|,,isa:PBXBuildFile,,displayName:rnscreens.h,fileRef:displayName:|,includeInIndex:|,isa:|,lastKnownFileType:|,path:|,sourceTree:|,,isa:PBXBuildFile,,displayName:rnscreensJSI.h,fileRef:displayName:|,includeInIndex:|,isa:|,lastKnownFileType:|,path:|,sourceTree:|,,isa:PBXBuildFile,,displayName:rnsvg.h,fileRef:displayName:|,includeInIndex:|,isa:|,lastKnownFileType:|,path:|,sourceTree:|,,isa:PBXBuildFile,,displayName:rnsvgJSI.h,fileRef:displayName:|,includeInIndex:|,isa:|,lastKnownFileType:|,path:|,sourceTree:|,,isa:PBXBuildFile,,displayName:RNVectorIconsSpec.h,fileRef:displayName:|,includeInIndex:|,isa:|,lastKnownFileType:|,path:|,sourceTree:|,,isa:PBXBuildFile,,displayName:RNVectorIconsSpecJSI.h,fileRef:displayName:|,includeInIndex:|,isa:|,lastKnownFileType:|,path:|,sourceTree:|,,isa:PBXBuildFile,,displayName:safeareacontext.h,fileRef:displayName:|,includeInIndex:|,isa:|,lastKnownFileType:|,path:|,sourceTree:|,,isa:PBXBuildFile,,displayName:safeareacontextJSI.h,fileRef:displayName:|,includeInIndex:|,isa:|,lastKnownFileType:|,path:|,sourceTree:|,,isa:PBXBuildFile,,displayName:React-Codegen-umbrella.h,fileRef:displayName:|,includeInIndex:|,isa:|,lastKnownFileType:|,path:|,sourceTree:|,,isa:PBXBuildFile,settings:ATTRIBUTES:|,,,isa:PBXHeadersBuildPhase,runOnlyForDeploymentPostprocessing:0,/files/displayName:ComponentDescriptors.h,fileRef:displayName:ComponentDescriptors.h,includeInIndex:1,isa:PBXFileReference,lastKnownFileType:sourcecode.c.h,path:ComponentDescriptors.h,sourceTree:<group>,,isa:PBXBuildFile,
PBXBuildFile -- Pods.xcodeproj/targets/buildConfigurationList:buildConfigurations:baseConfigurationReference:|,buildSettings:|,displayName:|,isa:|,name:|,,baseConfigurationReference:|,buildSettings:|,displayName:|,isa:|,name:|,,defaultConfigurationIsVisible:0,defaultConfigurationName:Release,displayName:ConfigurationList,isa:XCConfigurationList,,buildPhases:buildActionMask:2147483647,displayName:Headers,files:|,|,|,|,|,|,|,|,|,|,|,|,|,|,|,|,|,|,|,|,|,|,|,|,|,|,|,|,isa:PBXHeadersBuildPhase,runOnlyForDeploymentPostprocessing:0,,buildActionMask:2147483647,displayName:Sources,files:|,|,|,|,|,|,|,|,|,|,|,|,|,|,|,|,|,|,|,|,|,|,|,isa:PBXSourcesBuildPhase,runOnlyForDeploymentPostprocessing:0,,buildActionMask:2147483647,displayName:Frameworks,files:|,isa:PBXFrameworksBuildPhase,runOnlyForDeploymentPostprocessing:0,,buildActionMask:2147483647,displayName:Resources,files:,isa:PBXResourcesBuildPhase,runOnlyForDeploymentPostprocessing:0,,buildRules:,dependencies:displayName:React-Core,isa:PBXTargetDependency,targetProxy:containerPortal:|,displayName:|,isa:|,proxyType:|,remoteGlobalIDString:|,remoteInfo:|,,,displayName:RCT-Folly,isa:PBXTargetDependency,targetProxy:containerPortal:|,displayName:|,isa:|,proxyType:|,remoteGlobalIDString:|,remoteInfo:|,,,displayName:glog,isa:PBXTargetDependency,targetProxy:containerPortal:|,displayName:|,isa:|,proxyType:|,remoteGlobalIDString:|,remoteInfo:|,,,displayName:React-RCTFabric,isa:PBXTargetDependency,targetProxy:containerPortal:|,displayName:|,isa:|,proxyType:|,remoteGlobalIDString:|,remoteInfo:|,,,displayName:React-Codegen,isa:PBXTargetDependency,targetProxy:containerPortal:|,displayName:|,isa:|,proxyType:|,remoteGlobalIDString:|,remoteInfo:|,,,displayName:RCTRequired,isa:PBXTargetDependency,targetProxy:containerPortal:|,displayName:|,isa:|,proxyType:|,remoteGlobalIDString:|,remoteInfo:|,,,displayName:RCTTypeSafety,isa:PBXTargetDependency,targetProxy:containerPortal:|,displayName:|,isa:|,proxyType:|,remoteGlobalIDString:|,remoteInfo:|,,,displayName:ReactCommon,isa:PBXTargetDependency,targetProxy:containerPortal:|,displayName:|,isa:|,proxyType:|,remoteGlobalIDString:|,remoteInfo:|,,,displayName:React-NativeModulesApple,isa:PBXTargetDependency,targetProxy:containerPortal:|,displayName:|,isa:|,proxyType:|,remoteGlobalIDString:|,remoteInfo:|,,,displayName:Yoga,isa:PBXTargetDependency,targetProxy:containerPortal:|,displayName:|,isa:|,proxyType:|,remoteGlobalIDString:|,remoteInfo:|,,,displayName:React-Fabric,isa:PBXTargetDependency,targetProxy:containerPortal:|,displayName:|,isa:|,proxyType:|,remoteGlobalIDString:|,remoteInfo:|,,,displayName:React-graphics,isa:PBXTargetDependency,targetProxy:containerPortal:|,displayName:|,isa:|,proxyType:|,remoteGlobalIDString:|,remoteInfo:|,,,displayName:React-utils,isa:PBXTargetDependency,targetProxy:containerPortal:|,displayName:|,isa:|,proxyType:|,remoteGlobalIDString:|,remoteInfo:|,,,displayName:React-featureflags,isa:PBXTargetDependency,targetProxy:containerPortal:|,displayName:|,isa:|,proxyType:|,remoteGlobalIDString:|,remoteInfo:|,,,displayName:React-debug,isa:PBXTargetDependency,targetProxy:containerPortal:|,displayName:|,isa:|,proxyType:|,remoteGlobalIDString:|,remoteInfo:|,,,displayName:React-ImageManager,isa:PBXTargetDependency,targetProxy:containerPortal:|,displayName:|,isa:|,proxyType:|,remoteGlobalIDString:|,remoteInfo:|,,,displayName:React-rendererdebug,isa:PBXTargetDependency,targetProxy:containerPortal:|,displayName:|,isa:|,proxyType:|,remoteGlobalIDString:|,remoteInfo:|,,,displayName:DoubleConversion,isa:PBXTargetDependency,targetProxy:containerPortal:|,displayName:|,isa:|,proxyType:|,remoteGlobalIDString:|,remoteInfo:|,,,displayName:React-jsi,isa:PBXTargetDependency,targetProxy:containerPortal:|,displayName:|,isa:|,proxyType:|,remoteGlobalIDString:|,remoteInfo:|,,,displayName:RNGestureHandler,fileSystemSynchronizedGroups:,isa:PBXNativeTarget,name:RNGestureHandler,packageProductDependencies:,productName:RNGestureHandler,productReference:displayName:RNGestureHandler,explicitFileType:wrapper.framework,includeInIndex:0,isa:PBXFileReference,name:RNGestureHandler,path:RNGestureHandler.framework,sourceTree:BUILT_PRODUCTS_DIR,,productType:com.apple.product-type.framework,/dependencies/displayName:React-RCTFabric,isa:PBXTargetDependency,targetProxy:containerPortal:46EB2E00000000,displayName:ContainerItemProxy,isa:PBXContainerItemProxy,proxyType:1,remoteGlobalIDString:46EB2E00020EA0,remoteInfo:React-RCTFabric,,/target/dependencies/displayName:React-RCTImage,isa:PBXTargetDependency,targetProxy:containerPortal:46EB2E00000000,displayName:ContainerItemProxy,isa:PBXContainerItemProxy,proxyType:1,remoteGlobalIDString:46EB2E000215E0,remoteInfo:React-RCTImage,,/target/dependencies/displayName:React-RCTNetwork,isa:PBXTargetDependency,targetProxy:containerPortal:46EB2E00000000,displayName:ContainerItemProxy,isa:PBXContainerItemProxy,proxyType:1,remoteGlobalIDString:46EB2E000219A0,remoteInfo:React-RCTNetwork,,/target/dependencies/displayName:React-Codegen,isa:PBXTargetDependency,targetProxy:containerPortal:46EB2E00000000,displayName:ContainerItemProxy,isa:PBXContainerItemProxy,proxyType:1,remoteGlobalIDString:46EB2E0001AAC0,remoteInfo:React-Codegen,,/target/buildPhases/buildActionMask:2147483647,displayName:Headers,files:displayName:FBReactNativeSpec.h,fileRef:displayName:|,includeInIndex:|,isa:|,lastKnownFileType:|,path:|,sourceTree:|,,isa:PBXBuildFile,,displayName:FBReactNativeSpecJSI.h,fileRef:displayName:|,includeInIndex:|,isa:|,lastKnownFileType:|,path:|,sourceTree:|,,isa:PBXBuildFile,,displayName:RCTModulesConformingToProtocolsProvider.h,fileRef:displayName:|,includeInIndex:|,isa:|,lastKnownFileType:|,path:|,sourceTree:|,,isa:PBXBuildFile,,displayName:ComponentDescriptors.h,fileRef:displayName:|,includeInIndex:|,isa:|,lastKnownFileType:|,path:|,sourceTree:|,,isa:PBXBuildFile,,displayName:EventEmitters.h,fileRef:displayName:|,includeInIndex:|,isa:|,lastKnownFileType:|,path:|,sourceTree:|,,isa:PBXBuildFile,,displayName:Props.h,fileRef:displayName:|,includeInIndex:|,isa:|,lastKnownFileType:|,path:|,sourceTree:|,,isa:PBXBuildFile,,displayName:RCTComponentViewHelpers.h,fileRef:displayName:|,includeInIndex:|,isa:|,lastKnownFileType:|,path:|,sourceTree:|,,isa:PBXBuildFile,,displayName:ShadowNodes.h,fileRef:displayName:|,includeInIndex:|,isa:|,lastKnownFileType:|,path:|,sourceTree:|,,isa:PBXBuildFile,,displayName:States.h,fileRef:displayName:|,includeInIndex:|,isa:|,lastKnownFileType:|,path:|,sourceTree:|,,isa:PBXBuildFile,,displayName:ComponentDescriptors.h,fileRef:displayName:|,includeInIndex:|,isa:|,lastKnownFileType:|,path:|,sourceTree:|,,isa:PBXBuildFile,,displayName:EventEmitters.h,fileRef:displayName:|,includeInIndex:|,isa:|,lastKnownFileType:|,path:|,sourceTree:|,,isa:PBXBuildFile,,displayName:Props.h,fileRef:displayName:|,includeInIndex:|,isa:|,lastKnownFileType:|,path:|,sourceTree:|,,isa:PBXBuildFile,,displayName:RCTComponentViewHelpers.h,fileRef:displayName:|,includeInIndex:|,isa:|,lastKnownFileType:|,path:|,sourceTree:|,,isa:PBXBuildFile,,displayName:ShadowNodes.h,fileRef:displayName:|,includeInIndex:|,isa:|,lastKnownFileType:|,path:|,sourceTree:|,,isa:PBXBuildFile,,displayName:States.h,fileRef:displayName:|,includeInIndex:|,isa:|,lastKnownFileType:|,path:|,sourceTree:|,,isa:PBXBuildFile,,displayName:ComponentDescriptors.h,fileRef:displayName:|,includeInIndex:|,isa:|,lastKnownFileType:|,path:|,sourceTree:|,,isa:PBXBuildFile,,displayName:EventEmitters.h,fileRef:displayName:|,includeInIndex:|,isa:|,lastKnownFileType:|,path:|,sourceTree:|,,isa:PBXBuildFile,,displayName:Props.h,fileRef:displayName:|,includeInIndex:|,isa:|,lastKnownFileType:|,path:|,sourceTree:|,,isa:PBXBuildFile,,displayName:RCTComponentViewHelpers.h,fileRef:displayName:|,includeInIndex:|,isa:|,lastKnownFileType:|,path:|,sourceTree:|,,isa:PBXBuildFile,,displayName:ShadowNodes.h,fileRef:displayName:|,includeInIndex:|,isa:|,lastKnownFileType:|,path:|,sourceTree:|,,isa:PBXBuildFile,,displayName:States.h,fileRef:displayName:|,includeInIndex:|,isa:|,lastKnownFileType:|,path:|,sourceTree:|,,isa:PBXBuildFile,,displayName:ComponentDescriptors.h,fileRef:displayName:|,includeInIndex:|,isa:|,lastKnownFileType:|,path:|,sourceTree:|,,isa:PBXBuildFile,,displayName:EventEmitters.h,fileRef:displayName:|,includeInIndex:|,isa:|,lastKnownFileType:|,path:|,sourceTree:|,,isa:PBXBuildFile,,displayName:Props.h,fileRef:displayName:|,includeInIndex:|,isa:|,lastKnownFileType:|,path:|,sourceTree:|,,isa:PBXBuildFile,,displayName:RCTComponentViewHelpers.h,fileRef:displayName:|,includeInIndex:|,isa:|,lastKnownFileType:|,path:|,sourceTree:|,,isa:PBXBuildFile,,displayName:ShadowNodes.h,fileRef:displayName:|,includeInIndex:|,isa:|,lastKnownFileType:|,path:|,sourceTree:|,,isa:PBXBuildFile,,displayName:States.h,fileRef:displayName:|,includeInIndex:|,isa:|,lastKnownFileType:|,path:|,sourceTree:|,,isa:PBXBuildFile,,displayName:ComponentDescriptors.h,fileRef:displayName:|,includeInIndex:|,isa:|,lastKnownFileType:|,path:|,sourceTree:|,,isa:PBXBuildFile,,displayName:EventEmitters.h,fileRef:displayName:|,includeInIndex:|,isa:|,lastKnownFileType:|,path:|,sourceTree:|,,isa:PBXBuildFile,,displayName:Props.h,fileRef:displayName:|,includeInIndex:|,isa:|,lastKnownFileType:|,path:|,sourceTree:|,,isa:PBXBuildFile,,displayName:RCTComponentViewHelpers.h,fileRef:displayName:|,includeInIndex:|,isa:|,lastKnownFileType:|,path:|,sourceTree:|,,isa:PBXBuildFile,,displayName:ShadowNodes.h,fileRef:displayName:|,includeInIndex:|,isa:|,lastKnownFileType:|,path:|,sourceTree:|,,isa:PBXBuildFile,,displayName:States.h,fileRef:displayName:|,includeInIndex:|,isa:|,lastKnownFileType:|,path:|,sourceTree:|,,isa:PBXBuildFile,,displayName:ComponentDescriptors.h,fileRef:displayName:|,includeInIndex:|,isa:|,lastKnownFileType:|,path:|,sourceTree:|,,isa:PBXBuildFile,,displayName:EventEmitters.h,fileRef:displayName:|,includeInIndex:|,isa:|,lastKnownFileType:|,path:|,sourceTree:|,,isa:PBXBuildFile,,displayName:Props.h,fileRef:displayName:|,includeInIndex:|,isa:|,lastKnownFileType:|,path:|,sourceTree:|,,isa:PBXBuildFile,,displayName:RCTComponentViewHelpers.h,fileRef:displayName:|,includeInIndex:|,isa:|,lastKnownFileType:|,path:|,sourceTree:|,,isa:PBXBuildFile,,displayName:ShadowNodes.h,fileRef:displayName:|,includeInIndex:|,isa:|,lastKnownFileType:|,path:|,sourceTree:|,,isa:PBXBuildFile,,displayName:States.h,fileRef:displayName:|,includeInIndex:|,isa:|,lastKnownFileType:|,path:|,sourceTree:|,,isa:PBXBuildFile,,displayName:rnasyncstorage.h,fileRef:displayName:|,includeInIndex:|,isa:|,lastKnownFileType:|,path:|,sourceTree:|,,isa:PBXBuildFile,,displayName:rnasyncstorageJSI.h,fileRef:displayName:|,includeInIndex:|,isa:|,lastKnownFileType:|,path:|,sourceTree:|,,isa:PBXBuildFile,,displayName:RNCConfigModule.h,fileRef:displayName:|,includeInIndex:|,isa:|,lastKnownFileType:|,path:|,sourceTree:|,,isa:PBXBuildFile,,displayName:RNCConfigModuleJSI.h,fileRef:displayName:|,includeInIndex:|,isa:|,lastKnownFileType:|,path:|,sourceTree:|,,isa:PBXBuildFile,,displayName:rnclipboard.h,fileRef:displayName:|,includeInIndex:|,isa:|,lastKnownFileType:|,path:|,sourceTree:|,,isa:PBXBuildFile,,displayName:rnclipboardJSI.h,fileRef:displayName:|,includeInIndex:|,isa:|,lastKnownFileType:|,path:|,sourceTree:|,,isa:PBXBuildFile,,displayName:rngesturehandler_codegen.h,fileRef:displayName:|,includeInIndex:|,isa:|,lastKnownFileType:|,path:|,sourceTree:|,,isa:PBXBuildFile,,displayName:rngesturehandler_codegenJSI.h,fileRef:displayName:|,includeInIndex:|,isa:|,lastKnownFileType:|,path:|,sourceTree:|,,isa:PBXBuildFile,,displayName:RNGoogleSignInCGen.h,fileRef:displayName:|,includeInIndex:|,isa:|,lastKnownFileType:|,path:|,sourceTree:|,,isa:PBXBuildFile,,displayName:RNGoogleSignInCGenJSI.h,fileRef:displayName:|,includeInIndex:|,isa:|,lastKnownFileType:|,path:|,sourceTree:|,,isa:PBXBuildFile,,displayName:RNImagePickerSpec.h,fileRef:displayName:|,includeInIndex:|,isa:|,lastKnownFileType:|,path:|,sourceTree:|,,isa:PBXBuildFile,,displayName:RNImagePickerSpecJSI.h,fileRef:displayName:|,includeInIndex:|,isa:|,lastKnownFileType:|,path:|,sourceTree:|,,isa:PBXBuildFile,,displayName:rnpermissions.h,fileRef:displayName:|,includeInIndex:|,isa:|,lastKnownFileType:|,path:|,sourceTree:|,,isa:PBXBuildFile,,displayName:rnpermissionsJSI.h,fileRef:displayName:|,includeInIndex:|,isa:|,lastKnownFileType:|,path:|,sourceTree:|,,isa:PBXBuildFile,,displayName:rnreanimated.h,fileRef:displayName:|,includeInIndex:|,isa:|,lastKnownFileType:|,path:|,sourceTree:|,,isa:PBXBuildFile,,displayName:rnreanimatedJSI.h,fileRef:displayName:|,includeInIndex:|,isa:|,lastKnownFileType:|,path:|,sourceTree:|,,isa:PBXBuildFile,,displayName:rnscreens.h,fileRef:displayName:|,includeInIndex:|,isa:|,lastKnownFileType:|,path:|,sourceTree:|,,isa:PBXBuildFile,,displayName:rnscreensJSI.h,fileRef:displayName:|,includeInIndex:|,isa:|,lastKnownFileType:|,path:|,sourceTree:|,,isa:PBXBuildFile,,displayName:rnsvg.h,fileRef:displayName:|,includeInIndex:|,isa:|,lastKnownFileType:|,path:|,sourceTree:|,,isa:PBXBuildFile,,displayName:rnsvgJSI.h,fileRef:displayName:|,includeInIndex:|,isa:|,lastKnownFileType:|,path:|,sourceTree:|,,isa:PBXBuildFile,,displayName:RNVectorIconsSpec.h,fileRef:displayName:|,includeInIndex:|,isa:|,lastKnownFileType:|,path:|,sourceTree:|,,isa:PBXBuildFile,,displayName:RNVectorIconsSpecJSI.h,fileRef:displayName:|,includeInIndex:|,isa:|,lastKnownFileType:|,path:|,sourceTree:|,,isa:PBXBuildFile,,displayName:safeareacontext.h,fileRef:displayName:|,includeInIndex:|,isa:|,lastKnownFileType:|,path:|,sourceTree:|,,isa:PBXBuildFile,,displayName:safeareacontextJSI.h,fileRef:displayName:|,includeInIndex:|,isa:|,lastKnownFileType:|,path:|,sourceTree:|,,isa:PBXBuildFile,,displayName:React-Codegen-umbrella.h,fileRef:displayName:|,includeInIndex:|,isa:|,lastKnownFileType:|,path:|,sourceTree:|,,isa:PBXBuildFile,settings:ATTRIBUTES:|,,,isa:PBXHeadersBuildPhase,runOnlyForDeploymentPostprocessing:0,/files/displayName:EventEmitters.h,fileRef:displayName:EventEmitters.h,includeInIndex:1,isa:PBXFileReference,lastKnownFileType:sourcecode.c.h,path:EventEmitters.h,sourceTree:<group>,,isa:PBXBuildFile,
PBXBuildFile -- Pods.xcodeproj/targets/buildConfigurationList:buildConfigurations:baseConfigurationReference:|,buildSettings:|,displayName:|,isa:|,name:|,,baseConfigurationReference:|,buildSettings:|,displayName:|,isa:|,name:|,,defaultConfigurationIsVisible:0,defaultConfigurationName:Release,displayName:ConfigurationList,isa:XCConfigurationList,,buildPhases:buildActionMask:2147483647,displayName:Headers,files:|,|,|,|,|,|,|,|,|,|,|,|,|,|,|,|,|,|,|,|,|,|,|,|,|,|,|,|,isa:PBXHeadersBuildPhase,runOnlyForDeploymentPostprocessing:0,,buildActionMask:2147483647,displayName:Sources,files:|,|,|,|,|,|,|,|,|,|,|,|,|,|,|,|,|,|,|,|,|,|,|,isa:PBXSourcesBuildPhase,runOnlyForDeploymentPostprocessing:0,,buildActionMask:2147483647,displayName:Frameworks,files:|,isa:PBXFrameworksBuildPhase,runOnlyForDeploymentPostprocessing:0,,buildActionMask:2147483647,displayName:Resources,files:,isa:PBXResourcesBuildPhase,runOnlyForDeploymentPostprocessing:0,,buildRules:,dependencies:displayName:React-Core,isa:PBXTargetDependency,targetProxy:containerPortal:|,displayName:|,isa:|,proxyType:|,remoteGlobalIDString:|,remoteInfo:|,,,displayName:RCT-Folly,isa:PBXTargetDependency,targetProxy:containerPortal:|,displayName:|,isa:|,proxyType:|,remoteGlobalIDString:|,remoteInfo:|,,,displayName:glog,isa:PBXTargetDependency,targetProxy:containerPortal:|,displayName:|,isa:|,proxyType:|,remoteGlobalIDString:|,remoteInfo:|,,,displayName:React-RCTFabric,isa:PBXTargetDependency,targetProxy:containerPortal:|,displayName:|,isa:|,proxyType:|,remoteGlobalIDString:|,remoteInfo:|,,,displayName:React-Codegen,isa:PBXTargetDependency,targetProxy:containerPortal:|,displayName:|,isa:|,proxyType:|,remoteGlobalIDString:|,remoteInfo:|,,,displayName:RCTRequired,isa:PBXTargetDependency,targetProxy:containerPortal:|,displayName:|,isa:|,proxyType:|,remoteGlobalIDString:|,remoteInfo:|,,,displayName:RCTTypeSafety,isa:PBXTargetDependency,targetProxy:containerPortal:|,displayName:|,isa:|,proxyType:|,remoteGlobalIDString:|,remoteInfo:|,,,displayName:ReactCommon,isa:PBXTargetDependency,targetProxy:containerPortal:|,displayName:|,isa:|,proxyType:|,remoteGlobalIDString:|,remoteInfo:|,,,displayName:React-NativeModulesApple,isa:PBXTargetDependency,targetProxy:containerPortal:|,displayName:|,isa:|,proxyType:|,remoteGlobalIDString:|,remoteInfo:|,,,displayName:Yoga,isa:PBXTargetDependency,targetProxy:containerPortal:|,displayName:|,isa:|,proxyType:|,remoteGlobalIDString:|,remoteInfo:|,,,displayName:React-Fabric,isa:PBXTargetDependency,targetProxy:containerPortal:|,displayName:|,isa:|,proxyType:|,remoteGlobalIDString:|,remoteInfo:|,,,displayName:React-graphics,isa:PBXTargetDependency,targetProxy:containerPortal:|,displayName:|,isa:|,proxyType:|,remoteGlobalIDString:|,remoteInfo:|,,,displayName:React-utils,isa:PBXTargetDependency,targetProxy:containerPortal:|,displayName:|,isa:|,proxyType:|,remoteGlobalIDString:|,remoteInfo:|,,,displayName:React-featureflags,isa:PBXTargetDependency,targetProxy:containerPortal:|,displayName:|,isa:|,proxyType:|,remoteGlobalIDString:|,remoteInfo:|,,,displayName:React-debug,isa:PBXTargetDependency,targetProxy:containerPortal:|,displayName:|,isa:|,proxyType:|,remoteGlobalIDString:|,remoteInfo:|,,,displayName:React-ImageManager,isa:PBXTargetDependency,targetProxy:containerPortal:|,displayName:|,isa:|,proxyType:|,remoteGlobalIDString:|,remoteInfo:|,,,displayName:React-rendererdebug,isa:PBXTargetDependency,targetProxy:containerPortal:|,displayName:|,isa:|,proxyType:|,remoteGlobalIDString:|,remoteInfo:|,,,displayName:DoubleConversion,isa:PBXTargetDependency,targetProxy:containerPortal:|,displayName:|,isa:|,proxyType:|,remoteGlobalIDString:|,remoteInfo:|,,,displayName:React-jsi,isa:PBXTargetDependency,targetProxy:containerPortal:|,displayName:|,isa:|,proxyType:|,remoteGlobalIDString:|,remoteInfo:|,,,displayName:RNGestureHandler,fileSystemSynchronizedGroups:,isa:PBXNativeTarget,name:RNGestureHandler,packageProductDependencies:,productName:RNGestureHandler,productReference:displayName:RNGestureHandler,explicitFileType:wrapper.framework,includeInIndex:0,isa:PBXFileReference,name:RNGestureHandler,path:RNGestureHandler.framework,sourceTree:BUILT_PRODUCTS_DIR,,productType:com.apple.product-type.framework,/dependencies/displayName:React-RCTFabric,isa:PBXTargetDependency,targetProxy:containerPortal:46EB2E00000000,displayName:ContainerItemProxy,isa:PBXContainerItemProxy,proxyType:1,remoteGlobalIDString:46EB2E00020EA0,remoteInfo:React-RCTFabric,,/target/dependencies/displayName:React-RCTImage,isa:PBXTargetDependency,targetProxy:containerPortal:46EB2E00000000,displayName:ContainerItemProxy,isa:PBXContainerItemProxy,proxyType:1,remoteGlobalIDString:46EB2E000215E0,remoteInfo:React-RCTImage,,/target/dependencies/displayName:React-RCTNetwork,isa:PBXTargetDependency,targetProxy:containerPortal:46EB2E00000000,displayName:ContainerItemProxy,isa:PBXContainerItemProxy,proxyType:1,remoteGlobalIDString:46EB2E000219A0,remoteInfo:React-RCTNetwork,,/target/dependencies/displayName:React-Codegen,isa:PBXTargetDependency,targetProxy:containerPortal:46EB2E00000000,displayName:ContainerItemProxy,isa:PBXContainerItemProxy,proxyType:1,remoteGlobalIDString:46EB2E0001AAC0,remoteInfo:React-Codegen,,/target/buildPhases/buildActionMask:2147483647,displayName:Headers,files:displayName:FBReactNativeSpec.h,fileRef:displayName:|,includeInIndex:|,isa:|,lastKnownFileType:|,path:|,sourceTree:|,,isa:PBXBuildFile,,displayName:FBReactNativeSpecJSI.h,fileRef:displayName:|,includeInIndex:|,isa:|,lastKnownFileType:|,path:|,sourceTree:|,,isa:PBXBuildFile,,displayName:RCTModulesConformingToProtocolsProvider.h,fileRef:displayName:|,includeInIndex:|,isa:|,lastKnownFileType:|,path:|,sourceTree:|,,isa:PBXBuildFile,,displayName:ComponentDescriptors.h,fileRef:displayName:|,includeInIndex:|,isa:|,lastKnownFileType:|,path:|,sourceTree:|,,isa:PBXBuildFile,,displayName:EventEmitters.h,fileRef:displayName:|,includeInIndex:|,isa:|,lastKnownFileType:|,path:|,sourceTree:|,,isa:PBXBuildFile,,displayName:Props.h,fileRef:displayName:|,includeInIndex:|,isa:|,lastKnownFileType:|,path:|,sourceTree:|,,isa:PBXBuildFile,,displayName:RCTComponentViewHelpers.h,fileRef:displayName:|,includeInIndex:|,isa:|,lastKnownFileType:|,path:|,sourceTree:|,,isa:PBXBuildFile,,displayName:ShadowNodes.h,fileRef:displayName:|,includeInIndex:|,isa:|,lastKnownFileType:|,path:|,sourceTree:|,,isa:PBXBuildFile,,displayName:States.h,fileRef:displayName:|,includeInIndex:|,isa:|,lastKnownFileType:|,path:|,sourceTree:|,,isa:PBXBuildFile,,displayName:ComponentDescriptors.h,fileRef:displayName:|,includeInIndex:|,isa:|,lastKnownFileType:|,path:|,sourceTree:|,,isa:PBXBuildFile,,displayName:EventEmitters.h,fileRef:displayName:|,includeInIndex:|,isa:|,lastKnownFileType:|,path:|,sourceTree:|,,isa:PBXBuildFile,,displayName:Props.h,fileRef:displayName:|,includeInIndex:|,isa:|,lastKnownFileType:|,path:|,sourceTree:|,,isa:PBXBuildFile,,displayName:RCTComponentViewHelpers.h,fileRef:displayName:|,includeInIndex:|,isa:|,lastKnownFileType:|,path:|,sourceTree:|,,isa:PBXBuildFile,,displayName:ShadowNodes.h,fileRef:displayName:|,includeInIndex:|,isa:|,lastKnownFileType:|,path:|,sourceTree:|,,isa:PBXBuildFile,,displayName:States.h,fileRef:displayName:|,includeInIndex:|,isa:|,lastKnownFileType:|,path:|,sourceTree:|,,isa:PBXBuildFile,,displayName:ComponentDescriptors.h,fileRef:displayName:|,includeInIndex:|,isa:|,lastKnownFileType:|,path:|,sourceTree:|,,isa:PBXBuildFile,,displayName:EventEmitters.h,fileRef:displayName:|,includeInIndex:|,isa:|,lastKnownFileType:|,path:|,sourceTree:|,,isa:PBXBuildFile,,displayName:Props.h,fileRef:displayName:|,includeInIndex:|,isa:|,lastKnownFileType:|,path:|,sourceTree:|,,isa:PBXBuildFile,,displayName:RCTComponentViewHelpers.h,fileRef:displayName:|,includeInIndex:|,isa:|,lastKnownFileType:|,path:|,sourceTree:|,,isa:PBXBuildFile,,displayName:ShadowNodes.h,fileRef:displayName:|,includeInIndex:|,isa:|,lastKnownFileType:|,path:|,sourceTree:|,,isa:PBXBuildFile,,displayName:States.h,fileRef:displayName:|,includeInIndex:|,isa:|,lastKnownFileType:|,path:|,sourceTree:|,,isa:PBXBuildFile,,displayName:ComponentDescriptors.h,fileRef:displayName:|,includeInIndex:|,isa:|,lastKnownFileType:|,path:|,sourceTree:|,,isa:PBXBuildFile,,displayName:EventEmitters.h,fileRef:displayName:|,includeInIndex:|,isa:|,lastKnownFileType:|,path:|,sourceTree:|,,isa:PBXBuildFile,,displayName:Props.h,fileRef:displayName:|,includeInIndex:|,isa:|,lastKnownFileType:|,path:|,sourceTree:|,,isa:PBXBuildFile,,displayName:RCTComponentViewHelpers.h,fileRef:displayName:|,includeInIndex:|,isa:|,lastKnownFileType:|,path:|,sourceTree:|,,isa:PBXBuildFile,,displayName:ShadowNodes.h,fileRef:displayName:|,includeInIndex:|,isa:|,lastKnownFileType:|,path:|,sourceTree:|,,isa:PBXBuildFile,,displayName:States.h,fileRef:displayName:|,includeInIndex:|,isa:|,lastKnownFileType:|,path:|,sourceTree:|,,isa:PBXBuildFile,,displayName:ComponentDescriptors.h,fileRef:displayName:|,includeInIndex:|,isa:|,lastKnownFileType:|,path:|,sourceTree:|,,isa:PBXBuildFile,,displayName:EventEmitters.h,fileRef:displayName:|,includeInIndex:|,isa:|,lastKnownFileType:|,path:|,sourceTree:|,,isa:PBXBuildFile,,displayName:Props.h,fileRef:displayName:|,includeInIndex:|,isa:|,lastKnownFileType:|,path:|,sourceTree:|,,isa:PBXBuildFile,,displayName:RCTComponentViewHelpers.h,fileRef:displayName:|,includeInIndex:|,isa:|,lastKnownFileType:|,path:|,sourceTree:|,,isa:PBXBuildFile,,displayName:ShadowNodes.h,fileRef:displayName:|,includeInIndex:|,isa:|,lastKnownFileType:|,path:|,sourceTree:|,,isa:PBXBuildFile,,displayName:States.h,fileRef:displayName:|,includeInIndex:|,isa:|,lastKnownFileType:|,path:|,sourceTree:|,,isa:PBXBuildFile,,displayName:ComponentDescriptors.h,fileRef:displayName:|,includeInIndex:|,isa:|,lastKnownFileType:|,path:|,sourceTree:|,,isa:PBXBuildFile,,displayName:EventEmitters.h,fileRef:displayName:|,includeInIndex:|,isa:|,lastKnownFileType:|,path:|,sourceTree:|,,isa:PBXBuildFile,,displayName:Props.h,fileRef:displayName:|,includeInIndex:|,isa:|,lastKnownFileType:|,path:|,sourceTree:|,,isa:PBXBuildFile,,displayName:RCTComponentViewHelpers.h,fileRef:displayName:|,includeInIndex:|,isa:|,lastKnownFileType:|,path:|,sourceTree:|,,isa:PBXBuildFile,,displayName:ShadowNodes.h,fileRef:displayName:|,includeInIndex:|,isa:|,lastKnownFileType:|,path:|,sourceTree:|,,isa:PBXBuildFile,,displayName:States.h,fileRef:displayName:|,includeInIndex:|,isa:|,lastKnownFileType:|,path:|,sourceTree:|,,isa:PBXBuildFile,,displayName:rnasyncstorage.h,fileRef:displayName:|,includeInIndex:|,isa:|,lastKnownFileType:|,path:|,sourceTree:|,,isa:PBXBuildFile,,displayName:rnasyncstorageJSI.h,fileRef:displayName:|,includeInIndex:|,isa:|,lastKnownFileType:|,path:|,sourceTree:|,,isa:PBXBuildFile,,displayName:RNCConfigModule.h,fileRef:displayName:|,includeInIndex:|,isa:|,lastKnownFileType:|,path:|,sourceTree:|,,isa:PBXBuildFile,,displayName:RNCConfigModuleJSI.h,fileRef:displayName:|,includeInIndex:|,isa:|,lastKnownFileType:|,path:|,sourceTree:|,,isa:PBXBuildFile,,displayName:rnclipboard.h,fileRef:displayName:|,includeInIndex:|,isa:|,lastKnownFileType:|,path:|,sourceTree:|,,isa:PBXBuildFile,,displayName:rnclipboardJSI.h,fileRef:displayName:|,includeInIndex:|,isa:|,lastKnownFileType:|,path:|,sourceTree:|,,isa:PBXBuildFile,,displayName:rngesturehandler_codegen.h,fileRef:displayName:|,includeInIndex:|,isa:|,lastKnownFileType:|,path:|,sourceTree:|,,isa:PBXBuildFile,,displayName:rngesturehandler_codegenJSI.h,fileRef:displayName:|,includeInIndex:|,isa:|,lastKnownFileType:|,path:|,sourceTree:|,,isa:PBXBuildFile,,displayName:RNGoogleSignInCGen.h,fileRef:displayName:|,includeInIndex:|,isa:|,lastKnownFileType:|,path:|,sourceTree:|,,isa:PBXBuildFile,,displayName:RNGoogleSignInCGenJSI.h,fileRef:displayName:|,includeInIndex:|,isa:|,lastKnownFileType:|,path:|,sourceTree:|,,isa:PBXBuildFile,,displayName:RNImagePickerSpec.h,fileRef:displayName:|,includeInIndex:|,isa:|,lastKnownFileType:|,path:|,sourceTree:|,,isa:PBXBuildFile,,displayName:RNImagePickerSpecJSI.h,fileRef:displayName:|,includeInIndex:|,isa:|,lastKnownFileType:|,path:|,sourceTree:|,,isa:PBXBuildFile,,displayName:rnpermissions.h,fileRef:displayName:|,includeInIndex:|,isa:|,lastKnownFileType:|,path:|,sourceTree:|,,isa:PBXBuildFile,,displayName:rnpermissionsJSI.h,fileRef:displayName:|,includeInIndex:|,isa:|,lastKnownFileType:|,path:|,sourceTree:|,,isa:PBXBuildFile,,displayName:rnreanimated.h,fileRef:displayName:|,includeInIndex:|,isa:|,lastKnownFileType:|,path:|,sourceTree:|,,isa:PBXBuildFile,,displayName:rnreanimatedJSI.h,fileRef:displayName:|,includeInIndex:|,isa:|,lastKnownFileType:|,path:|,sourceTree:|,,isa:PBXBuildFile,,displayName:rnscreens.h,fileRef:displayName:|,includeInIndex:|,isa:|,lastKnownFileType:|,path:|,sourceTree:|,,isa:PBXBuildFile,,displayName:rnscreensJSI.h,fileRef:displayName:|,includeInIndex:|,isa:|,lastKnownFileType:|,path:|,sourceTree:|,,isa:PBXBuildFile,,displayName:rnsvg.h,fileRef:displayName:|,includeInIndex:|,isa:|,lastKnownFileType:|,path:|,sourceTree:|,,isa:PBXBuildFile,,displayName:rnsvgJSI.h,fileRef:displayName:|,includeInIndex:|,isa:|,lastKnownFileType:|,path:|,sourceTree:|,,isa:PBXBuildFile,,displayName:RNVectorIconsSpec.h,fileRef:displayName:|,includeInIndex:|,isa:|,lastKnownFileType:|,path:|,sourceTree:|,,isa:PBXBuildFile,,displayName:RNVectorIconsSpecJSI.h,fileRef:displayName:|,includeInIndex:|,isa:|,lastKnownFileType:|,path:|,sourceTree:|,,isa:PBXBuildFile,,displayName:safeareacontext.h,fileRef:displayName:|,includeInIndex:|,isa:|,lastKnownFileType:|,path:|,sourceTree:|,,isa:PBXBuildFile,,displayName:safeareacontextJSI.h,fileRef:displayName:|,includeInIndex:|,isa:|,lastKnownFileType:|,path:|,sourceTree:|,,isa:PBXBuildFile,,displayName:React-Codegen-umbrella.h,fileRef:displayName:|,includeInIndex:|,isa:|,lastKnownFileType:|,path:|,sourceTree:|,,isa:PBXBuildFile,settings:ATTRIBUTES:|,,,isa:PBXHeadersBuildPhase,runOnlyForDeploymentPostprocessing:0,/files/displayName:Props.h,fileRef:displayName:Props.h,includeInIndex:1,isa:PBXFileReference,lastKnownFileType:sourcecode.c.h,path:Props.h,sourceTree:<group>,,isa:PBXBuildFile,
PBXBuildFile -- Pods.xcodeproj/targets/buildConfigurationList:buildConfigurations:baseConfigurationReference:|,buildSettings:|,displayName:|,isa:|,name:|,,baseConfigurationReference:|,buildSettings:|,displayName:|,isa:|,name:|,,defaultConfigurationIsVisible:0,defaultConfigurationName:Release,displayName:ConfigurationList,isa:XCConfigurationList,,buildPhases:buildActionMask:2147483647,displayName:Headers,files:|,|,|,|,|,|,|,|,|,|,|,|,|,|,|,|,|,|,|,|,|,|,|,|,|,|,|,|,isa:PBXHeadersBuildPhase,runOnlyForDeploymentPostprocessing:0,,buildActionMask:2147483647,displayName:Sources,files:|,|,|,|,|,|,|,|,|,|,|,|,|,|,|,|,|,|,|,|,|,|,|,isa:PBXSourcesBuildPhase,runOnlyForDeploymentPostprocessing:0,,buildActionMask:2147483647,displayName:Frameworks,files:|,isa:PBXFrameworksBuildPhase,runOnlyForDeploymentPostprocessing:0,,buildActionMask:2147483647,displayName:Resources,files:,isa:PBXResourcesBuildPhase,runOnlyForDeploymentPostprocessing:0,,buildRules:,dependencies:displayName:React-Core,isa:PBXTargetDependency,targetProxy:containerPortal:|,displayName:|,isa:|,proxyType:|,remoteGlobalIDString:|,remoteInfo:|,,,displayName:RCT-Folly,isa:PBXTargetDependency,targetProxy:containerPortal:|,displayName:|,isa:|,proxyType:|,remoteGlobalIDString:|,remoteInfo:|,,,displayName:glog,isa:PBXTargetDependency,targetProxy:containerPortal:|,displayName:|,isa:|,proxyType:|,remoteGlobalIDString:|,remoteInfo:|,,,displayName:React-RCTFabric,isa:PBXTargetDependency,targetProxy:containerPortal:|,displayName:|,isa:|,proxyType:|,remoteGlobalIDString:|,remoteInfo:|,,,displayName:React-Codegen,isa:PBXTargetDependency,targetProxy:containerPortal:|,displayName:|,isa:|,proxyType:|,remoteGlobalIDString:|,remoteInfo:|,,,displayName:RCTRequired,isa:PBXTargetDependency,targetProxy:containerPortal:|,displayName:|,isa:|,proxyType:|,remoteGlobalIDString:|,remoteInfo:|,,,displayName:RCTTypeSafety,isa:PBXTargetDependency,targetProxy:containerPortal:|,displayName:|,isa:|,proxyType:|,remoteGlobalIDString:|,remoteInfo:|,,,displayName:ReactCommon,isa:PBXTargetDependency,targetProxy:containerPortal:|,displayName:|,isa:|,proxyType:|,remoteGlobalIDString:|,remoteInfo:|,,,displayName:React-NativeModulesApple,isa:PBXTargetDependency,targetProxy:containerPortal:|,displayName:|,isa:|,proxyType:|,remoteGlobalIDString:|,remoteInfo:|,,,displayName:Yoga,isa:PBXTargetDependency,targetProxy:containerPortal:|,displayName:|,isa:|,proxyType:|,remoteGlobalIDString:|,remoteInfo:|,,,displayName:React-Fabric,isa:PBXTargetDependency,targetProxy:containerPortal:|,displayName:|,isa:|,proxyType:|,remoteGlobalIDString:|,remoteInfo:|,,,displayName:React-graphics,isa:PBXTargetDependency,targetProxy:containerPortal:|,displayName:|,isa:|,proxyType:|,remoteGlobalIDString:|,remoteInfo:|,,,displayName:React-utils,isa:PBXTargetDependency,targetProxy:containerPortal:|,displayName:|,isa:|,proxyType:|,remoteGlobalIDString:|,remoteInfo:|,,,displayName:React-featureflags,isa:PBXTargetDependency,targetProxy:containerPortal:|,displayName:|,isa:|,proxyType:|,remoteGlobalIDString:|,remoteInfo:|,,,displayName:React-debug,isa:PBXTargetDependency,targetProxy:containerPortal:|,displayName:|,isa:|,proxyType:|,remoteGlobalIDString:|,remoteInfo:|,,,displayName:React-ImageManager,isa:PBXTargetDependency,targetProxy:containerPortal:|,displayName:|,isa:|,proxyType:|,remoteGlobalIDString:|,remoteInfo:|,,,displayName:React-rendererdebug,isa:PBXTargetDependency,targetProxy:containerPortal:|,displayName:|,isa:|,proxyType:|,remoteGlobalIDString:|,remoteInfo:|,,,displayName:DoubleConversion,isa:PBXTargetDependency,targetProxy:containerPortal:|,displayName:|,isa:|,proxyType:|,remoteGlobalIDString:|,remoteInfo:|,,,displayName:React-jsi,isa:PBXTargetDependency,targetProxy:containerPortal:|,displayName:|,isa:|,proxyType:|,remoteGlobalIDString:|,remoteInfo:|,,,displayName:RNGestureHandler,fileSystemSynchronizedGroups:,isa:PBXNativeTarget,name:RNGestureHandler,packageProductDependencies:,productName:RNGestureHandler,productReference:displayName:RNGestureHandler,explicitFileType:wrapper.framework,includeInIndex:0,isa:PBXFileReference,name:RNGestureHandler,path:RNGestureHandler.framework,sourceTree:BUILT_PRODUCTS_DIR,,productType:com.apple.product-type.framework,/dependencies/displayName:React-RCTFabric,isa:PBXTargetDependency,targetProxy:containerPortal:46EB2E00000000,displayName:ContainerItemProxy,isa:PBXContainerItemProxy,proxyType:1,remoteGlobalIDString:46EB2E00020EA0,remoteInfo:React-RCTFabric,,/target/dependencies/displayName:React-RCTImage,isa:PBXTargetDependency,targetProxy:containerPortal:46EB2E00000000,displayName:ContainerItemProxy,isa:PBXContainerItemProxy,proxyType:1,remoteGlobalIDString:46EB2E000215E0,remoteInfo:React-RCTImage,,/target/dependencies/displayName:React-RCTNetwork,isa:PBXTargetDependency,targetProxy:containerPortal:46EB2E00000000,displayName:ContainerItemProxy,isa:PBXContainerItemProxy,proxyType:1,remoteGlobalIDString:46EB2E000219A0,remoteInfo:React-RCTNetwork,,/target/dependencies/displayName:React-Codegen,isa:PBXTargetDependency,targetProxy:containerPortal:46EB2E00000000,displayName:ContainerItemProxy,isa:PBXContainerItemProxy,proxyType:1,remoteGlobalIDString:46EB2E0001AAC0,remoteInfo:React-Codegen,,/target/buildPhases/buildActionMask:2147483647,displayName:Headers,files:displayName:FBReactNativeSpec.h,fileRef:displayName:|,includeInIndex:|,isa:|,lastKnownFileType:|,path:|,sourceTree:|,,isa:PBXBuildFile,,displayName:FBReactNativeSpecJSI.h,fileRef:displayName:|,includeInIndex:|,isa:|,lastKnownFileType:|,path:|,sourceTree:|,,isa:PBXBuildFile,,displayName:RCTModulesConformingToProtocolsProvider.h,fileRef:displayName:|,includeInIndex:|,isa:|,lastKnownFileType:|,path:|,sourceTree:|,,isa:PBXBuildFile,,displayName:ComponentDescriptors.h,fileRef:displayName:|,includeInIndex:|,isa:|,lastKnownFileType:|,path:|,sourceTree:|,,isa:PBXBuildFile,,displayName:EventEmitters.h,fileRef:displayName:|,includeInIndex:|,isa:|,lastKnownFileType:|,path:|,sourceTree:|,,isa:PBXBuildFile,,displayName:Props.h,fileRef:displayName:|,includeInIndex:|,isa:|,lastKnownFileType:|,path:|,sourceTree:|,,isa:PBXBuildFile,,displayName:RCTComponentViewHelpers.h,fileRef:displayName:|,includeInIndex:|,isa:|,lastKnownFileType:|,path:|,sourceTree:|,,isa:PBXBuildFile,,displayName:ShadowNodes.h,fileRef:displayName:|,includeInIndex:|,isa:|,lastKnownFileType:|,path:|,sourceTree:|,,isa:PBXBuildFile,,displayName:States.h,fileRef:displayName:|,includeInIndex:|,isa:|,lastKnownFileType:|,path:|,sourceTree:|,,isa:PBXBuildFile,,displayName:ComponentDescriptors.h,fileRef:displayName:|,includeInIndex:|,isa:|,lastKnownFileType:|,path:|,sourceTree:|,,isa:PBXBuildFile,,displayName:EventEmitters.h,fileRef:displayName:|,includeInIndex:|,isa:|,lastKnownFileType:|,path:|,sourceTree:|,,isa:PBXBuildFile,,displayName:Props.h,fileRef:displayName:|,includeInIndex:|,isa:|,lastKnownFileType:|,path:|,sourceTree:|,,isa:PBXBuildFile,,displayName:RCTComponentViewHelpers.h,fileRef:displayName:|,includeInIndex:|,isa:|,lastKnownFileType:|,path:|,sourceTree:|,,isa:PBXBuildFile,,displayName:ShadowNodes.h,fileRef:displayName:|,includeInIndex:|,isa:|,lastKnownFileType:|,path:|,sourceTree:|,,isa:PBXBuildFile,,displayName:States.h,fileRef:displayName:|,includeInIndex:|,isa:|,lastKnownFileType:|,path:|,sourceTree:|,,isa:PBXBuildFile,,displayName:ComponentDescriptors.h,fileRef:displayName:|,includeInIndex:|,isa:|,lastKnownFileType:|,path:|,sourceTree:|,,isa:PBXBuildFile,,displayName:EventEmitters.h,fileRef:displayName:|,includeInIndex:|,isa:|,lastKnownFileType:|,path:|,sourceTree:|,,isa:PBXBuildFile,,displayName:Props.h,fileRef:displayName:|,includeInIndex:|,isa:|,lastKnownFileType:|,path:|,sourceTree:|,,isa:PBXBuildFile,,displayName:RCTComponentViewHelpers.h,fileRef:displayName:|,includeInIndex:|,isa:|,lastKnownFileType:|,path:|,sourceTree:|,,isa:PBXBuildFile,,displayName:ShadowNodes.h,fileRef:displayName:|,includeInIndex:|,isa:|,lastKnownFileType:|,path:|,sourceTree:|,,isa:PBXBuildFile,,displayName:States.h,fileRef:displayName:|,includeInIndex:|,isa:|,lastKnownFileType:|,path:|,sourceTree:|,,isa:PBXBuildFile,,displayName:ComponentDescriptors.h,fileRef:displayName:|,includeInIndex:|,isa:|,lastKnownFileType:|,path:|,sourceTree:|,,isa:PBXBuildFile,,displayName:EventEmitters.h,fileRef:displayName:|,includeInIndex:|,isa:|,lastKnownFileType:|,path:|,sourceTree:|,,isa:PBXBuildFile,,displayName:Props.h,fileRef:displayName:|,includeInIndex:|,isa:|,lastKnownFileType:|,path:|,sourceTree:|,,isa:PBXBuildFile,,displayName:RCTComponentViewHelpers.h,fileRef:displayName:|,includeInIndex:|,isa:|,lastKnownFileType:|,path:|,sourceTree:|,,isa:PBXBuildFile,,displayName:ShadowNodes.h,fileRef:displayName:|,includeInIndex:|,isa:|,lastKnownFileType:|,path:|,sourceTree:|,,isa:PBXBuildFile,,displayName:States.h,fileRef:displayName:|,includeInIndex:|,isa:|,lastKnownFileType:|,path:|,sourceTree:|,,isa:PBXBuildFile,,displayName:ComponentDescriptors.h,fileRef:displayName:|,includeInIndex:|,isa:|,lastKnownFileType:|,path:|,sourceTree:|,,isa:PBXBuildFile,,displayName:EventEmitters.h,fileRef:displayName:|,includeInIndex:|,isa:|,lastKnownFileType:|,path:|,sourceTree:|,,isa:PBXBuildFile,,displayName:Props.h,fileRef:displayName:|,includeInIndex:|,isa:|,lastKnownFileType:|,path:|,sourceTree:|,,isa:PBXBuildFile,,displayName:RCTComponentViewHelpers.h,fileRef:displayName:|,includeInIndex:|,isa:|,lastKnownFileType:|,path:|,sourceTree:|,,isa:PBXBuildFile,,displayName:ShadowNodes.h,fileRef:displayName:|,includeInIndex:|,isa:|,lastKnownFileType:|,path:|,sourceTree:|,,isa:PBXBuildFile,,displayName:States.h,fileRef:displayName:|,includeInIndex:|,isa:|,lastKnownFileType:|,path:|,sourceTree:|,,isa:PBXBuildFile,,displayName:ComponentDescriptors.h,fileRef:displayName:|,includeInIndex:|,isa:|,lastKnownFileType:|,path:|,sourceTree:|,,isa:PBXBuildFile,,displayName:EventEmitters.h,fileRef:displayName:|,includeInIndex:|,isa:|,lastKnownFileType:|,path:|,sourceTree:|,,isa:PBXBuildFile,,displayName:Props.h,fileRef:displayName:|,includeInIndex:|,isa:|,lastKnownFileType:|,path:|,sourceTree:|,,isa:PBXBuildFile,,displayName:RCTComponentViewHelpers.h,fileRef:displayName:|,includeInIndex:|,isa:|,lastKnownFileType:|,path:|,sourceTree:|,,isa:PBXBuildFile,,displayName:ShadowNodes.h,fileRef:displayName:|,includeInIndex:|,isa:|,lastKnownFileType:|,path:|,sourceTree:|,,isa:PBXBuildFile,,displayName:States.h,fileRef:displayName:|,includeInIndex:|,isa:|,lastKnownFileType:|,path:|,sourceTree:|,,isa:PBXBuildFile,,displayName:rnasyncstorage.h,fileRef:displayName:|,includeInIndex:|,isa:|,lastKnownFileType:|,path:|,sourceTree:|,,isa:PBXBuildFile,,displayName:rnasyncstorageJSI.h,fileRef:displayName:|,includeInIndex:|,isa:|,lastKnownFileType:|,path:|,sourceTree:|,,isa:PBXBuildFile,,displayName:RNCConfigModule.h,fileRef:displayName:|,includeInIndex:|,isa:|,lastKnownFileType:|,path:|,sourceTree:|,,isa:PBXBuildFile,,displayName:RNCConfigModuleJSI.h,fileRef:displayName:|,includeInIndex:|,isa:|,lastKnownFileType:|,path:|,sourceTree:|,,isa:PBXBuildFile,,displayName:rnclipboard.h,fileRef:displayName:|,includeInIndex:|,isa:|,lastKnownFileType:|,path:|,sourceTree:|,,isa:PBXBuildFile,,displayName:rnclipboardJSI.h,fileRef:displayName:|,includeInIndex:|,isa:|,lastKnownFileType:|,path:|,sourceTree:|,,isa:PBXBuildFile,,displayName:rngesturehandler_codegen.h,fileRef:displayName:|,includeInIndex:|,isa:|,lastKnownFileType:|,path:|,sourceTree:|,,isa:PBXBuildFile,,displayName:rngesturehandler_codegenJSI.h,fileRef:displayName:|,includeInIndex:|,isa:|,lastKnownFileType:|,path:|,sourceTree:|,,isa:PBXBuildFile,,displayName:RNGoogleSignInCGen.h,fileRef:displayName:|,includeInIndex:|,isa:|,lastKnownFileType:|,path:|,sourceTree:|,,isa:PBXBuildFile,,displayName:RNGoogleSignInCGenJSI.h,fileRef:displayName:|,includeInIndex:|,isa:|,lastKnownFileType:|,path:|,sourceTree:|,,isa:PBXBuildFile,,displayName:RNImagePickerSpec.h,fileRef:displayName:|,includeInIndex:|,isa:|,lastKnownFileType:|,path:|,sourceTree:|,,isa:PBXBuildFile,,displayName:RNImagePickerSpecJSI.h,fileRef:displayName:|,includeInIndex:|,isa:|,lastKnownFileType:|,path:|,sourceTree:|,,isa:PBXBuildFile,,displayName:rnpermissions.h,fileRef:displayName:|,includeInIndex:|,isa:|,lastKnownFileType:|,path:|,sourceTree:|,,isa:PBXBuildFile,,displayName:rnpermissionsJSI.h,fileRef:displayName:|,includeInIndex:|,isa:|,lastKnownFileType:|,path:|,sourceTree:|,,isa:PBXBuildFile,,displayName:rnreanimated.h,fileRef:displayName:|,includeInIndex:|,isa:|,lastKnownFileType:|,path:|,sourceTree:|,,isa:PBXBuildFile,,displayName:rnreanimatedJSI.h,fileRef:displayName:|,includeInIndex:|,isa:|,lastKnownFileType:|,path:|,sourceTree:|,,isa:PBXBuildFile,,displayName:rnscreens.h,fileRef:displayName:|,includeInIndex:|,isa:|,lastKnownFileType:|,path:|,sourceTree:|,,isa:PBXBuildFile,,displayName:rnscreensJSI.h,fileRef:displayName:|,includeInIndex:|,isa:|,lastKnownFileType:|,path:|,sourceTree:|,,isa:PBXBuildFile,,displayName:rnsvg.h,fileRef:displayName:|,includeInIndex:|,isa:|,lastKnownFileType:|,path:|,sourceTree:|,,isa:PBXBuildFile,,displayName:rnsvgJSI.h,fileRef:displayName:|,includeInIndex:|,isa:|,lastKnownFileType:|,path:|,sourceTree:|,,isa:PBXBuildFile,,displayName:RNVectorIconsSpec.h,fileRef:displayName:|,includeInIndex:|,isa:|,lastKnownFileType:|,path:|,sourceTree:|,,isa:PBXBuildFile,,displayName:RNVectorIconsSpecJSI.h,fileRef:displayName:|,includeInIndex:|,isa:|,lastKnownFileType:|,path:|,sourceTree:|,,isa:PBXBuildFile,,displayName:safeareacontext.h,fileRef:displayName:|,includeInIndex:|,isa:|,lastKnownFileType:|,path:|,sourceTree:|,,isa:PBXBuildFile,,displayName:safeareacontextJSI.h,fileRef:displayName:|,includeInIndex:|,isa:|,lastKnownFileType:|,path:|,sourceTree:|,,isa:PBXBuildFile,,displayName:React-Codegen-umbrella.h,fileRef:displayName:|,includeInIndex:|,isa:|,lastKnownFileType:|,path:|,sourceTree:|,,isa:PBXBuildFile,settings:ATTRIBUTES:|,,,isa:PBXHeadersBuildPhase,runOnlyForDeploymentPostprocessing:0,/files/displayName:RCTComponentViewHelpers.h,fileRef:displayName:RCTComponentViewHelpers.h,includeInIndex:1,isa:PBXFileReference,lastKnownFileType:sourcecode.c.h,path:RCTComponentViewHelpers.h,sourceTree:<group>,,isa:PBXBuildFile,
PBXBuildFile -- Pods.xcodeproj/targets/buildConfigurationList:buildConfigurations:baseConfigurationReference:|,buildSettings:|,displayName:|,isa:|,name:|,,baseConfigurationReference:|,buildSettings:|,displayName:|,isa:|,name:|,,defaultConfigurationIsVisible:0,defaultConfigurationName:Release,displayName:ConfigurationList,isa:XCConfigurationList,,buildPhases:buildActionMask:2147483647,displayName:Headers,files:|,|,|,|,|,|,|,|,|,|,|,|,|,|,|,|,|,|,|,|,|,|,|,|,|,|,|,|,isa:PBXHeadersBuildPhase,runOnlyForDeploymentPostprocessing:0,,buildActionMask:2147483647,displayName:Sources,files:|,|,|,|,|,|,|,|,|,|,|,|,|,|,|,|,|,|,|,|,|,|,|,isa:PBXSourcesBuildPhase,runOnlyForDeploymentPostprocessing:0,,buildActionMask:2147483647,displayName:Frameworks,files:|,isa:PBXFrameworksBuildPhase,runOnlyForDeploymentPostprocessing:0,,buildActionMask:2147483647,displayName:Resources,files:,isa:PBXResourcesBuildPhase,runOnlyForDeploymentPostprocessing:0,,buildRules:,dependencies:displayName:React-Core,isa:PBXTargetDependency,targetProxy:containerPortal:|,displayName:|,isa:|,proxyType:|,remoteGlobalIDString:|,remoteInfo:|,,,displayName:RCT-Folly,isa:PBXTargetDependency,targetProxy:containerPortal:|,displayName:|,isa:|,proxyType:|,remoteGlobalIDString:|,remoteInfo:|,,,displayName:glog,isa:PBXTargetDependency,targetProxy:containerPortal:|,displayName:|,isa:|,proxyType:|,remoteGlobalIDString:|,remoteInfo:|,,,displayName:React-RCTFabric,isa:PBXTargetDependency,targetProxy:containerPortal:|,displayName:|,isa:|,proxyType:|,remoteGlobalIDString:|,remoteInfo:|,,,displayName:React-Codegen,isa:PBXTargetDependency,targetProxy:containerPortal:|,displayName:|,isa:|,proxyType:|,remoteGlobalIDString:|,remoteInfo:|,,,displayName:RCTRequired,isa:PBXTargetDependency,targetProxy:containerPortal:|,displayName:|,isa:|,proxyType:|,remoteGlobalIDString:|,remoteInfo:|,,,displayName:RCTTypeSafety,isa:PBXTargetDependency,targetProxy:containerPortal:|,displayName:|,isa:|,proxyType:|,remoteGlobalIDString:|,remoteInfo:|,,,displayName:ReactCommon,isa:PBXTargetDependency,targetProxy:containerPortal:|,displayName:|,isa:|,proxyType:|,remoteGlobalIDString:|,remoteInfo:|,,,displayName:React-NativeModulesApple,isa:PBXTargetDependency,targetProxy:containerPortal:|,displayName:|,isa:|,proxyType:|,remoteGlobalIDString:|,remoteInfo:|,,,displayName:Yoga,isa:PBXTargetDependency,targetProxy:containerPortal:|,displayName:|,isa:|,proxyType:|,remoteGlobalIDString:|,remoteInfo:|,,,displayName:React-Fabric,isa:PBXTargetDependency,targetProxy:containerPortal:|,displayName:|,isa:|,proxyType:|,remoteGlobalIDString:|,remoteInfo:|,,,displayName:React-graphics,isa:PBXTargetDependency,targetProxy:containerPortal:|,displayName:|,isa:|,proxyType:|,remoteGlobalIDString:|,remoteInfo:|,,,displayName:React-utils,isa:PBXTargetDependency,targetProxy:containerPortal:|,displayName:|,isa:|,proxyType:|,remoteGlobalIDString:|,remoteInfo:|,,,displayName:React-featureflags,isa:PBXTargetDependency,targetProxy:containerPortal:|,displayName:|,isa:|,proxyType:|,remoteGlobalIDString:|,remoteInfo:|,,,displayName:React-debug,isa:PBXTargetDependency,targetProxy:containerPortal:|,displayName:|,isa:|,proxyType:|,remoteGlobalIDString:|,remoteInfo:|,,,displayName:React-ImageManager,isa:PBXTargetDependency,targetProxy:containerPortal:|,displayName:|,isa:|,proxyType:|,remoteGlobalIDString:|,remoteInfo:|,,,displayName:React-rendererdebug,isa:PBXTargetDependency,targetProxy:containerPortal:|,displayName:|,isa:|,proxyType:|,remoteGlobalIDString:|,remoteInfo:|,,,displayName:DoubleConversion,isa:PBXTargetDependency,targetProxy:containerPortal:|,displayName:|,isa:|,proxyType:|,remoteGlobalIDString:|,remoteInfo:|,,,displayName:React-jsi,isa:PBXTargetDependency,targetProxy:containerPortal:|,displayName:|,isa:|,proxyType:|,remoteGlobalIDString:|,remoteInfo:|,,,displayName:RNGestureHandler,fileSystemSynchronizedGroups:,isa:PBXNativeTarget,name:RNGestureHandler,packageProductDependencies:,productName:RNGestureHandler,productReference:displayName:RNGestureHandler,explicitFileType:wrapper.framework,includeInIndex:0,isa:PBXFileReference,name:RNGestureHandler,path:RNGestureHandler.framework,sourceTree:BUILT_PRODUCTS_DIR,,productType:com.apple.product-type.framework,/dependencies/displayName:React-RCTFabric,isa:PBXTargetDependency,targetProxy:containerPortal:46EB2E00000000,displayName:ContainerItemProxy,isa:PBXContainerItemProxy,proxyType:1,remoteGlobalIDString:46EB2E00020EA0,remoteInfo:React-RCTFabric,,/target/dependencies/displayName:React-RCTImage,isa:PBXTargetDependency,targetProxy:containerPortal:46EB2E00000000,displayName:ContainerItemProxy,isa:PBXContainerItemProxy,proxyType:1,remoteGlobalIDString:46EB2E000215E0,remoteInfo:React-RCTImage,,/target/dependencies/displayName:React-RCTNetwork,isa:PBXTargetDependency,targetProxy:containerPortal:46EB2E00000000,displayName:ContainerItemProxy,isa:PBXContainerItemProxy,proxyType:1,remoteGlobalIDString:46EB2E000219A0,remoteInfo:React-RCTNetwork,,/target/dependencies/displayName:React-Codegen,isa:PBXTargetDependency,targetProxy:containerPortal:46EB2E00000000,displayName:ContainerItemProxy,isa:PBXContainerItemProxy,proxyType:1,remoteGlobalIDString:46EB2E0001AAC0,remoteInfo:React-Codegen,,/target/buildPhases/buildActionMask:2147483647,displayName:Headers,files:displayName:FBReactNativeSpec.h,fileRef:displayName:|,includeInIndex:|,isa:|,lastKnownFileType:|,path:|,sourceTree:|,,isa:PBXBuildFile,,displayName:FBReactNativeSpecJSI.h,fileRef:displayName:|,includeInIndex:|,isa:|,lastKnownFileType:|,path:|,sourceTree:|,,isa:PBXBuildFile,,displayName:RCTModulesConformingToProtocolsProvider.h,fileRef:displayName:|,includeInIndex:|,isa:|,lastKnownFileType:|,path:|,sourceTree:|,,isa:PBXBuildFile,,displayName:ComponentDescriptors.h,fileRef:displayName:|,includeInIndex:|,isa:|,lastKnownFileType:|,path:|,sourceTree:|,,isa:PBXBuildFile,,displayName:EventEmitters.h,fileRef:displayName:|,includeInIndex:|,isa:|,lastKnownFileType:|,path:|,sourceTree:|,,isa:PBXBuildFile,,displayName:Props.h,fileRef:displayName:|,includeInIndex:|,isa:|,lastKnownFileType:|,path:|,sourceTree:|,,isa:PBXBuildFile,,displayName:RCTComponentViewHelpers.h,fileRef:displayName:|,includeInIndex:|,isa:|,lastKnownFileType:|,path:|,sourceTree:|,,isa:PBXBuildFile,,displayName:ShadowNodes.h,fileRef:displayName:|,includeInIndex:|,isa:|,lastKnownFileType:|,path:|,sourceTree:|,,isa:PBXBuildFile,,displayName:States.h,fileRef:displayName:|,includeInIndex:|,isa:|,lastKnownFileType:|,path:|,sourceTree:|,,isa:PBXBuildFile,,displayName:ComponentDescriptors.h,fileRef:displayName:|,includeInIndex:|,isa:|,lastKnownFileType:|,path:|,sourceTree:|,,isa:PBXBuildFile,,displayName:EventEmitters.h,fileRef:displayName:|,includeInIndex:|,isa:|,lastKnownFileType:|,path:|,sourceTree:|,,isa:PBXBuildFile,,displayName:Props.h,fileRef:displayName:|,includeInIndex:|,isa:|,lastKnownFileType:|,path:|,sourceTree:|,,isa:PBXBuildFile,,displayName:RCTComponentViewHelpers.h,fileRef:displayName:|,includeInIndex:|,isa:|,lastKnownFileType:|,path:|,sourceTree:|,,isa:PBXBuildFile,,displayName:ShadowNodes.h,fileRef:displayName:|,includeInIndex:|,isa:|,lastKnownFileType:|,path:|,sourceTree:|,,isa:PBXBuildFile,,displayName:States.h,fileRef:displayName:|,includeInIndex:|,isa:|,lastKnownFileType:|,path:|,sourceTree:|,,isa:PBXBuildFile,,displayName:ComponentDescriptors.h,fileRef:displayName:|,includeInIndex:|,isa:|,lastKnownFileType:|,path:|,sourceTree:|,,isa:PBXBuildFile,,displayName:EventEmitters.h,fileRef:displayName:|,includeInIndex:|,isa:|,lastKnownFileType:|,path:|,sourceTree:|,,isa:PBXBuildFile,,displayName:Props.h,fileRef:displayName:|,includeInIndex:|,isa:|,lastKnownFileType:|,path:|,sourceTree:|,,isa:PBXBuildFile,,displayName:RCTComponentViewHelpers.h,fileRef:displayName:|,includeInIndex:|,isa:|,lastKnownFileType:|,path:|,sourceTree:|,,isa:PBXBuildFile,,displayName:ShadowNodes.h,fileRef:displayName:|,includeInIndex:|,isa:|,lastKnownFileType:|,path:|,sourceTree:|,,isa:PBXBuildFile,,displayName:States.h,fileRef:displayName:|,includeInIndex:|,isa:|,lastKnownFileType:|,path:|,sourceTree:|,,isa:PBXBuildFile,,displayName:ComponentDescriptors.h,fileRef:displayName:|,includeInIndex:|,isa:|,lastKnownFileType:|,path:|,sourceTree:|,,isa:PBXBuildFile,,displayName:EventEmitters.h,fileRef:displayName:|,includeInIndex:|,isa:|,lastKnownFileType:|,path:|,sourceTree:|,,isa:PBXBuildFile,,displayName:Props.h,fileRef:displayName:|,includeInIndex:|,isa:|,lastKnownFileType:|,path:|,sourceTree:|,,isa:PBXBuildFile,,displayName:RCTComponentViewHelpers.h,fileRef:displayName:|,includeInIndex:|,isa:|,lastKnownFileType:|,path:|,sourceTree:|,,isa:PBXBuildFile,,displayName:ShadowNodes.h,fileRef:displayName:|,includeInIndex:|,isa:|,lastKnownFileType:|,path:|,sourceTree:|,,isa:PBXBuildFile,,displayName:States.h,fileRef:displayName:|,includeInIndex:|,isa:|,lastKnownFileType:|,path:|,sourceTree:|,,isa:PBXBuildFile,,displayName:ComponentDescriptors.h,fileRef:displayName:|,includeInIndex:|,isa:|,lastKnownFileType:|,path:|,sourceTree:|,,isa:PBXBuildFile,,displayName:EventEmitters.h,fileRef:displayName:|,includeInIndex:|,isa:|,lastKnownFileType:|,path:|,sourceTree:|,,isa:PBXBuildFile,,displayName:Props.h,fileRef:displayName:|,includeInIndex:|,isa:|,lastKnownFileType:|,path:|,sourceTree:|,,isa:PBXBuildFile,,displayName:RCTComponentViewHelpers.h,fileRef:displayName:|,includeInIndex:|,isa:|,lastKnownFileType:|,path:|,sourceTree:|,,isa:PBXBuildFile,,displayName:ShadowNodes.h,fileRef:displayName:|,includeInIndex:|,isa:|,lastKnownFileType:|,path:|,sourceTree:|,,isa:PBXBuildFile,,displayName:States.h,fileRef:displayName:|,includeInIndex:|,isa:|,lastKnownFileType:|,path:|,sourceTree:|,,isa:PBXBuildFile,,displayName:ComponentDescriptors.h,fileRef:displayName:|,includeInIndex:|,isa:|,lastKnownFileType:|,path:|,sourceTree:|,,isa:PBXBuildFile,,displayName:EventEmitters.h,fileRef:displayName:|,includeInIndex:|,isa:|,lastKnownFileType:|,path:|,sourceTree:|,,isa:PBXBuildFile,,displayName:Props.h,fileRef:displayName:|,includeInIndex:|,isa:|,lastKnownFileType:|,path:|,sourceTree:|,,isa:PBXBuildFile,,displayName:RCTComponentViewHelpers.h,fileRef:displayName:|,includeInIndex:|,isa:|,lastKnownFileType:|,path:|,sourceTree:|,,isa:PBXBuildFile,,displayName:ShadowNodes.h,fileRef:displayName:|,includeInIndex:|,isa:|,lastKnownFileType:|,path:|,sourceTree:|,,isa:PBXBuildFile,,displayName:States.h,fileRef:displayName:|,includeInIndex:|,isa:|,lastKnownFileType:|,path:|,sourceTree:|,,isa:PBXBuildFile,,displayName:rnasyncstorage.h,fileRef:displayName:|,includeInIndex:|,isa:|,lastKnownFileType:|,path:|,sourceTree:|,,isa:PBXBuildFile,,displayName:rnasyncstorageJSI.h,fileRef:displayName:|,includeInIndex:|,isa:|,lastKnownFileType:|,path:|,sourceTree:|,,isa:PBXBuildFile,,displayName:RNCConfigModule.h,fileRef:displayName:|,includeInIndex:|,isa:|,lastKnownFileType:|,path:|,sourceTree:|,,isa:PBXBuildFile,,displayName:RNCConfigModuleJSI.h,fileRef:displayName:|,includeInIndex:|,isa:|,lastKnownFileType:|,path:|,sourceTree:|,,isa:PBXBuildFile,,displayName:rnclipboard.h,fileRef:displayName:|,includeInIndex:|,isa:|,lastKnownFileType:|,path:|,sourceTree:|,,isa:PBXBuildFile,,displayName:rnclipboardJSI.h,fileRef:displayName:|,includeInIndex:|,isa:|,lastKnownFileType:|,path:|,sourceTree:|,,isa:PBXBuildFile,,displayName:rngesturehandler_codegen.h,fileRef:displayName:|,includeInIndex:|,isa:|,lastKnownFileType:|,path:|,sourceTree:|,,isa:PBXBuildFile,,displayName:rngesturehandler_codegenJSI.h,fileRef:displayName:|,includeInIndex:|,isa:|,lastKnownFileType:|,path:|,sourceTree:|,,isa:PBXBuildFile,,displayName:RNGoogleSignInCGen.h,fileRef:displayName:|,includeInIndex:|,isa:|,lastKnownFileType:|,path:|,sourceTree:|,,isa:PBXBuildFile,,displayName:RNGoogleSignInCGenJSI.h,fileRef:displayName:|,includeInIndex:|,isa:|,lastKnownFileType:|,path:|,sourceTree:|,,isa:PBXBuildFile,,displayName:RNImagePickerSpec.h,fileRef:displayName:|,includeInIndex:|,isa:|,lastKnownFileType:|,path:|,sourceTree:|,,isa:PBXBuildFile,,displayName:RNImagePickerSpecJSI.h,fileRef:displayName:|,includeInIndex:|,isa:|,lastKnownFileType:|,path:|,sourceTree:|,,isa:PBXBuildFile,,displayName:rnpermissions.h,fileRef:displayName:|,includeInIndex:|,isa:|,lastKnownFileType:|,path:|,sourceTree:|,,isa:PBXBuildFile,,displayName:rnpermissionsJSI.h,fileRef:displayName:|,includeInIndex:|,isa:|,lastKnownFileType:|,path:|,sourceTree:|,,isa:PBXBuildFile,,displayName:rnreanimated.h,fileRef:displayName:|,includeInIndex:|,isa:|,lastKnownFileType:|,path:|,sourceTree:|,,isa:PBXBuildFile,,displayName:rnreanimatedJSI.h,fileRef:displayName:|,includeInIndex:|,isa:|,lastKnownFileType:|,path:|,sourceTree:|,,isa:PBXBuildFile,,displayName:rnscreens.h,fileRef:displayName:|,includeInIndex:|,isa:|,lastKnownFileType:|,path:|,sourceTree:|,,isa:PBXBuildFile,,displayName:rnscreensJSI.h,fileRef:displayName:|,includeInIndex:|,isa:|,lastKnownFileType:|,path:|,sourceTree:|,,isa:PBXBuildFile,,displayName:rnsvg.h,fileRef:displayName:|,includeInIndex:|,isa:|,lastKnownFileType:|,path:|,sourceTree:|,,isa:PBXBuildFile,,displayName:rnsvgJSI.h,fileRef:displayName:|,includeInIndex:|,isa:|,lastKnownFileType:|,path:|,sourceTree:|,,isa:PBXBuildFile,,displayName:RNVectorIconsSpec.h,fileRef:displayName:|,includeInIndex:|,isa:|,lastKnownFileType:|,path:|,sourceTree:|,,isa:PBXBuildFile,,displayName:RNVectorIconsSpecJSI.h,fileRef:displayName:|,includeInIndex:|,isa:|,lastKnownFileType:|,path:|,sourceTree:|,,isa:PBXBuildFile,,displayName:safeareacontext.h,fileRef:displayName:|,includeInIndex:|,isa:|,lastKnownFileType:|,path:|,sourceTree:|,,isa:PBXBuildFile,,displayName:safeareacontextJSI.h,fileRef:displayName:|,includeInIndex:|,isa:|,lastKnownFileType:|,path:|,sourceTree:|,,isa:PBXBuildFile,,displayName:React-Codegen-umbrella.h,fileRef:displayName:|,includeInIndex:|,isa:|,lastKnownFileType:|,path:|,sourceTree:|,,isa:PBXBuildFile,settings:ATTRIBUTES:|,,,isa:PBXHeadersBuildPhase,runOnlyForDeploymentPostprocessing:0,/files/displayName:ShadowNodes.h,fileRef:displayName:ShadowNodes.h,includeInIndex:1,isa:PBXFileReference,lastKnownFileType:sourcecode.c.h,path:ShadowNodes.h,sourceTree:<group>,,isa:PBXBuildFile,
PBXBuildFile -- Pods.xcodeproj/targets/buildConfigurationList:buildConfigurations:baseConfigurationReference:|,buildSettings:|,displayName:|,isa:|,name:|,,baseConfigurationReference:|,buildSettings:|,displayName:|,isa:|,name:|,,defaultConfigurationIsVisible:0,defaultConfigurationName:Release,displayName:ConfigurationList,isa:XCConfigurationList,,buildPhases:buildActionMask:2147483647,displayName:Headers,files:|,|,|,|,|,|,|,|,|,|,|,|,|,|,|,|,|,|,|,|,|,|,|,|,|,|,|,|,isa:PBXHeadersBuildPhase,runOnlyForDeploymentPostprocessing:0,,buildActionMask:2147483647,displayName:Sources,files:|,|,|,|,|,|,|,|,|,|,|,|,|,|,|,|,|,|,|,|,|,|,|,isa:PBXSourcesBuildPhase,runOnlyForDeploymentPostprocessing:0,,buildActionMask:2147483647,displayName:Frameworks,files:|,isa:PBXFrameworksBuildPhase,runOnlyForDeploymentPostprocessing:0,,buildActionMask:2147483647,displayName:Resources,files:,isa:PBXResourcesBuildPhase,runOnlyForDeploymentPostprocessing:0,,buildRules:,dependencies:displayName:React-Core,isa:PBXTargetDependency,targetProxy:containerPortal:|,displayName:|,isa:|,proxyType:|,remoteGlobalIDString:|,remoteInfo:|,,,displayName:RCT-Folly,isa:PBXTargetDependency,targetProxy:containerPortal:|,displayName:|,isa:|,proxyType:|,remoteGlobalIDString:|,remoteInfo:|,,,displayName:glog,isa:PBXTargetDependency,targetProxy:containerPortal:|,displayName:|,isa:|,proxyType:|,remoteGlobalIDString:|,remoteInfo:|,,,displayName:React-RCTFabric,isa:PBXTargetDependency,targetProxy:containerPortal:|,displayName:|,isa:|,proxyType:|,remoteGlobalIDString:|,remoteInfo:|,,,displayName:React-Codegen,isa:PBXTargetDependency,targetProxy:containerPortal:|,displayName:|,isa:|,proxyType:|,remoteGlobalIDString:|,remoteInfo:|,,,displayName:RCTRequired,isa:PBXTargetDependency,targetProxy:containerPortal:|,displayName:|,isa:|,proxyType:|,remoteGlobalIDString:|,remoteInfo:|,,,displayName:RCTTypeSafety,isa:PBXTargetDependency,targetProxy:containerPortal:|,displayName:|,isa:|,proxyType:|,remoteGlobalIDString:|,remoteInfo:|,,,displayName:ReactCommon,isa:PBXTargetDependency,targetProxy:containerPortal:|,displayName:|,isa:|,proxyType:|,remoteGlobalIDString:|,remoteInfo:|,,,displayName:React-NativeModulesApple,isa:PBXTargetDependency,targetProxy:containerPortal:|,displayName:|,isa:|,proxyType:|,remoteGlobalIDString:|,remoteInfo:|,,,displayName:Yoga,isa:PBXTargetDependency,targetProxy:containerPortal:|,displayName:|,isa:|,proxyType:|,remoteGlobalIDString:|,remoteInfo:|,,,displayName:React-Fabric,isa:PBXTargetDependency,targetProxy:containerPortal:|,displayName:|,isa:|,proxyType:|,remoteGlobalIDString:|,remoteInfo:|,,,displayName:React-graphics,isa:PBXTargetDependency,targetProxy:containerPortal:|,displayName:|,isa:|,proxyType:|,remoteGlobalIDString:|,remoteInfo:|,,,displayName:React-utils,isa:PBXTargetDependency,targetProxy:containerPortal:|,displayName:|,isa:|,proxyType:|,remoteGlobalIDString:|,remoteInfo:|,,,displayName:React-featureflags,isa:PBXTargetDependency,targetProxy:containerPortal:|,displayName:|,isa:|,proxyType:|,remoteGlobalIDString:|,remoteInfo:|,,,displayName:React-debug,isa:PBXTargetDependency,targetProxy:containerPortal:|,displayName:|,isa:|,proxyType:|,remoteGlobalIDString:|,remoteInfo:|,,,displayName:React-ImageManager,isa:PBXTargetDependency,targetProxy:containerPortal:|,displayName:|,isa:|,proxyType:|,remoteGlobalIDString:|,remoteInfo:|,,,displayName:React-rendererdebug,isa:PBXTargetDependency,targetProxy:containerPortal:|,displayName:|,isa:|,proxyType:|,remoteGlobalIDString:|,remoteInfo:|,,,displayName:DoubleConversion,isa:PBXTargetDependency,targetProxy:containerPortal:|,displayName:|,isa:|,proxyType:|,remoteGlobalIDString:|,remoteInfo:|,,,displayName:React-jsi,isa:PBXTargetDependency,targetProxy:containerPortal:|,displayName:|,isa:|,proxyType:|,remoteGlobalIDString:|,remoteInfo:|,,,displayName:RNGestureHandler,fileSystemSynchronizedGroups:,isa:PBXNativeTarget,name:RNGestureHandler,packageProductDependencies:,productName:RNGestureHandler,productReference:displayName:RNGestureHandler,explicitFileType:wrapper.framework,includeInIndex:0,isa:PBXFileReference,name:RNGestureHandler,path:RNGestureHandler.framework,sourceTree:BUILT_PRODUCTS_DIR,,productType:com.apple.product-type.framework,/dependencies/displayName:React-RCTFabric,isa:PBXTargetDependency,targetProxy:containerPortal:46EB2E00000000,displayName:ContainerItemProxy,isa:PBXContainerItemProxy,proxyType:1,remoteGlobalIDString:46EB2E00020EA0,remoteInfo:React-RCTFabric,,/target/dependencies/displayName:React-RCTImage,isa:PBXTargetDependency,targetProxy:containerPortal:46EB2E00000000,displayName:ContainerItemProxy,isa:PBXContainerItemProxy,proxyType:1,remoteGlobalIDString:46EB2E000215E0,remoteInfo:React-RCTImage,,/target/dependencies/displayName:React-RCTNetwork,isa:PBXTargetDependency,targetProxy:containerPortal:46EB2E00000000,displayName:ContainerItemProxy,isa:PBXContainerItemProxy,proxyType:1,remoteGlobalIDString:46EB2E000219A0,remoteInfo:React-RCTNetwork,,/target/dependencies/displayName:React-Codegen,isa:PBXTargetDependency,targetProxy:containerPortal:46EB2E00000000,displayName:ContainerItemProxy,isa:PBXContainerItemProxy,proxyType:1,remoteGlobalIDString:46EB2E0001AAC0,remoteInfo:React-Codegen,,/target/buildPhases/buildActionMask:2147483647,displayName:Headers,files:displayName:FBReactNativeSpec.h,fileRef:displayName:|,includeInIndex:|,isa:|,lastKnownFileType:|,path:|,sourceTree:|,,isa:PBXBuildFile,,displayName:FBReactNativeSpecJSI.h,fileRef:displayName:|,includeInIndex:|,isa:|,lastKnownFileType:|,path:|,sourceTree:|,,isa:PBXBuildFile,,displayName:RCTModulesConformingToProtocolsProvider.h,fileRef:displayName:|,includeInIndex:|,isa:|,lastKnownFileType:|,path:|,sourceTree:|,,isa:PBXBuildFile,,displayName:ComponentDescriptors.h,fileRef:displayName:|,includeInIndex:|,isa:|,lastKnownFileType:|,path:|,sourceTree:|,,isa:PBXBuildFile,,displayName:EventEmitters.h,fileRef:displayName:|,includeInIndex:|,isa:|,lastKnownFileType:|,path:|,sourceTree:|,,isa:PBXBuildFile,,displayName:Props.h,fileRef:displayName:|,includeInIndex:|,isa:|,lastKnownFileType:|,path:|,sourceTree:|,,isa:PBXBuildFile,,displayName:RCTComponentViewHelpers.h,fileRef:displayName:|,includeInIndex:|,isa:|,lastKnownFileType:|,path:|,sourceTree:|,,isa:PBXBuildFile,,displayName:ShadowNodes.h,fileRef:displayName:|,includeInIndex:|,isa:|,lastKnownFileType:|,path:|,sourceTree:|,,isa:PBXBuildFile,,displayName:States.h,fileRef:displayName:|,includeInIndex:|,isa:|,lastKnownFileType:|,path:|,sourceTree:|,,isa:PBXBuildFile,,displayName:ComponentDescriptors.h,fileRef:displayName:|,includeInIndex:|,isa:|,lastKnownFileType:|,path:|,sourceTree:|,,isa:PBXBuildFile,,displayName:EventEmitters.h,fileRef:displayName:|,includeInIndex:|,isa:|,lastKnownFileType:|,path:|,sourceTree:|,,isa:PBXBuildFile,,displayName:Props.h,fileRef:displayName:|,includeInIndex:|,isa:|,lastKnownFileType:|,path:|,sourceTree:|,,isa:PBXBuildFile,,displayName:RCTComponentViewHelpers.h,fileRef:displayName:|,includeInIndex:|,isa:|,lastKnownFileType:|,path:|,sourceTree:|,,isa:PBXBuildFile,,displayName:ShadowNodes.h,fileRef:displayName:|,includeInIndex:|,isa:|,lastKnownFileType:|,path:|,sourceTree:|,,isa:PBXBuildFile,,displayName:States.h,fileRef:displayName:|,includeInIndex:|,isa:|,lastKnownFileType:|,path:|,sourceTree:|,,isa:PBXBuildFile,,displayName:ComponentDescriptors.h,fileRef:displayName:|,includeInIndex:|,isa:|,lastKnownFileType:|,path:|,sourceTree:|,,isa:PBXBuildFile,,displayName:EventEmitters.h,fileRef:displayName:|,includeInIndex:|,isa:|,lastKnownFileType:|,path:|,sourceTree:|,,isa:PBXBuildFile,,displayName:Props.h,fileRef:displayName:|,includeInIndex:|,isa:|,lastKnownFileType:|,path:|,sourceTree:|,,isa:PBXBuildFile,,displayName:RCTComponentViewHelpers.h,fileRef:displayName:|,includeInIndex:|,isa:|,lastKnownFileType:|,path:|,sourceTree:|,,isa:PBXBuildFile,,displayName:ShadowNodes.h,fileRef:displayName:|,includeInIndex:|,isa:|,lastKnownFileType:|,path:|,sourceTree:|,,isa:PBXBuildFile,,displayName:States.h,fileRef:displayName:|,includeInIndex:|,isa:|,lastKnownFileType:|,path:|,sourceTree:|,,isa:PBXBuildFile,,displayName:ComponentDescriptors.h,fileRef:displayName:|,includeInIndex:|,isa:|,lastKnownFileType:|,path:|,sourceTree:|,,isa:PBXBuildFile,,displayName:EventEmitters.h,fileRef:displayName:|,includeInIndex:|,isa:|,lastKnownFileType:|,path:|,sourceTree:|,,isa:PBXBuildFile,,displayName:Props.h,fileRef:displayName:|,includeInIndex:|,isa:|,lastKnownFileType:|,path:|,sourceTree:|,,isa:PBXBuildFile,,displayName:RCTComponentViewHelpers.h,fileRef:displayName:|,includeInIndex:|,isa:|,lastKnownFileType:|,path:|,sourceTree:|,,isa:PBXBuildFile,,displayName:ShadowNodes.h,fileRef:displayName:|,includeInIndex:|,isa:|,lastKnownFileType:|,path:|,sourceTree:|,,isa:PBXBuildFile,,displayName:States.h,fileRef:displayName:|,includeInIndex:|,isa:|,lastKnownFileType:|,path:|,sourceTree:|,,isa:PBXBuildFile,,displayName:ComponentDescriptors.h,fileRef:displayName:|,includeInIndex:|,isa:|,lastKnownFileType:|,path:|,sourceTree:|,,isa:PBXBuildFile,,displayName:EventEmitters.h,fileRef:displayName:|,includeInIndex:|,isa:|,lastKnownFileType:|,path:|,sourceTree:|,,isa:PBXBuildFile,,displayName:Props.h,fileRef:displayName:|,includeInIndex:|,isa:|,lastKnownFileType:|,path:|,sourceTree:|,,isa:PBXBuildFile,,displayName:RCTComponentViewHelpers.h,fileRef:displayName:|,includeInIndex:|,isa:|,lastKnownFileType:|,path:|,sourceTree:|,,isa:PBXBuildFile,,displayName:ShadowNodes.h,fileRef:displayName:|,includeInIndex:|,isa:|,lastKnownFileType:|,path:|,sourceTree:|,,isa:PBXBuildFile,,displayName:States.h,fileRef:displayName:|,includeInIndex:|,isa:|,lastKnownFileType:|,path:|,sourceTree:|,,isa:PBXBuildFile,,displayName:ComponentDescriptors.h,fileRef:displayName:|,includeInIndex:|,isa:|,lastKnownFileType:|,path:|,sourceTree:|,,isa:PBXBuildFile,,displayName:EventEmitters.h,fileRef:displayName:|,includeInIndex:|,isa:|,lastKnownFileType:|,path:|,sourceTree:|,,isa:PBXBuildFile,,displayName:Props.h,fileRef:displayName:|,includeInIndex:|,isa:|,lastKnownFileType:|,path:|,sourceTree:|,,isa:PBXBuildFile,,displayName:RCTComponentViewHelpers.h,fileRef:displayName:|,includeInIndex:|,isa:|,lastKnownFileType:|,path:|,sourceTree:|,,isa:PBXBuildFile,,displayName:ShadowNodes.h,fileRef:displayName:|,includeInIndex:|,isa:|,lastKnownFileType:|,path:|,sourceTree:|,,isa:PBXBuildFile,,displayName:States.h,fileRef:displayName:|,includeInIndex:|,isa:|,lastKnownFileType:|,path:|,sourceTree:|,,isa:PBXBuildFile,,displayName:rnasyncstorage.h,fileRef:displayName:|,includeInIndex:|,isa:|,lastKnownFileType:|,path:|,sourceTree:|,,isa:PBXBuildFile,,displayName:rnasyncstorageJSI.h,fileRef:displayName:|,includeInIndex:|,isa:|,lastKnownFileType:|,path:|,sourceTree:|,,isa:PBXBuildFile,,displayName:RNCConfigModule.h,fileRef:displayName:|,includeInIndex:|,isa:|,lastKnownFileType:|,path:|,sourceTree:|,,isa:PBXBuildFile,,displayName:RNCConfigModuleJSI.h,fileRef:displayName:|,includeInIndex:|,isa:|,lastKnownFileType:|,path:|,sourceTree:|,,isa:PBXBuildFile,,displayName:rnclipboard.h,fileRef:displayName:|,includeInIndex:|,isa:|,lastKnownFileType:|,path:|,sourceTree:|,,isa:PBXBuildFile,,displayName:rnclipboardJSI.h,fileRef:displayName:|,includeInIndex:|,isa:|,lastKnownFileType:|,path:|,sourceTree:|,,isa:PBXBuildFile,,displayName:rngesturehandler_codegen.h,fileRef:displayName:|,includeInIndex:|,isa:|,lastKnownFileType:|,path:|,sourceTree:|,,isa:PBXBuildFile,,displayName:rngesturehandler_codegenJSI.h,fileRef:displayName:|,includeInIndex:|,isa:|,lastKnownFileType:|,path:|,sourceTree:|,,isa:PBXBuildFile,,displayName:RNGoogleSignInCGen.h,fileRef:displayName:|,includeInIndex:|,isa:|,lastKnownFileType:|,path:|,sourceTree:|,,isa:PBXBuildFile,,displayName:RNGoogleSignInCGenJSI.h,fileRef:displayName:|,includeInIndex:|,isa:|,lastKnownFileType:|,path:|,sourceTree:|,,isa:PBXBuildFile,,displayName:RNImagePickerSpec.h,fileRef:displayName:|,includeInIndex:|,isa:|,lastKnownFileType:|,path:|,sourceTree:|,,isa:PBXBuildFile,,displayName:RNImagePickerSpecJSI.h,fileRef:displayName:|,includeInIndex:|,isa:|,lastKnownFileType:|,path:|,sourceTree:|,,isa:PBXBuildFile,,displayName:rnpermissions.h,fileRef:displayName:|,includeInIndex:|,isa:|,lastKnownFileType:|,path:|,sourceTree:|,,isa:PBXBuildFile,,displayName:rnpermissionsJSI.h,fileRef:displayName:|,includeInIndex:|,isa:|,lastKnownFileType:|,path:|,sourceTree:|,,isa:PBXBuildFile,,displayName:rnreanimated.h,fileRef:displayName:|,includeInIndex:|,isa:|,lastKnownFileType:|,path:|,sourceTree:|,,isa:PBXBuildFile,,displayName:rnreanimatedJSI.h,fileRef:displayName:|,includeInIndex:|,isa:|,lastKnownFileType:|,path:|,sourceTree:|,,isa:PBXBuildFile,,displayName:rnscreens.h,fileRef:displayName:|,includeInIndex:|,isa:|,lastKnownFileType:|,path:|,sourceTree:|,,isa:PBXBuildFile,,displayName:rnscreensJSI.h,fileRef:displayName:|,includeInIndex:|,isa:|,lastKnownFileType:|,path:|,sourceTree:|,,isa:PBXBuildFile,,displayName:rnsvg.h,fileRef:displayName:|,includeInIndex:|,isa:|,lastKnownFileType:|,path:|,sourceTree:|,,isa:PBXBuildFile,,displayName:rnsvgJSI.h,fileRef:displayName:|,includeInIndex:|,isa:|,lastKnownFileType:|,path:|,sourceTree:|,,isa:PBXBuildFile,,displayName:RNVectorIconsSpec.h,fileRef:displayName:|,includeInIndex:|,isa:|,lastKnownFileType:|,path:|,sourceTree:|,,isa:PBXBuildFile,,displayName:RNVectorIconsSpecJSI.h,fileRef:displayName:|,includeInIndex:|,isa:|,lastKnownFileType:|,path:|,sourceTree:|,,isa:PBXBuildFile,,displayName:safeareacontext.h,fileRef:displayName:|,includeInIndex:|,isa:|,lastKnownFileType:|,path:|,sourceTree:|,,isa:PBXBuildFile,,displayName:safeareacontextJSI.h,fileRef:displayName:|,includeInIndex:|,isa:|,lastKnownFileType:|,path:|,sourceTree:|,,isa:PBXBuildFile,,displayName:React-Codegen-umbrella.h,fileRef:displayName:|,includeInIndex:|,isa:|,lastKnownFileType:|,path:|,sourceTree:|,,isa:PBXBuildFile,settings:ATTRIBUTES:|,,,isa:PBXHeadersBuildPhase,runOnlyForDeploymentPostprocessing:0,/files/displayName:States.h,fileRef:displayName:States.h,includeInIndex:1,isa:PBXFileReference,lastKnownFileType:sourcecode.c.h,path:States.h,sourceTree:<group>,,isa:PBXBuildFile,
PBXBuildFile -- Pods.xcodeproj/targets/buildConfigurationList:buildConfigurations:baseConfigurationReference:|,buildSettings:|,displayName:|,isa:|,name:|,,baseConfigurationReference:|,buildSettings:|,displayName:|,isa:|,name:|,,defaultConfigurationIsVisible:0,defaultConfigurationName:Release,displayName:ConfigurationList,isa:XCConfigurationList,,buildPhases:buildActionMask:2147483647,displayName:Headers,files:|,|,|,|,|,|,|,|,|,|,|,|,|,|,|,|,|,|,|,|,|,|,|,|,|,|,|,|,isa:PBXHeadersBuildPhase,runOnlyForDeploymentPostprocessing:0,,buildActionMask:2147483647,displayName:Sources,files:|,|,|,|,|,|,|,|,|,|,|,|,|,|,|,|,|,|,|,|,|,|,|,isa:PBXSourcesBuildPhase,runOnlyForDeploymentPostprocessing:0,,buildActionMask:2147483647,displayName:Frameworks,files:|,isa:PBXFrameworksBuildPhase,runOnlyForDeploymentPostprocessing:0,,buildActionMask:2147483647,displayName:Resources,files:,isa:PBXResourcesBuildPhase,runOnlyForDeploymentPostprocessing:0,,buildRules:,dependencies:displayName:React-Core,isa:PBXTargetDependency,targetProxy:containerPortal:|,displayName:|,isa:|,proxyType:|,remoteGlobalIDString:|,remoteInfo:|,,,displayName:RCT-Folly,isa:PBXTargetDependency,targetProxy:containerPortal:|,displayName:|,isa:|,proxyType:|,remoteGlobalIDString:|,remoteInfo:|,,,displayName:glog,isa:PBXTargetDependency,targetProxy:containerPortal:|,displayName:|,isa:|,proxyType:|,remoteGlobalIDString:|,remoteInfo:|,,,displayName:React-RCTFabric,isa:PBXTargetDependency,targetProxy:containerPortal:|,displayName:|,isa:|,proxyType:|,remoteGlobalIDString:|,remoteInfo:|,,,displayName:React-Codegen,isa:PBXTargetDependency,targetProxy:containerPortal:|,displayName:|,isa:|,proxyType:|,remoteGlobalIDString:|,remoteInfo:|,,,displayName:RCTRequired,isa:PBXTargetDependency,targetProxy:containerPortal:|,displayName:|,isa:|,proxyType:|,remoteGlobalIDString:|,remoteInfo:|,,,displayName:RCTTypeSafety,isa:PBXTargetDependency,targetProxy:containerPortal:|,displayName:|,isa:|,proxyType:|,remoteGlobalIDString:|,remoteInfo:|,,,displayName:ReactCommon,isa:PBXTargetDependency,targetProxy:containerPortal:|,displayName:|,isa:|,proxyType:|,remoteGlobalIDString:|,remoteInfo:|,,,displayName:React-NativeModulesApple,isa:PBXTargetDependency,targetProxy:containerPortal:|,displayName:|,isa:|,proxyType:|,remoteGlobalIDString:|,remoteInfo:|,,,displayName:Yoga,isa:PBXTargetDependency,targetProxy:containerPortal:|,displayName:|,isa:|,proxyType:|,remoteGlobalIDString:|,remoteInfo:|,,,displayName:React-Fabric,isa:PBXTargetDependency,targetProxy:containerPortal:|,displayName:|,isa:|,proxyType:|,remoteGlobalIDString:|,remoteInfo:|,,,displayName:React-graphics,isa:PBXTargetDependency,targetProxy:containerPortal:|,displayName:|,isa:|,proxyType:|,remoteGlobalIDString:|,remoteInfo:|,,,displayName:React-utils,isa:PBXTargetDependency,targetProxy:containerPortal:|,displayName:|,isa:|,proxyType:|,remoteGlobalIDString:|,remoteInfo:|,,,displayName:React-featureflags,isa:PBXTargetDependency,targetProxy:containerPortal:|,displayName:|,isa:|,proxyType:|,remoteGlobalIDString:|,remoteInfo:|,,,displayName:React-debug,isa:PBXTargetDependency,targetProxy:containerPortal:|,displayName:|,isa:|,proxyType:|,remoteGlobalIDString:|,remoteInfo:|,,,displayName:React-ImageManager,isa:PBXTargetDependency,targetProxy:containerPortal:|,displayName:|,isa:|,proxyType:|,remoteGlobalIDString:|,remoteInfo:|,,,displayName:React-rendererdebug,isa:PBXTargetDependency,targetProxy:containerPortal:|,displayName:|,isa:|,proxyType:|,remoteGlobalIDString:|,remoteInfo:|,,,displayName:DoubleConversion,isa:PBXTargetDependency,targetProxy:containerPortal:|,displayName:|,isa:|,proxyType:|,remoteGlobalIDString:|,remoteInfo:|,,,displayName:React-jsi,isa:PBXTargetDependency,targetProxy:containerPortal:|,displayName:|,isa:|,proxyType:|,remoteGlobalIDString:|,remoteInfo:|,,,displayName:RNGestureHandler,fileSystemSynchronizedGroups:,isa:PBXNativeTarget,name:RNGestureHandler,packageProductDependencies:,productName:RNGestureHandler,productReference:displayName:RNGestureHandler,explicitFileType:wrapper.framework,includeInIndex:0,isa:PBXFileReference,name:RNGestureHandler,path:RNGestureHandler.framework,sourceTree:BUILT_PRODUCTS_DIR,,productType:com.apple.product-type.framework,/dependencies/displayName:React-RCTFabric,isa:PBXTargetDependency,targetProxy:containerPortal:46EB2E00000000,displayName:ContainerItemProxy,isa:PBXContainerItemProxy,proxyType:1,remoteGlobalIDString:46EB2E00020EA0,remoteInfo:React-RCTFabric,,/target/dependencies/displayName:React-RCTImage,isa:PBXTargetDependency,targetProxy:containerPortal:46EB2E00000000,displayName:ContainerItemProxy,isa:PBXContainerItemProxy,proxyType:1,remoteGlobalIDString:46EB2E000215E0,remoteInfo:React-RCTImage,,/target/dependencies/displayName:React-RCTNetwork,isa:PBXTargetDependency,targetProxy:containerPortal:46EB2E00000000,displayName:ContainerItemProxy,isa:PBXContainerItemProxy,proxyType:1,remoteGlobalIDString:46EB2E000219A0,remoteInfo:React-RCTNetwork,,/target/dependencies/displayName:React-Codegen,isa:PBXTargetDependency,targetProxy:containerPortal:46EB2E00000000,displayName:ContainerItemProxy,isa:PBXContainerItemProxy,proxyType:1,remoteGlobalIDString:46EB2E0001AAC0,remoteInfo:React-Codegen,,/target/buildPhases/buildActionMask:2147483647,displayName:Headers,files:displayName:FBReactNativeSpec.h,fileRef:displayName:|,includeInIndex:|,isa:|,lastKnownFileType:|,path:|,sourceTree:|,,isa:PBXBuildFile,,displayName:FBReactNativeSpecJSI.h,fileRef:displayName:|,includeInIndex:|,isa:|,lastKnownFileType:|,path:|,sourceTree:|,,isa:PBXBuildFile,,displayName:RCTModulesConformingToProtocolsProvider.h,fileRef:displayName:|,includeInIndex:|,isa:|,lastKnownFileType:|,path:|,sourceTree:|,,isa:PBXBuildFile,,displayName:ComponentDescriptors.h,fileRef:displayName:|,includeInIndex:|,isa:|,lastKnownFileType:|,path:|,sourceTree:|,,isa:PBXBuildFile,,displayName:EventEmitters.h,fileRef:displayName:|,includeInIndex:|,isa:|,lastKnownFileType:|,path:|,sourceTree:|,,isa:PBXBuildFile,,displayName:Props.h,fileRef:displayName:|,includeInIndex:|,isa:|,lastKnownFileType:|,path:|,sourceTree:|,,isa:PBXBuildFile,,displayName:RCTComponentViewHelpers.h,fileRef:displayName:|,includeInIndex:|,isa:|,lastKnownFileType:|,path:|,sourceTree:|,,isa:PBXBuildFile,,displayName:ShadowNodes.h,fileRef:displayName:|,includeInIndex:|,isa:|,lastKnownFileType:|,path:|,sourceTree:|,,isa:PBXBuildFile,,displayName:States.h,fileRef:displayName:|,includeInIndex:|,isa:|,lastKnownFileType:|,path:|,sourceTree:|,,isa:PBXBuildFile,,displayName:ComponentDescriptors.h,fileRef:displayName:|,includeInIndex:|,isa:|,lastKnownFileType:|,path:|,sourceTree:|,,isa:PBXBuildFile,,displayName:EventEmitters.h,fileRef:displayName:|,includeInIndex:|,isa:|,lastKnownFileType:|,path:|,sourceTree:|,,isa:PBXBuildFile,,displayName:Props.h,fileRef:displayName:|,includeInIndex:|,isa:|,lastKnownFileType:|,path:|,sourceTree:|,,isa:PBXBuildFile,,displayName:RCTComponentViewHelpers.h,fileRef:displayName:|,includeInIndex:|,isa:|,lastKnownFileType:|,path:|,sourceTree:|,,isa:PBXBuildFile,,displayName:ShadowNodes.h,fileRef:displayName:|,includeInIndex:|,isa:|,lastKnownFileType:|,path:|,sourceTree:|,,isa:PBXBuildFile,,displayName:States.h,fileRef:displayName:|,includeInIndex:|,isa:|,lastKnownFileType:|,path:|,sourceTree:|,,isa:PBXBuildFile,,displayName:ComponentDescriptors.h,fileRef:displayName:|,includeInIndex:|,isa:|,lastKnownFileType:|,path:|,sourceTree:|,,isa:PBXBuildFile,,displayName:EventEmitters.h,fileRef:displayName:|,includeInIndex:|,isa:|,lastKnownFileType:|,path:|,sourceTree:|,,isa:PBXBuildFile,,displayName:Props.h,fileRef:displayName:|,includeInIndex:|,isa:|,lastKnownFileType:|,path:|,sourceTree:|,,isa:PBXBuildFile,,displayName:RCTComponentViewHelpers.h,fileRef:displayName:|,includeInIndex:|,isa:|,lastKnownFileType:|,path:|,sourceTree:|,,isa:PBXBuildFile,,displayName:ShadowNodes.h,fileRef:displayName:|,includeInIndex:|,isa:|,lastKnownFileType:|,path:|,sourceTree:|,,isa:PBXBuildFile,,displayName:States.h,fileRef:displayName:|,includeInIndex:|,isa:|,lastKnownFileType:|,path:|,sourceTree:|,,isa:PBXBuildFile,,displayName:ComponentDescriptors.h,fileRef:displayName:|,includeInIndex:|,isa:|,lastKnownFileType:|,path:|,sourceTree:|,,isa:PBXBuildFile,,displayName:EventEmitters.h,fileRef:displayName:|,includeInIndex:|,isa:|,lastKnownFileType:|,path:|,sourceTree:|,,isa:PBXBuildFile,,displayName:Props.h,fileRef:displayName:|,includeInIndex:|,isa:|,lastKnownFileType:|,path:|,sourceTree:|,,isa:PBXBuildFile,,displayName:RCTComponentViewHelpers.h,fileRef:displayName:|,includeInIndex:|,isa:|,lastKnownFileType:|,path:|,sourceTree:|,,isa:PBXBuildFile,,displayName:ShadowNodes.h,fileRef:displayName:|,includeInIndex:|,isa:|,lastKnownFileType:|,path:|,sourceTree:|,,isa:PBXBuildFile,,displayName:States.h,fileRef:displayName:|,includeInIndex:|,isa:|,lastKnownFileType:|,path:|,sourceTree:|,,isa:PBXBuildFile,,displayName:ComponentDescriptors.h,fileRef:displayName:|,includeInIndex:|,isa:|,lastKnownFileType:|,path:|,sourceTree:|,,isa:PBXBuildFile,,displayName:EventEmitters.h,fileRef:displayName:|,includeInIndex:|,isa:|,lastKnownFileType:|,path:|,sourceTree:|,,isa:PBXBuildFile,,displayName:Props.h,fileRef:displayName:|,includeInIndex:|,isa:|,lastKnownFileType:|,path:|,sourceTree:|,,isa:PBXBuildFile,,displayName:RCTComponentViewHelpers.h,fileRef:displayName:|,includeInIndex:|,isa:|,lastKnownFileType:|,path:|,sourceTree:|,,isa:PBXBuildFile,,displayName:ShadowNodes.h,fileRef:displayName:|,includeInIndex:|,isa:|,lastKnownFileType:|,path:|,sourceTree:|,,isa:PBXBuildFile,,displayName:States.h,fileRef:displayName:|,includeInIndex:|,isa:|,lastKnownFileType:|,path:|,sourceTree:|,,isa:PBXBuildFile,,displayName:ComponentDescriptors.h,fileRef:displayName:|,includeInIndex:|,isa:|,lastKnownFileType:|,path:|,sourceTree:|,,isa:PBXBuildFile,,displayName:EventEmitters.h,fileRef:displayName:|,includeInIndex:|,isa:|,lastKnownFileType:|,path:|,sourceTree:|,,isa:PBXBuildFile,,displayName:Props.h,fileRef:displayName:|,includeInIndex:|,isa:|,lastKnownFileType:|,path:|,sourceTree:|,,isa:PBXBuildFile,,displayName:RCTComponentViewHelpers.h,fileRef:displayName:|,includeInIndex:|,isa:|,lastKnownFileType:|,path:|,sourceTree:|,,isa:PBXBuildFile,,displayName:ShadowNodes.h,fileRef:displayName:|,includeInIndex:|,isa:|,lastKnownFileType:|,path:|,sourceTree:|,,isa:PBXBuildFile,,displayName:States.h,fileRef:displayName:|,includeInIndex:|,isa:|,lastKnownFileType:|,path:|,sourceTree:|,,isa:PBXBuildFile,,displayName:rnasyncstorage.h,fileRef:displayName:|,includeInIndex:|,isa:|,lastKnownFileType:|,path:|,sourceTree:|,,isa:PBXBuildFile,,displayName:rnasyncstorageJSI.h,fileRef:displayName:|,includeInIndex:|,isa:|,lastKnownFileType:|,path:|,sourceTree:|,,isa:PBXBuildFile,,displayName:RNCConfigModule.h,fileRef:displayName:|,includeInIndex:|,isa:|,lastKnownFileType:|,path:|,sourceTree:|,,isa:PBXBuildFile,,displayName:RNCConfigModuleJSI.h,fileRef:displayName:|,includeInIndex:|,isa:|,lastKnownFileType:|,path:|,sourceTree:|,,isa:PBXBuildFile,,displayName:rnclipboard.h,fileRef:displayName:|,includeInIndex:|,isa:|,lastKnownFileType:|,path:|,sourceTree:|,,isa:PBXBuildFile,,displayName:rnclipboardJSI.h,fileRef:displayName:|,includeInIndex:|,isa:|,lastKnownFileType:|,path:|,sourceTree:|,,isa:PBXBuildFile,,displayName:rngesturehandler_codegen.h,fileRef:displayName:|,includeInIndex:|,isa:|,lastKnownFileType:|,path:|,sourceTree:|,,isa:PBXBuildFile,,displayName:rngesturehandler_codegenJSI.h,fileRef:displayName:|,includeInIndex:|,isa:|,lastKnownFileType:|,path:|,sourceTree:|,,isa:PBXBuildFile,,displayName:RNGoogleSignInCGen.h,fileRef:displayName:|,includeInIndex:|,isa:|,lastKnownFileType:|,path:|,sourceTree:|,,isa:PBXBuildFile,,displayName:RNGoogleSignInCGenJSI.h,fileRef:displayName:|,includeInIndex:|,isa:|,lastKnownFileType:|,path:|,sourceTree:|,,isa:PBXBuildFile,,displayName:RNImagePickerSpec.h,fileRef:displayName:|,includeInIndex:|,isa:|,lastKnownFileType:|,path:|,sourceTree:|,,isa:PBXBuildFile,,displayName:RNImagePickerSpecJSI.h,fileRef:displayName:|,includeInIndex:|,isa:|,lastKnownFileType:|,path:|,sourceTree:|,,isa:PBXBuildFile,,displayName:rnpermissions.h,fileRef:displayName:|,includeInIndex:|,isa:|,lastKnownFileType:|,path:|,sourceTree:|,,isa:PBXBuildFile,,displayName:rnpermissionsJSI.h,fileRef:displayName:|,includeInIndex:|,isa:|,lastKnownFileType:|,path:|,sourceTree:|,,isa:PBXBuildFile,,displayName:rnreanimated.h,fileRef:displayName:|,includeInIndex:|,isa:|,lastKnownFileType:|,path:|,sourceTree:|,,isa:PBXBuildFile,,displayName:rnreanimatedJSI.h,fileRef:displayName:|,includeInIndex:|,isa:|,lastKnownFileType:|,path:|,sourceTree:|,,isa:PBXBuildFile,,displayName:rnscreens.h,fileRef:displayName:|,includeInIndex:|,isa:|,lastKnownFileType:|,path:|,sourceTree:|,,isa:PBXBuildFile,,displayName:rnscreensJSI.h,fileRef:displayName:|,includeInIndex:|,isa:|,lastKnownFileType:|,path:|,sourceTree:|,,isa:PBXBuildFile,,displayName:rnsvg.h,fileRef:displayName:|,includeInIndex:|,isa:|,lastKnownFileType:|,path:|,sourceTree:|,,isa:PBXBuildFile,,displayName:rnsvgJSI.h,fileRef:displayName:|,includeInIndex:|,isa:|,lastKnownFileType:|,path:|,sourceTree:|,,isa:PBXBuildFile,,displayName:RNVectorIconsSpec.h,fileRef:displayName:|,includeInIndex:|,isa:|,lastKnownFileType:|,path:|,sourceTree:|,,isa:PBXBuildFile,,displayName:RNVectorIconsSpecJSI.h,fileRef:displayName:|,includeInIndex:|,isa:|,lastKnownFileType:|,path:|,sourceTree:|,,isa:PBXBuildFile,,displayName:safeareacontext.h,fileRef:displayName:|,includeInIndex:|,isa:|,lastKnownFileType:|,path:|,sourceTree:|,,isa:PBXBuildFile,,displayName:safeareacontextJSI.h,fileRef:displayName:|,includeInIndex:|,isa:|,lastKnownFileType:|,path:|,sourceTree:|,,isa:PBXBuildFile,,displayName:React-Codegen-umbrella.h,fileRef:displayName:|,includeInIndex:|,isa:|,lastKnownFileType:|,path:|,sourceTree:|,,isa:PBXBuildFile,settings:ATTRIBUTES:|,,,isa:PBXHeadersBuildPhase,runOnlyForDeploymentPostprocessing:0,/files/displayName:ComponentDescriptors.h,fileRef:displayName:ComponentDescriptors.h,includeInIndex:1,isa:PBXFileReference,lastKnownFileType:sourcecode.c.h,path:ComponentDescriptors.h,sourceTree:<group>,,isa:PBXBuildFile,
PBXBuildFile -- Pods.xcodeproj/targets/buildConfigurationList:buildConfigurations:baseConfigurationReference:|,buildSettings:|,displayName:|,isa:|,name:|,,baseConfigurationReference:|,buildSettings:|,displayName:|,isa:|,name:|,,defaultConfigurationIsVisible:0,defaultConfigurationName:Release,displayName:ConfigurationList,isa:XCConfigurationList,,buildPhases:buildActionMask:2147483647,displayName:Headers,files:|,|,|,|,|,|,|,|,|,|,|,|,|,|,|,|,|,|,|,|,|,|,|,|,|,|,|,|,isa:PBXHeadersBuildPhase,runOnlyForDeploymentPostprocessing:0,,buildActionMask:2147483647,displayName:Sources,files:|,|,|,|,|,|,|,|,|,|,|,|,|,|,|,|,|,|,|,|,|,|,|,isa:PBXSourcesBuildPhase,runOnlyForDeploymentPostprocessing:0,,buildActionMask:2147483647,displayName:Frameworks,files:|,isa:PBXFrameworksBuildPhase,runOnlyForDeploymentPostprocessing:0,,buildActionMask:2147483647,displayName:Resources,files:,isa:PBXResourcesBuildPhase,runOnlyForDeploymentPostprocessing:0,,buildRules:,dependencies:displayName:React-Core,isa:PBXTargetDependency,targetProxy:containerPortal:|,displayName:|,isa:|,proxyType:|,remoteGlobalIDString:|,remoteInfo:|,,,displayName:RCT-Folly,isa:PBXTargetDependency,targetProxy:containerPortal:|,displayName:|,isa:|,proxyType:|,remoteGlobalIDString:|,remoteInfo:|,,,displayName:glog,isa:PBXTargetDependency,targetProxy:containerPortal:|,displayName:|,isa:|,proxyType:|,remoteGlobalIDString:|,remoteInfo:|,,,displayName:React-RCTFabric,isa:PBXTargetDependency,targetProxy:containerPortal:|,displayName:|,isa:|,proxyType:|,remoteGlobalIDString:|,remoteInfo:|,,,displayName:React-Codegen,isa:PBXTargetDependency,targetProxy:containerPortal:|,displayName:|,isa:|,proxyType:|,remoteGlobalIDString:|,remoteInfo:|,,,displayName:RCTRequired,isa:PBXTargetDependency,targetProxy:containerPortal:|,displayName:|,isa:|,proxyType:|,remoteGlobalIDString:|,remoteInfo:|,,,displayName:RCTTypeSafety,isa:PBXTargetDependency,targetProxy:containerPortal:|,displayName:|,isa:|,proxyType:|,remoteGlobalIDString:|,remoteInfo:|,,,displayName:ReactCommon,isa:PBXTargetDependency,targetProxy:containerPortal:|,displayName:|,isa:|,proxyType:|,remoteGlobalIDString:|,remoteInfo:|,,,displayName:React-NativeModulesApple,isa:PBXTargetDependency,targetProxy:containerPortal:|,displayName:|,isa:|,proxyType:|,remoteGlobalIDString:|,remoteInfo:|,,,displayName:Yoga,isa:PBXTargetDependency,targetProxy:containerPortal:|,displayName:|,isa:|,proxyType:|,remoteGlobalIDString:|,remoteInfo:|,,,displayName:React-Fabric,isa:PBXTargetDependency,targetProxy:containerPortal:|,displayName:|,isa:|,proxyType:|,remoteGlobalIDString:|,remoteInfo:|,,,displayName:React-graphics,isa:PBXTargetDependency,targetProxy:containerPortal:|,displayName:|,isa:|,proxyType:|,remoteGlobalIDString:|,remoteInfo:|,,,displayName:React-utils,isa:PBXTargetDependency,targetProxy:containerPortal:|,displayName:|,isa:|,proxyType:|,remoteGlobalIDString:|,remoteInfo:|,,,displayName:React-featureflags,isa:PBXTargetDependency,targetProxy:containerPortal:|,displayName:|,isa:|,proxyType:|,remoteGlobalIDString:|,remoteInfo:|,,,displayName:React-debug,isa:PBXTargetDependency,targetProxy:containerPortal:|,displayName:|,isa:|,proxyType:|,remoteGlobalIDString:|,remoteInfo:|,,,displayName:React-ImageManager,isa:PBXTargetDependency,targetProxy:containerPortal:|,displayName:|,isa:|,proxyType:|,remoteGlobalIDString:|,remoteInfo:|,,,displayName:React-rendererdebug,isa:PBXTargetDependency,targetProxy:containerPortal:|,displayName:|,isa:|,proxyType:|,remoteGlobalIDString:|,remoteInfo:|,,,displayName:DoubleConversion,isa:PBXTargetDependency,targetProxy:containerPortal:|,displayName:|,isa:|,proxyType:|,remoteGlobalIDString:|,remoteInfo:|,,,displayName:React-jsi,isa:PBXTargetDependency,targetProxy:containerPortal:|,displayName:|,isa:|,proxyType:|,remoteGlobalIDString:|,remoteInfo:|,,,displayName:RNGestureHandler,fileSystemSynchronizedGroups:,isa:PBXNativeTarget,name:RNGestureHandler,packageProductDependencies:,productName:RNGestureHandler,productReference:displayName:RNGestureHandler,explicitFileType:wrapper.framework,includeInIndex:0,isa:PBXFileReference,name:RNGestureHandler,path:RNGestureHandler.framework,sourceTree:BUILT_PRODUCTS_DIR,,productType:com.apple.product-type.framework,/dependencies/displayName:React-RCTFabric,isa:PBXTargetDependency,targetProxy:containerPortal:46EB2E00000000,displayName:ContainerItemProxy,isa:PBXContainerItemProxy,proxyType:1,remoteGlobalIDString:46EB2E00020EA0,remoteInfo:React-RCTFabric,,/target/dependencies/displayName:React-RCTImage,isa:PBXTargetDependency,targetProxy:containerPortal:46EB2E00000000,displayName:ContainerItemProxy,isa:PBXContainerItemProxy,proxyType:1,remoteGlobalIDString:46EB2E000215E0,remoteInfo:React-RCTImage,,/target/dependencies/displayName:React-RCTNetwork,isa:PBXTargetDependency,targetProxy:containerPortal:46EB2E00000000,displayName:ContainerItemProxy,isa:PBXContainerItemProxy,proxyType:1,remoteGlobalIDString:46EB2E000219A0,remoteInfo:React-RCTNetwork,,/target/dependencies/displayName:React-Codegen,isa:PBXTargetDependency,targetProxy:containerPortal:46EB2E00000000,displayName:ContainerItemProxy,isa:PBXContainerItemProxy,proxyType:1,remoteGlobalIDString:46EB2E0001AAC0,remoteInfo:React-Codegen,,/target/buildPhases/buildActionMask:2147483647,displayName:Headers,files:displayName:FBReactNativeSpec.h,fileRef:displayName:|,includeInIndex:|,isa:|,lastKnownFileType:|,path:|,sourceTree:|,,isa:PBXBuildFile,,displayName:FBReactNativeSpecJSI.h,fileRef:displayName:|,includeInIndex:|,isa:|,lastKnownFileType:|,path:|,sourceTree:|,,isa:PBXBuildFile,,displayName:RCTModulesConformingToProtocolsProvider.h,fileRef:displayName:|,includeInIndex:|,isa:|,lastKnownFileType:|,path:|,sourceTree:|,,isa:PBXBuildFile,,displayName:ComponentDescriptors.h,fileRef:displayName:|,includeInIndex:|,isa:|,lastKnownFileType:|,path:|,sourceTree:|,,isa:PBXBuildFile,,displayName:EventEmitters.h,fileRef:displayName:|,includeInIndex:|,isa:|,lastKnownFileType:|,path:|,sourceTree:|,,isa:PBXBuildFile,,displayName:Props.h,fileRef:displayName:|,includeInIndex:|,isa:|,lastKnownFileType:|,path:|,sourceTree:|,,isa:PBXBuildFile,,displayName:RCTComponentViewHelpers.h,fileRef:displayName:|,includeInIndex:|,isa:|,lastKnownFileType:|,path:|,sourceTree:|,,isa:PBXBuildFile,,displayName:ShadowNodes.h,fileRef:displayName:|,includeInIndex:|,isa:|,lastKnownFileType:|,path:|,sourceTree:|,,isa:PBXBuildFile,,displayName:States.h,fileRef:displayName:|,includeInIndex:|,isa:|,lastKnownFileType:|,path:|,sourceTree:|,,isa:PBXBuildFile,,displayName:ComponentDescriptors.h,fileRef:displayName:|,includeInIndex:|,isa:|,lastKnownFileType:|,path:|,sourceTree:|,,isa:PBXBuildFile,,displayName:EventEmitters.h,fileRef:displayName:|,includeInIndex:|,isa:|,lastKnownFileType:|,path:|,sourceTree:|,,isa:PBXBuildFile,,displayName:Props.h,fileRef:displayName:|,includeInIndex:|,isa:|,lastKnownFileType:|,path:|,sourceTree:|,,isa:PBXBuildFile,,displayName:RCTComponentViewHelpers.h,fileRef:displayName:|,includeInIndex:|,isa:|,lastKnownFileType:|,path:|,sourceTree:|,,isa:PBXBuildFile,,displayName:ShadowNodes.h,fileRef:displayName:|,includeInIndex:|,isa:|,lastKnownFileType:|,path:|,sourceTree:|,,isa:PBXBuildFile,,displayName:States.h,fileRef:displayName:|,includeInIndex:|,isa:|,lastKnownFileType:|,path:|,sourceTree:|,,isa:PBXBuildFile,,displayName:ComponentDescriptors.h,fileRef:displayName:|,includeInIndex:|,isa:|,lastKnownFileType:|,path:|,sourceTree:|,,isa:PBXBuildFile,,displayName:EventEmitters.h,fileRef:displayName:|,includeInIndex:|,isa:|,lastKnownFileType:|,path:|,sourceTree:|,,isa:PBXBuildFile,,displayName:Props.h,fileRef:displayName:|,includeInIndex:|,isa:|,lastKnownFileType:|,path:|,sourceTree:|,,isa:PBXBuildFile,,displayName:RCTComponentViewHelpers.h,fileRef:displayName:|,includeInIndex:|,isa:|,lastKnownFileType:|,path:|,sourceTree:|,,isa:PBXBuildFile,,displayName:ShadowNodes.h,fileRef:displayName:|,includeInIndex:|,isa:|,lastKnownFileType:|,path:|,sourceTree:|,,isa:PBXBuildFile,,displayName:States.h,fileRef:displayName:|,includeInIndex:|,isa:|,lastKnownFileType:|,path:|,sourceTree:|,,isa:PBXBuildFile,,displayName:ComponentDescriptors.h,fileRef:displayName:|,includeInIndex:|,isa:|,lastKnownFileType:|,path:|,sourceTree:|,,isa:PBXBuildFile,,displayName:EventEmitters.h,fileRef:displayName:|,includeInIndex:|,isa:|,lastKnownFileType:|,path:|,sourceTree:|,,isa:PBXBuildFile,,displayName:Props.h,fileRef:displayName:|,includeInIndex:|,isa:|,lastKnownFileType:|,path:|,sourceTree:|,,isa:PBXBuildFile,,displayName:RCTComponentViewHelpers.h,fileRef:displayName:|,includeInIndex:|,isa:|,lastKnownFileType:|,path:|,sourceTree:|,,isa:PBXBuildFile,,displayName:ShadowNodes.h,fileRef:displayName:|,includeInIndex:|,isa:|,lastKnownFileType:|,path:|,sourceTree:|,,isa:PBXBuildFile,,displayName:States.h,fileRef:displayName:|,includeInIndex:|,isa:|,lastKnownFileType:|,path:|,sourceTree:|,,isa:PBXBuildFile,,displayName:ComponentDescriptors.h,fileRef:displayName:|,includeInIndex:|,isa:|,lastKnownFileType:|,path:|,sourceTree:|,,isa:PBXBuildFile,,displayName:EventEmitters.h,fileRef:displayName:|,includeInIndex:|,isa:|,lastKnownFileType:|,path:|,sourceTree:|,,isa:PBXBuildFile,,displayName:Props.h,fileRef:displayName:|,includeInIndex:|,isa:|,lastKnownFileType:|,path:|,sourceTree:|,,isa:PBXBuildFile,,displayName:RCTComponentViewHelpers.h,fileRef:displayName:|,includeInIndex:|,isa:|,lastKnownFileType:|,path:|,sourceTree:|,,isa:PBXBuildFile,,displayName:ShadowNodes.h,fileRef:displayName:|,includeInIndex:|,isa:|,lastKnownFileType:|,path:|,sourceTree:|,,isa:PBXBuildFile,,displayName:States.h,fileRef:displayName:|,includeInIndex:|,isa:|,lastKnownFileType:|,path:|,sourceTree:|,,isa:PBXBuildFile,,displayName:ComponentDescriptors.h,fileRef:displayName:|,includeInIndex:|,isa:|,lastKnownFileType:|,path:|,sourceTree:|,,isa:PBXBuildFile,,displayName:EventEmitters.h,fileRef:displayName:|,includeInIndex:|,isa:|,lastKnownFileType:|,path:|,sourceTree:|,,isa:PBXBuildFile,,displayName:Props.h,fileRef:displayName:|,includeInIndex:|,isa:|,lastKnownFileType:|,path:|,sourceTree:|,,isa:PBXBuildFile,,displayName:RCTComponentViewHelpers.h,fileRef:displayName:|,includeInIndex:|,isa:|,lastKnownFileType:|,path:|,sourceTree:|,,isa:PBXBuildFile,,displayName:ShadowNodes.h,fileRef:displayName:|,includeInIndex:|,isa:|,lastKnownFileType:|,path:|,sourceTree:|,,isa:PBXBuildFile,,displayName:States.h,fileRef:displayName:|,includeInIndex:|,isa:|,lastKnownFileType:|,path:|,sourceTree:|,,isa:PBXBuildFile,,displayName:rnasyncstorage.h,fileRef:displayName:|,includeInIndex:|,isa:|,lastKnownFileType:|,path:|,sourceTree:|,,isa:PBXBuildFile,,displayName:rnasyncstorageJSI.h,fileRef:displayName:|,includeInIndex:|,isa:|,lastKnownFileType:|,path:|,sourceTree:|,,isa:PBXBuildFile,,displayName:RNCConfigModule.h,fileRef:displayName:|,includeInIndex:|,isa:|,lastKnownFileType:|,path:|,sourceTree:|,,isa:PBXBuildFile,,displayName:RNCConfigModuleJSI.h,fileRef:displayName:|,includeInIndex:|,isa:|,lastKnownFileType:|,path:|,sourceTree:|,,isa:PBXBuildFile,,displayName:rnclipboard.h,fileRef:displayName:|,includeInIndex:|,isa:|,lastKnownFileType:|,path:|,sourceTree:|,,isa:PBXBuildFile,,displayName:rnclipboardJSI.h,fileRef:displayName:|,includeInIndex:|,isa:|,lastKnownFileType:|,path:|,sourceTree:|,,isa:PBXBuildFile,,displayName:rngesturehandler_codegen.h,fileRef:displayName:|,includeInIndex:|,isa:|,lastKnownFileType:|,path:|,sourceTree:|,,isa:PBXBuildFile,,displayName:rngesturehandler_codegenJSI.h,fileRef:displayName:|,includeInIndex:|,isa:|,lastKnownFileType:|,path:|,sourceTree:|,,isa:PBXBuildFile,,displayName:RNGoogleSignInCGen.h,fileRef:displayName:|,includeInIndex:|,isa:|,lastKnownFileType:|,path:|,sourceTree:|,,isa:PBXBuildFile,,displayName:RNGoogleSignInCGenJSI.h,fileRef:displayName:|,includeInIndex:|,isa:|,lastKnownFileType:|,path:|,sourceTree:|,,isa:PBXBuildFile,,displayName:RNImagePickerSpec.h,fileRef:displayName:|,includeInIndex:|,isa:|,lastKnownFileType:|,path:|,sourceTree:|,,isa:PBXBuildFile,,displayName:RNImagePickerSpecJSI.h,fileRef:displayName:|,includeInIndex:|,isa:|,lastKnownFileType:|,path:|,sourceTree:|,,isa:PBXBuildFile,,displayName:rnpermissions.h,fileRef:displayName:|,includeInIndex:|,isa:|,lastKnownFileType:|,path:|,sourceTree:|,,isa:PBXBuildFile,,displayName:rnpermissionsJSI.h,fileRef:displayName:|,includeInIndex:|,isa:|,lastKnownFileType:|,path:|,sourceTree:|,,isa:PBXBuildFile,,displayName:rnreanimated.h,fileRef:displayName:|,includeInIndex:|,isa:|,lastKnownFileType:|,path:|,sourceTree:|,,isa:PBXBuildFile,,displayName:rnreanimatedJSI.h,fileRef:displayName:|,includeInIndex:|,isa:|,lastKnownFileType:|,path:|,sourceTree:|,,isa:PBXBuildFile,,displayName:rnscreens.h,fileRef:displayName:|,includeInIndex:|,isa:|,lastKnownFileType:|,path:|,sourceTree:|,,isa:PBXBuildFile,,displayName:rnscreensJSI.h,fileRef:displayName:|,includeInIndex:|,isa:|,lastKnownFileType:|,path:|,sourceTree:|,,isa:PBXBuildFile,,displayName:rnsvg.h,fileRef:displayName:|,includeInIndex:|,isa:|,lastKnownFileType:|,path:|,sourceTree:|,,isa:PBXBuildFile,,displayName:rnsvgJSI.h,fileRef:displayName:|,includeInIndex:|,isa:|,lastKnownFileType:|,path:|,sourceTree:|,,isa:PBXBuildFile,,displayName:RNVectorIconsSpec.h,fileRef:displayName:|,includeInIndex:|,isa:|,lastKnownFileType:|,path:|,sourceTree:|,,isa:PBXBuildFile,,displayName:RNVectorIconsSpecJSI.h,fileRef:displayName:|,includeInIndex:|,isa:|,lastKnownFileType:|,path:|,sourceTree:|,,isa:PBXBuildFile,,displayName:safeareacontext.h,fileRef:displayName:|,includeInIndex:|,isa:|,lastKnownFileType:|,path:|,sourceTree:|,,isa:PBXBuildFile,,displayName:safeareacontextJSI.h,fileRef:displayName:|,includeInIndex:|,isa:|,lastKnownFileType:|,path:|,sourceTree:|,,isa:PBXBuildFile,,displayName:React-Codegen-umbrella.h,fileRef:displayName:|,includeInIndex:|,isa:|,lastKnownFileType:|,path:|,sourceTree:|,,isa:PBXBuildFile,settings:ATTRIBUTES:|,,,isa:PBXHeadersBuildPhase,runOnlyForDeploymentPostprocessing:0,/files/displayName:EventEmitters.h,fileRef:displayName:EventEmitters.h,includeInIndex:1,isa:PBXFileReference,lastKnownFileType:sourcecode.c.h,path:EventEmitters.h,sourceTree:<group>,,isa:PBXBuildFile,
PBXBuildFile -- Pods.xcodeproj/targets/buildConfigurationList:buildConfigurations:baseConfigurationReference:|,buildSettings:|,displayName:|,isa:|,name:|,,baseConfigurationReference:|,buildSettings:|,displayName:|,isa:|,name:|,,defaultConfigurationIsVisible:0,defaultConfigurationName:Release,displayName:ConfigurationList,isa:XCConfigurationList,,buildPhases:buildActionMask:2147483647,displayName:Headers,files:|,|,|,|,|,|,|,|,|,|,|,|,|,|,|,|,|,|,|,|,|,|,|,|,|,|,|,|,isa:PBXHeadersBuildPhase,runOnlyForDeploymentPostprocessing:0,,buildActionMask:2147483647,displayName:Sources,files:|,|,|,|,|,|,|,|,|,|,|,|,|,|,|,|,|,|,|,|,|,|,|,isa:PBXSourcesBuildPhase,runOnlyForDeploymentPostprocessing:0,,buildActionMask:2147483647,displayName:Frameworks,files:|,isa:PBXFrameworksBuildPhase,runOnlyForDeploymentPostprocessing:0,,buildActionMask:2147483647,displayName:Resources,files:,isa:PBXResourcesBuildPhase,runOnlyForDeploymentPostprocessing:0,,buildRules:,dependencies:displayName:React-Core,isa:PBXTargetDependency,targetProxy:containerPortal:|,displayName:|,isa:|,proxyType:|,remoteGlobalIDString:|,remoteInfo:|,,,displayName:RCT-Folly,isa:PBXTargetDependency,targetProxy:containerPortal:|,displayName:|,isa:|,proxyType:|,remoteGlobalIDString:|,remoteInfo:|,,,displayName:glog,isa:PBXTargetDependency,targetProxy:containerPortal:|,displayName:|,isa:|,proxyType:|,remoteGlobalIDString:|,remoteInfo:|,,,displayName:React-RCTFabric,isa:PBXTargetDependency,targetProxy:containerPortal:|,displayName:|,isa:|,proxyType:|,remoteGlobalIDString:|,remoteInfo:|,,,displayName:React-Codegen,isa:PBXTargetDependency,targetProxy:containerPortal:|,displayName:|,isa:|,proxyType:|,remoteGlobalIDString:|,remoteInfo:|,,,displayName:RCTRequired,isa:PBXTargetDependency,targetProxy:containerPortal:|,displayName:|,isa:|,proxyType:|,remoteGlobalIDString:|,remoteInfo:|,,,displayName:RCTTypeSafety,isa:PBXTargetDependency,targetProxy:containerPortal:|,displayName:|,isa:|,proxyType:|,remoteGlobalIDString:|,remoteInfo:|,,,displayName:ReactCommon,isa:PBXTargetDependency,targetProxy:containerPortal:|,displayName:|,isa:|,proxyType:|,remoteGlobalIDString:|,remoteInfo:|,,,displayName:React-NativeModulesApple,isa:PBXTargetDependency,targetProxy:containerPortal:|,displayName:|,isa:|,proxyType:|,remoteGlobalIDString:|,remoteInfo:|,,,displayName:Yoga,isa:PBXTargetDependency,targetProxy:containerPortal:|,displayName:|,isa:|,proxyType:|,remoteGlobalIDString:|,remoteInfo:|,,,displayName:React-Fabric,isa:PBXTargetDependency,targetProxy:containerPortal:|,displayName:|,isa:|,proxyType:|,remoteGlobalIDString:|,remoteInfo:|,,,displayName:React-graphics,isa:PBXTargetDependency,targetProxy:containerPortal:|,displayName:|,isa:|,proxyType:|,remoteGlobalIDString:|,remoteInfo:|,,,displayName:React-utils,isa:PBXTargetDependency,targetProxy:containerPortal:|,displayName:|,isa:|,proxyType:|,remoteGlobalIDString:|,remoteInfo:|,,,displayName:React-featureflags,isa:PBXTargetDependency,targetProxy:containerPortal:|,displayName:|,isa:|,proxyType:|,remoteGlobalIDString:|,remoteInfo:|,,,displayName:React-debug,isa:PBXTargetDependency,targetProxy:containerPortal:|,displayName:|,isa:|,proxyType:|,remoteGlobalIDString:|,remoteInfo:|,,,displayName:React-ImageManager,isa:PBXTargetDependency,targetProxy:containerPortal:|,displayName:|,isa:|,proxyType:|,remoteGlobalIDString:|,remoteInfo:|,,,displayName:React-rendererdebug,isa:PBXTargetDependency,targetProxy:containerPortal:|,displayName:|,isa:|,proxyType:|,remoteGlobalIDString:|,remoteInfo:|,,,displayName:DoubleConversion,isa:PBXTargetDependency,targetProxy:containerPortal:|,displayName:|,isa:|,proxyType:|,remoteGlobalIDString:|,remoteInfo:|,,,displayName:React-jsi,isa:PBXTargetDependency,targetProxy:containerPortal:|,displayName:|,isa:|,proxyType:|,remoteGlobalIDString:|,remoteInfo:|,,,displayName:RNGestureHandler,fileSystemSynchronizedGroups:,isa:PBXNativeTarget,name:RNGestureHandler,packageProductDependencies:,productName:RNGestureHandler,productReference:displayName:RNGestureHandler,explicitFileType:wrapper.framework,includeInIndex:0,isa:PBXFileReference,name:RNGestureHandler,path:RNGestureHandler.framework,sourceTree:BUILT_PRODUCTS_DIR,,productType:com.apple.product-type.framework,/dependencies/displayName:React-RCTFabric,isa:PBXTargetDependency,targetProxy:containerPortal:46EB2E00000000,displayName:ContainerItemProxy,isa:PBXContainerItemProxy,proxyType:1,remoteGlobalIDString:46EB2E00020EA0,remoteInfo:React-RCTFabric,,/target/dependencies/displayName:React-RCTImage,isa:PBXTargetDependency,targetProxy:containerPortal:46EB2E00000000,displayName:ContainerItemProxy,isa:PBXContainerItemProxy,proxyType:1,remoteGlobalIDString:46EB2E000215E0,remoteInfo:React-RCTImage,,/target/dependencies/displayName:React-RCTNetwork,isa:PBXTargetDependency,targetProxy:containerPortal:46EB2E00000000,displayName:ContainerItemProxy,isa:PBXContainerItemProxy,proxyType:1,remoteGlobalIDString:46EB2E000219A0,remoteInfo:React-RCTNetwork,,/target/dependencies/displayName:React-Codegen,isa:PBXTargetDependency,targetProxy:containerPortal:46EB2E00000000,displayName:ContainerItemProxy,isa:PBXContainerItemProxy,proxyType:1,remoteGlobalIDString:46EB2E0001AAC0,remoteInfo:React-Codegen,,/target/buildPhases/buildActionMask:2147483647,displayName:Headers,files:displayName:FBReactNativeSpec.h,fileRef:displayName:|,includeInIndex:|,isa:|,lastKnownFileType:|,path:|,sourceTree:|,,isa:PBXBuildFile,,displayName:FBReactNativeSpecJSI.h,fileRef:displayName:|,includeInIndex:|,isa:|,lastKnownFileType:|,path:|,sourceTree:|,,isa:PBXBuildFile,,displayName:RCTModulesConformingToProtocolsProvider.h,fileRef:displayName:|,includeInIndex:|,isa:|,lastKnownFileType:|,path:|,sourceTree:|,,isa:PBXBuildFile,,displayName:ComponentDescriptors.h,fileRef:displayName:|,includeInIndex:|,isa:|,lastKnownFileType:|,path:|,sourceTree:|,,isa:PBXBuildFile,,displayName:EventEmitters.h,fileRef:displayName:|,includeInIndex:|,isa:|,lastKnownFileType:|,path:|,sourceTree:|,,isa:PBXBuildFile,,displayName:Props.h,fileRef:displayName:|,includeInIndex:|,isa:|,lastKnownFileType:|,path:|,sourceTree:|,,isa:PBXBuildFile,,displayName:RCTComponentViewHelpers.h,fileRef:displayName:|,includeInIndex:|,isa:|,lastKnownFileType:|,path:|,sourceTree:|,,isa:PBXBuildFile,,displayName:ShadowNodes.h,fileRef:displayName:|,includeInIndex:|,isa:|,lastKnownFileType:|,path:|,sourceTree:|,,isa:PBXBuildFile,,displayName:States.h,fileRef:displayName:|,includeInIndex:|,isa:|,lastKnownFileType:|,path:|,sourceTree:|,,isa:PBXBuildFile,,displayName:ComponentDescriptors.h,fileRef:displayName:|,includeInIndex:|,isa:|,lastKnownFileType:|,path:|,sourceTree:|,,isa:PBXBuildFile,,displayName:EventEmitters.h,fileRef:displayName:|,includeInIndex:|,isa:|,lastKnownFileType:|,path:|,sourceTree:|,,isa:PBXBuildFile,,displayName:Props.h,fileRef:displayName:|,includeInIndex:|,isa:|,lastKnownFileType:|,path:|,sourceTree:|,,isa:PBXBuildFile,,displayName:RCTComponentViewHelpers.h,fileRef:displayName:|,includeInIndex:|,isa:|,lastKnownFileType:|,path:|,sourceTree:|,,isa:PBXBuildFile,,displayName:ShadowNodes.h,fileRef:displayName:|,includeInIndex:|,isa:|,lastKnownFileType:|,path:|,sourceTree:|,,isa:PBXBuildFile,,displayName:States.h,fileRef:displayName:|,includeInIndex:|,isa:|,lastKnownFileType:|,path:|,sourceTree:|,,isa:PBXBuildFile,,displayName:ComponentDescriptors.h,fileRef:displayName:|,includeInIndex:|,isa:|,lastKnownFileType:|,path:|,sourceTree:|,,isa:PBXBuildFile,,displayName:EventEmitters.h,fileRef:displayName:|,includeInIndex:|,isa:|,lastKnownFileType:|,path:|,sourceTree:|,,isa:PBXBuildFile,,displayName:Props.h,fileRef:displayName:|,includeInIndex:|,isa:|,lastKnownFileType:|,path:|,sourceTree:|,,isa:PBXBuildFile,,displayName:RCTComponentViewHelpers.h,fileRef:displayName:|,includeInIndex:|,isa:|,lastKnownFileType:|,path:|,sourceTree:|,,isa:PBXBuildFile,,displayName:ShadowNodes.h,fileRef:displayName:|,includeInIndex:|,isa:|,lastKnownFileType:|,path:|,sourceTree:|,,isa:PBXBuildFile,,displayName:States.h,fileRef:displayName:|,includeInIndex:|,isa:|,lastKnownFileType:|,path:|,sourceTree:|,,isa:PBXBuildFile,,displayName:ComponentDescriptors.h,fileRef:displayName:|,includeInIndex:|,isa:|,lastKnownFileType:|,path:|,sourceTree:|,,isa:PBXBuildFile,,displayName:EventEmitters.h,fileRef:displayName:|,includeInIndex:|,isa:|,lastKnownFileType:|,path:|,sourceTree:|,,isa:PBXBuildFile,,displayName:Props.h,fileRef:displayName:|,includeInIndex:|,isa:|,lastKnownFileType:|,path:|,sourceTree:|,,isa:PBXBuildFile,,displayName:RCTComponentViewHelpers.h,fileRef:displayName:|,includeInIndex:|,isa:|,lastKnownFileType:|,path:|,sourceTree:|,,isa:PBXBuildFile,,displayName:ShadowNodes.h,fileRef:displayName:|,includeInIndex:|,isa:|,lastKnownFileType:|,path:|,sourceTree:|,,isa:PBXBuildFile,,displayName:States.h,fileRef:displayName:|,includeInIndex:|,isa:|,lastKnownFileType:|,path:|,sourceTree:|,,isa:PBXBuildFile,,displayName:ComponentDescriptors.h,fileRef:displayName:|,includeInIndex:|,isa:|,lastKnownFileType:|,path:|,sourceTree:|,,isa:PBXBuildFile,,displayName:EventEmitters.h,fileRef:displayName:|,includeInIndex:|,isa:|,lastKnownFileType:|,path:|,sourceTree:|,,isa:PBXBuildFile,,displayName:Props.h,fileRef:displayName:|,includeInIndex:|,isa:|,lastKnownFileType:|,path:|,sourceTree:|,,isa:PBXBuildFile,,displayName:RCTComponentViewHelpers.h,fileRef:displayName:|,includeInIndex:|,isa:|,lastKnownFileType:|,path:|,sourceTree:|,,isa:PBXBuildFile,,displayName:ShadowNodes.h,fileRef:displayName:|,includeInIndex:|,isa:|,lastKnownFileType:|,path:|,sourceTree:|,,isa:PBXBuildFile,,displayName:States.h,fileRef:displayName:|,includeInIndex:|,isa:|,lastKnownFileType:|,path:|,sourceTree:|,,isa:PBXBuildFile,,displayName:ComponentDescriptors.h,fileRef:displayName:|,includeInIndex:|,isa:|,lastKnownFileType:|,path:|,sourceTree:|,,isa:PBXBuildFile,,displayName:EventEmitters.h,fileRef:displayName:|,includeInIndex:|,isa:|,lastKnownFileType:|,path:|,sourceTree:|,,isa:PBXBuildFile,,displayName:Props.h,fileRef:displayName:|,includeInIndex:|,isa:|,lastKnownFileType:|,path:|,sourceTree:|,,isa:PBXBuildFile,,displayName:RCTComponentViewHelpers.h,fileRef:displayName:|,includeInIndex:|,isa:|,lastKnownFileType:|,path:|,sourceTree:|,,isa:PBXBuildFile,,displayName:ShadowNodes.h,fileRef:displayName:|,includeInIndex:|,isa:|,lastKnownFileType:|,path:|,sourceTree:|,,isa:PBXBuildFile,,displayName:States.h,fileRef:displayName:|,includeInIndex:|,isa:|,lastKnownFileType:|,path:|,sourceTree:|,,isa:PBXBuildFile,,displayName:rnasyncstorage.h,fileRef:displayName:|,includeInIndex:|,isa:|,lastKnownFileType:|,path:|,sourceTree:|,,isa:PBXBuildFile,,displayName:rnasyncstorageJSI.h,fileRef:displayName:|,includeInIndex:|,isa:|,lastKnownFileType:|,path:|,sourceTree:|,,isa:PBXBuildFile,,displayName:RNCConfigModule.h,fileRef:displayName:|,includeInIndex:|,isa:|,lastKnownFileType:|,path:|,sourceTree:|,,isa:PBXBuildFile,,displayName:RNCConfigModuleJSI.h,fileRef:displayName:|,includeInIndex:|,isa:|,lastKnownFileType:|,path:|,sourceTree:|,,isa:PBXBuildFile,,displayName:rnclipboard.h,fileRef:displayName:|,includeInIndex:|,isa:|,lastKnownFileType:|,path:|,sourceTree:|,,isa:PBXBuildFile,,displayName:rnclipboardJSI.h,fileRef:displayName:|,includeInIndex:|,isa:|,lastKnownFileType:|,path:|,sourceTree:|,,isa:PBXBuildFile,,displayName:rngesturehandler_codegen.h,fileRef:displayName:|,includeInIndex:|,isa:|,lastKnownFileType:|,path:|,sourceTree:|,,isa:PBXBuildFile,,displayName:rngesturehandler_codegenJSI.h,fileRef:displayName:|,includeInIndex:|,isa:|,lastKnownFileType:|,path:|,sourceTree:|,,isa:PBXBuildFile,,displayName:RNGoogleSignInCGen.h,fileRef:displayName:|,includeInIndex:|,isa:|,lastKnownFileType:|,path:|,sourceTree:|,,isa:PBXBuildFile,,displayName:RNGoogleSignInCGenJSI.h,fileRef:displayName:|,includeInIndex:|,isa:|,lastKnownFileType:|,path:|,sourceTree:|,,isa:PBXBuildFile,,displayName:RNImagePickerSpec.h,fileRef:displayName:|,includeInIndex:|,isa:|,lastKnownFileType:|,path:|,sourceTree:|,,isa:PBXBuildFile,,displayName:RNImagePickerSpecJSI.h,fileRef:displayName:|,includeInIndex:|,isa:|,lastKnownFileType:|,path:|,sourceTree:|,,isa:PBXBuildFile,,displayName:rnpermissions.h,fileRef:displayName:|,includeInIndex:|,isa:|,lastKnownFileType:|,path:|,sourceTree:|,,isa:PBXBuildFile,,displayName:rnpermissionsJSI.h,fileRef:displayName:|,includeInIndex:|,isa:|,lastKnownFileType:|,path:|,sourceTree:|,,isa:PBXBuildFile,,displayName:rnreanimated.h,fileRef:displayName:|,includeInIndex:|,isa:|,lastKnownFileType:|,path:|,sourceTree:|,,isa:PBXBuildFile,,displayName:rnreanimatedJSI.h,fileRef:displayName:|,includeInIndex:|,isa:|,lastKnownFileType:|,path:|,sourceTree:|,,isa:PBXBuildFile,,displayName:rnscreens.h,fileRef:displayName:|,includeInIndex:|,isa:|,lastKnownFileType:|,path:|,sourceTree:|,,isa:PBXBuildFile,,displayName:rnscreensJSI.h,fileRef:displayName:|,includeInIndex:|,isa:|,lastKnownFileType:|,path:|,sourceTree:|,,isa:PBXBuildFile,,displayName:rnsvg.h,fileRef:displayName:|,includeInIndex:|,isa:|,lastKnownFileType:|,path:|,sourceTree:|,,isa:PBXBuildFile,,displayName:rnsvgJSI.h,fileRef:displayName:|,includeInIndex:|,isa:|,lastKnownFileType:|,path:|,sourceTree:|,,isa:PBXBuildFile,,displayName:RNVectorIconsSpec.h,fileRef:displayName:|,includeInIndex:|,isa:|,lastKnownFileType:|,path:|,sourceTree:|,,isa:PBXBuildFile,,displayName:RNVectorIconsSpecJSI.h,fileRef:displayName:|,includeInIndex:|,isa:|,lastKnownFileType:|,path:|,sourceTree:|,,isa:PBXBuildFile,,displayName:safeareacontext.h,fileRef:displayName:|,includeInIndex:|,isa:|,lastKnownFileType:|,path:|,sourceTree:|,,isa:PBXBuildFile,,displayName:safeareacontextJSI.h,fileRef:displayName:|,includeInIndex:|,isa:|,lastKnownFileType:|,path:|,sourceTree:|,,isa:PBXBuildFile,,displayName:React-Codegen-umbrella.h,fileRef:displayName:|,includeInIndex:|,isa:|,lastKnownFileType:|,path:|,sourceTree:|,,isa:PBXBuildFile,settings:ATTRIBUTES:|,,,isa:PBXHeadersBuildPhase,runOnlyForDeploymentPostprocessing:0,/files/displayName:Props.h,fileRef:displayName:Props.h,includeInIndex:1,isa:PBXFileReference,lastKnownFileType:sourcecode.c.h,path:Props.h,sourceTree:<group>,,isa:PBXBuildFile,
PBXBuildFile -- Pods.xcodeproj/targets/buildConfigurationList:buildConfigurations:baseConfigurationReference:|,buildSettings:|,displayName:|,isa:|,name:|,,baseConfigurationReference:|,buildSettings:|,displayName:|,isa:|,name:|,,defaultConfigurationIsVisible:0,defaultConfigurationName:Release,displayName:ConfigurationList,isa:XCConfigurationList,,buildPhases:buildActionMask:2147483647,displayName:Headers,files:|,|,|,|,|,|,|,|,|,|,|,|,|,|,|,|,|,|,|,|,|,|,|,|,|,|,|,|,isa:PBXHeadersBuildPhase,runOnlyForDeploymentPostprocessing:0,,buildActionMask:2147483647,displayName:Sources,files:|,|,|,|,|,|,|,|,|,|,|,|,|,|,|,|,|,|,|,|,|,|,|,isa:PBXSourcesBuildPhase,runOnlyForDeploymentPostprocessing:0,,buildActionMask:2147483647,displayName:Frameworks,files:|,isa:PBXFrameworksBuildPhase,runOnlyForDeploymentPostprocessing:0,,buildActionMask:2147483647,displayName:Resources,files:,isa:PBXResourcesBuildPhase,runOnlyForDeploymentPostprocessing:0,,buildRules:,dependencies:displayName:React-Core,isa:PBXTargetDependency,targetProxy:containerPortal:|,displayName:|,isa:|,proxyType:|,remoteGlobalIDString:|,remoteInfo:|,,,displayName:RCT-Folly,isa:PBXTargetDependency,targetProxy:containerPortal:|,displayName:|,isa:|,proxyType:|,remoteGlobalIDString:|,remoteInfo:|,,,displayName:glog,isa:PBXTargetDependency,targetProxy:containerPortal:|,displayName:|,isa:|,proxyType:|,remoteGlobalIDString:|,remoteInfo:|,,,displayName:React-RCTFabric,isa:PBXTargetDependency,targetProxy:containerPortal:|,displayName:|,isa:|,proxyType:|,remoteGlobalIDString:|,remoteInfo:|,,,displayName:React-Codegen,isa:PBXTargetDependency,targetProxy:containerPortal:|,displayName:|,isa:|,proxyType:|,remoteGlobalIDString:|,remoteInfo:|,,,displayName:RCTRequired,isa:PBXTargetDependency,targetProxy:containerPortal:|,displayName:|,isa:|,proxyType:|,remoteGlobalIDString:|,remoteInfo:|,,,displayName:RCTTypeSafety,isa:PBXTargetDependency,targetProxy:containerPortal:|,displayName:|,isa:|,proxyType:|,remoteGlobalIDString:|,remoteInfo:|,,,displayName:ReactCommon,isa:PBXTargetDependency,targetProxy:containerPortal:|,displayName:|,isa:|,proxyType:|,remoteGlobalIDString:|,remoteInfo:|,,,displayName:React-NativeModulesApple,isa:PBXTargetDependency,targetProxy:containerPortal:|,displayName:|,isa:|,proxyType:|,remoteGlobalIDString:|,remoteInfo:|,,,displayName:Yoga,isa:PBXTargetDependency,targetProxy:containerPortal:|,displayName:|,isa:|,proxyType:|,remoteGlobalIDString:|,remoteInfo:|,,,displayName:React-Fabric,isa:PBXTargetDependency,targetProxy:containerPortal:|,displayName:|,isa:|,proxyType:|,remoteGlobalIDString:|,remoteInfo:|,,,displayName:React-graphics,isa:PBXTargetDependency,targetProxy:containerPortal:|,displayName:|,isa:|,proxyType:|,remoteGlobalIDString:|,remoteInfo:|,,,displayName:React-utils,isa:PBXTargetDependency,targetProxy:containerPortal:|,displayName:|,isa:|,proxyType:|,remoteGlobalIDString:|,remoteInfo:|,,,displayName:React-featureflags,isa:PBXTargetDependency,targetProxy:containerPortal:|,displayName:|,isa:|,proxyType:|,remoteGlobalIDString:|,remoteInfo:|,,,displayName:React-debug,isa:PBXTargetDependency,targetProxy:containerPortal:|,displayName:|,isa:|,proxyType:|,remoteGlobalIDString:|,remoteInfo:|,,,displayName:React-ImageManager,isa:PBXTargetDependency,targetProxy:containerPortal:|,displayName:|,isa:|,proxyType:|,remoteGlobalIDString:|,remoteInfo:|,,,displayName:React-rendererdebug,isa:PBXTargetDependency,targetProxy:containerPortal:|,displayName:|,isa:|,proxyType:|,remoteGlobalIDString:|,remoteInfo:|,,,displayName:DoubleConversion,isa:PBXTargetDependency,targetProxy:containerPortal:|,displayName:|,isa:|,proxyType:|,remoteGlobalIDString:|,remoteInfo:|,,,displayName:React-jsi,isa:PBXTargetDependency,targetProxy:containerPortal:|,displayName:|,isa:|,proxyType:|,remoteGlobalIDString:|,remoteInfo:|,,,displayName:RNGestureHandler,fileSystemSynchronizedGroups:,isa:PBXNativeTarget,name:RNGestureHandler,packageProductDependencies:,productName:RNGestureHandler,productReference:displayName:RNGestureHandler,explicitFileType:wrapper.framework,includeInIndex:0,isa:PBXFileReference,name:RNGestureHandler,path:RNGestureHandler.framework,sourceTree:BUILT_PRODUCTS_DIR,,productType:com.apple.product-type.framework,/dependencies/displayName:React-RCTFabric,isa:PBXTargetDependency,targetProxy:containerPortal:46EB2E00000000,displayName:ContainerItemProxy,isa:PBXContainerItemProxy,proxyType:1,remoteGlobalIDString:46EB2E00020EA0,remoteInfo:React-RCTFabric,,/target/dependencies/displayName:React-RCTImage,isa:PBXTargetDependency,targetProxy:containerPortal:46EB2E00000000,displayName:ContainerItemProxy,isa:PBXContainerItemProxy,proxyType:1,remoteGlobalIDString:46EB2E000215E0,remoteInfo:React-RCTImage,,/target/dependencies/displayName:React-RCTNetwork,isa:PBXTargetDependency,targetProxy:containerPortal:46EB2E00000000,displayName:ContainerItemProxy,isa:PBXContainerItemProxy,proxyType:1,remoteGlobalIDString:46EB2E000219A0,remoteInfo:React-RCTNetwork,,/target/dependencies/displayName:React-Codegen,isa:PBXTargetDependency,targetProxy:containerPortal:46EB2E00000000,displayName:ContainerItemProxy,isa:PBXContainerItemProxy,proxyType:1,remoteGlobalIDString:46EB2E0001AAC0,remoteInfo:React-Codegen,,/target/buildPhases/buildActionMask:2147483647,displayName:Headers,files:displayName:FBReactNativeSpec.h,fileRef:displayName:|,includeInIndex:|,isa:|,lastKnownFileType:|,path:|,sourceTree:|,,isa:PBXBuildFile,,displayName:FBReactNativeSpecJSI.h,fileRef:displayName:|,includeInIndex:|,isa:|,lastKnownFileType:|,path:|,sourceTree:|,,isa:PBXBuildFile,,displayName:RCTModulesConformingToProtocolsProvider.h,fileRef:displayName:|,includeInIndex:|,isa:|,lastKnownFileType:|,path:|,sourceTree:|,,isa:PBXBuildFile,,displayName:ComponentDescriptors.h,fileRef:displayName:|,includeInIndex:|,isa:|,lastKnownFileType:|,path:|,sourceTree:|,,isa:PBXBuildFile,,displayName:EventEmitters.h,fileRef:displayName:|,includeInIndex:|,isa:|,lastKnownFileType:|,path:|,sourceTree:|,,isa:PBXBuildFile,,displayName:Props.h,fileRef:displayName:|,includeInIndex:|,isa:|,lastKnownFileType:|,path:|,sourceTree:|,,isa:PBXBuildFile,,displayName:RCTComponentViewHelpers.h,fileRef:displayName:|,includeInIndex:|,isa:|,lastKnownFileType:|,path:|,sourceTree:|,,isa:PBXBuildFile,,displayName:ShadowNodes.h,fileRef:displayName:|,includeInIndex:|,isa:|,lastKnownFileType:|,path:|,sourceTree:|,,isa:PBXBuildFile,,displayName:States.h,fileRef:displayName:|,includeInIndex:|,isa:|,lastKnownFileType:|,path:|,sourceTree:|,,isa:PBXBuildFile,,displayName:ComponentDescriptors.h,fileRef:displayName:|,includeInIndex:|,isa:|,lastKnownFileType:|,path:|,sourceTree:|,,isa:PBXBuildFile,,displayName:EventEmitters.h,fileRef:displayName:|,includeInIndex:|,isa:|,lastKnownFileType:|,path:|,sourceTree:|,,isa:PBXBuildFile,,displayName:Props.h,fileRef:displayName:|,includeInIndex:|,isa:|,lastKnownFileType:|,path:|,sourceTree:|,,isa:PBXBuildFile,,displayName:RCTComponentViewHelpers.h,fileRef:displayName:|,includeInIndex:|,isa:|,lastKnownFileType:|,path:|,sourceTree:|,,isa:PBXBuildFile,,displayName:ShadowNodes.h,fileRef:displayName:|,includeInIndex:|,isa:|,lastKnownFileType:|,path:|,sourceTree:|,,isa:PBXBuildFile,,displayName:States.h,fileRef:displayName:|,includeInIndex:|,isa:|,lastKnownFileType:|,path:|,sourceTree:|,,isa:PBXBuildFile,,displayName:ComponentDescriptors.h,fileRef:displayName:|,includeInIndex:|,isa:|,lastKnownFileType:|,path:|,sourceTree:|,,isa:PBXBuildFile,,displayName:EventEmitters.h,fileRef:displayName:|,includeInIndex:|,isa:|,lastKnownFileType:|,path:|,sourceTree:|,,isa:PBXBuildFile,,displayName:Props.h,fileRef:displayName:|,includeInIndex:|,isa:|,lastKnownFileType:|,path:|,sourceTree:|,,isa:PBXBuildFile,,displayName:RCTComponentViewHelpers.h,fileRef:displayName:|,includeInIndex:|,isa:|,lastKnownFileType:|,path:|,sourceTree:|,,isa:PBXBuildFile,,displayName:ShadowNodes.h,fileRef:displayName:|,includeInIndex:|,isa:|,lastKnownFileType:|,path:|,sourceTree:|,,isa:PBXBuildFile,,displayName:States.h,fileRef:displayName:|,includeInIndex:|,isa:|,lastKnownFileType:|,path:|,sourceTree:|,,isa:PBXBuildFile,,displayName:ComponentDescriptors.h,fileRef:displayName:|,includeInIndex:|,isa:|,lastKnownFileType:|,path:|,sourceTree:|,,isa:PBXBuildFile,,displayName:EventEmitters.h,fileRef:displayName:|,includeInIndex:|,isa:|,lastKnownFileType:|,path:|,sourceTree:|,,isa:PBXBuildFile,,displayName:Props.h,fileRef:displayName:|,includeInIndex:|,isa:|,lastKnownFileType:|,path:|,sourceTree:|,,isa:PBXBuildFile,,displayName:RCTComponentViewHelpers.h,fileRef:displayName:|,includeInIndex:|,isa:|,lastKnownFileType:|,path:|,sourceTree:|,,isa:PBXBuildFile,,displayName:ShadowNodes.h,fileRef:displayName:|,includeInIndex:|,isa:|,lastKnownFileType:|,path:|,sourceTree:|,,isa:PBXBuildFile,,displayName:States.h,fileRef:displayName:|,includeInIndex:|,isa:|,lastKnownFileType:|,path:|,sourceTree:|,,isa:PBXBuildFile,,displayName:ComponentDescriptors.h,fileRef:displayName:|,includeInIndex:|,isa:|,lastKnownFileType:|,path:|,sourceTree:|,,isa:PBXBuildFile,,displayName:EventEmitters.h,fileRef:displayName:|,includeInIndex:|,isa:|,lastKnownFileType:|,path:|,sourceTree:|,,isa:PBXBuildFile,,displayName:Props.h,fileRef:displayName:|,includeInIndex:|,isa:|,lastKnownFileType:|,path:|,sourceTree:|,,isa:PBXBuildFile,,displayName:RCTComponentViewHelpers.h,fileRef:displayName:|,includeInIndex:|,isa:|,lastKnownFileType:|,path:|,sourceTree:|,,isa:PBXBuildFile,,displayName:ShadowNodes.h,fileRef:displayName:|,includeInIndex:|,isa:|,lastKnownFileType:|,path:|,sourceTree:|,,isa:PBXBuildFile,,displayName:States.h,fileRef:displayName:|,includeInIndex:|,isa:|,lastKnownFileType:|,path:|,sourceTree:|,,isa:PBXBuildFile,,displayName:ComponentDescriptors.h,fileRef:displayName:|,includeInIndex:|,isa:|,lastKnownFileType:|,path:|,sourceTree:|,,isa:PBXBuildFile,,displayName:EventEmitters.h,fileRef:displayName:|,includeInIndex:|,isa:|,lastKnownFileType:|,path:|,sourceTree:|,,isa:PBXBuildFile,,displayName:Props.h,fileRef:displayName:|,includeInIndex:|,isa:|,lastKnownFileType:|,path:|,sourceTree:|,,isa:PBXBuildFile,,displayName:RCTComponentViewHelpers.h,fileRef:displayName:|,includeInIndex:|,isa:|,lastKnownFileType:|,path:|,sourceTree:|,,isa:PBXBuildFile,,displayName:ShadowNodes.h,fileRef:displayName:|,includeInIndex:|,isa:|,lastKnownFileType:|,path:|,sourceTree:|,,isa:PBXBuildFile,,displayName:States.h,fileRef:displayName:|,includeInIndex:|,isa:|,lastKnownFileType:|,path:|,sourceTree:|,,isa:PBXBuildFile,,displayName:rnasyncstorage.h,fileRef:displayName:|,includeInIndex:|,isa:|,lastKnownFileType:|,path:|,sourceTree:|,,isa:PBXBuildFile,,displayName:rnasyncstorageJSI.h,fileRef:displayName:|,includeInIndex:|,isa:|,lastKnownFileType:|,path:|,sourceTree:|,,isa:PBXBuildFile,,displayName:RNCConfigModule.h,fileRef:displayName:|,includeInIndex:|,isa:|,lastKnownFileType:|,path:|,sourceTree:|,,isa:PBXBuildFile,,displayName:RNCConfigModuleJSI.h,fileRef:displayName:|,includeInIndex:|,isa:|,lastKnownFileType:|,path:|,sourceTree:|,,isa:PBXBuildFile,,displayName:rnclipboard.h,fileRef:displayName:|,includeInIndex:|,isa:|,lastKnownFileType:|,path:|,sourceTree:|,,isa:PBXBuildFile,,displayName:rnclipboardJSI.h,fileRef:displayName:|,includeInIndex:|,isa:|,lastKnownFileType:|,path:|,sourceTree:|,,isa:PBXBuildFile,,displayName:rngesturehandler_codegen.h,fileRef:displayName:|,includeInIndex:|,isa:|,lastKnownFileType:|,path:|,sourceTree:|,,isa:PBXBuildFile,,displayName:rngesturehandler_codegenJSI.h,fileRef:displayName:|,includeInIndex:|,isa:|,lastKnownFileType:|,path:|,sourceTree:|,,isa:PBXBuildFile,,displayName:RNGoogleSignInCGen.h,fileRef:displayName:|,includeInIndex:|,isa:|,lastKnownFileType:|,path:|,sourceTree:|,,isa:PBXBuildFile,,displayName:RNGoogleSignInCGenJSI.h,fileRef:displayName:|,includeInIndex:|,isa:|,lastKnownFileType:|,path:|,sourceTree:|,,isa:PBXBuildFile,,displayName:RNImagePickerSpec.h,fileRef:displayName:|,includeInIndex:|,isa:|,lastKnownFileType:|,path:|,sourceTree:|,,isa:PBXBuildFile,,displayName:RNImagePickerSpecJSI.h,fileRef:displayName:|,includeInIndex:|,isa:|,lastKnownFileType:|,path:|,sourceTree:|,,isa:PBXBuildFile,,displayName:rnpermissions.h,fileRef:displayName:|,includeInIndex:|,isa:|,lastKnownFileType:|,path:|,sourceTree:|,,isa:PBXBuildFile,,displayName:rnpermissionsJSI.h,fileRef:displayName:|,includeInIndex:|,isa:|,lastKnownFileType:|,path:|,sourceTree:|,,isa:PBXBuildFile,,displayName:rnreanimated.h,fileRef:displayName:|,includeInIndex:|,isa:|,lastKnownFileType:|,path:|,sourceTree:|,,isa:PBXBuildFile,,displayName:rnreanimatedJSI.h,fileRef:displayName:|,includeInIndex:|,isa:|,lastKnownFileType:|,path:|,sourceTree:|,,isa:PBXBuildFile,,displayName:rnscreens.h,fileRef:displayName:|,includeInIndex:|,isa:|,lastKnownFileType:|,path:|,sourceTree:|,,isa:PBXBuildFile,,displayName:rnscreensJSI.h,fileRef:displayName:|,includeInIndex:|,isa:|,lastKnownFileType:|,path:|,sourceTree:|,,isa:PBXBuildFile,,displayName:rnsvg.h,fileRef:displayName:|,includeInIndex:|,isa:|,lastKnownFileType:|,path:|,sourceTree:|,,isa:PBXBuildFile,,displayName:rnsvgJSI.h,fileRef:displayName:|,includeInIndex:|,isa:|,lastKnownFileType:|,path:|,sourceTree:|,,isa:PBXBuildFile,,displayName:RNVectorIconsSpec.h,fileRef:displayName:|,includeInIndex:|,isa:|,lastKnownFileType:|,path:|,sourceTree:|,,isa:PBXBuildFile,,displayName:RNVectorIconsSpecJSI.h,fileRef:displayName:|,includeInIndex:|,isa:|,lastKnownFileType:|,path:|,sourceTree:|,,isa:PBXBuildFile,,displayName:safeareacontext.h,fileRef:displayName:|,includeInIndex:|,isa:|,lastKnownFileType:|,path:|,sourceTree:|,,isa:PBXBuildFile,,displayName:safeareacontextJSI.h,fileRef:displayName:|,includeInIndex:|,isa:|,lastKnownFileType:|,path:|,sourceTree:|,,isa:PBXBuildFile,,displayName:React-Codegen-umbrella.h,fileRef:displayName:|,includeInIndex:|,isa:|,lastKnownFileType:|,path:|,sourceTree:|,,isa:PBXBuildFile,settings:ATTRIBUTES:|,,,isa:PBXHeadersBuildPhase,runOnlyForDeploymentPostprocessing:0,/files/displayName:RCTComponentViewHelpers.h,fileRef:displayName:RCTComponentViewHelpers.h,includeInIndex:1,isa:PBXFileReference,lastKnownFileType:sourcecode.c.h,path:RCTComponentViewHelpers.h,sourceTree:<group>,,isa:PBXBuildFile,
PBXBuildFile -- Pods.xcodeproj/targets/buildConfigurationList:buildConfigurations:baseConfigurationReference:|,buildSettings:|,displayName:|,isa:|,name:|,,baseConfigurationReference:|,buildSettings:|,displayName:|,isa:|,name:|,,defaultConfigurationIsVisible:0,defaultConfigurationName:Release,displayName:ConfigurationList,isa:XCConfigurationList,,buildPhases:buildActionMask:2147483647,displayName:Headers,files:|,|,|,|,|,|,|,|,|,|,|,|,|,|,|,|,|,|,|,|,|,|,|,|,|,|,|,|,isa:PBXHeadersBuildPhase,runOnlyForDeploymentPostprocessing:0,,buildActionMask:2147483647,displayName:Sources,files:|,|,|,|,|,|,|,|,|,|,|,|,|,|,|,|,|,|,|,|,|,|,|,isa:PBXSourcesBuildPhase,runOnlyForDeploymentPostprocessing:0,,buildActionMask:2147483647,displayName:Frameworks,files:|,isa:PBXFrameworksBuildPhase,runOnlyForDeploymentPostprocessing:0,,buildActionMask:2147483647,displayName:Resources,files:,isa:PBXResourcesBuildPhase,runOnlyForDeploymentPostprocessing:0,,buildRules:,dependencies:displayName:React-Core,isa:PBXTargetDependency,targetProxy:containerPortal:|,displayName:|,isa:|,proxyType:|,remoteGlobalIDString:|,remoteInfo:|,,,displayName:RCT-Folly,isa:PBXTargetDependency,targetProxy:containerPortal:|,displayName:|,isa:|,proxyType:|,remoteGlobalIDString:|,remoteInfo:|,,,displayName:glog,isa:PBXTargetDependency,targetProxy:containerPortal:|,displayName:|,isa:|,proxyType:|,remoteGlobalIDString:|,remoteInfo:|,,,displayName:React-RCTFabric,isa:PBXTargetDependency,targetProxy:containerPortal:|,displayName:|,isa:|,proxyType:|,remoteGlobalIDString:|,remoteInfo:|,,,displayName:React-Codegen,isa:PBXTargetDependency,targetProxy:containerPortal:|,displayName:|,isa:|,proxyType:|,remoteGlobalIDString:|,remoteInfo:|,,,displayName:RCTRequired,isa:PBXTargetDependency,targetProxy:containerPortal:|,displayName:|,isa:|,proxyType:|,remoteGlobalIDString:|,remoteInfo:|,,,displayName:RCTTypeSafety,isa:PBXTargetDependency,targetProxy:containerPortal:|,displayName:|,isa:|,proxyType:|,remoteGlobalIDString:|,remoteInfo:|,,,displayName:ReactCommon,isa:PBXTargetDependency,targetProxy:containerPortal:|,displayName:|,isa:|,proxyType:|,remoteGlobalIDString:|,remoteInfo:|,,,displayName:React-NativeModulesApple,isa:PBXTargetDependency,targetProxy:containerPortal:|,displayName:|,isa:|,proxyType:|,remoteGlobalIDString:|,remoteInfo:|,,,displayName:Yoga,isa:PBXTargetDependency,targetProxy:containerPortal:|,displayName:|,isa:|,proxyType:|,remoteGlobalIDString:|,remoteInfo:|,,,displayName:React-Fabric,isa:PBXTargetDependency,targetProxy:containerPortal:|,displayName:|,isa:|,proxyType:|,remoteGlobalIDString:|,remoteInfo:|,,,displayName:React-graphics,isa:PBXTargetDependency,targetProxy:containerPortal:|,displayName:|,isa:|,proxyType:|,remoteGlobalIDString:|,remoteInfo:|,,,displayName:React-utils,isa:PBXTargetDependency,targetProxy:containerPortal:|,displayName:|,isa:|,proxyType:|,remoteGlobalIDString:|,remoteInfo:|,,,displayName:React-featureflags,isa:PBXTargetDependency,targetProxy:containerPortal:|,displayName:|,isa:|,proxyType:|,remoteGlobalIDString:|,remoteInfo:|,,,displayName:React-debug,isa:PBXTargetDependency,targetProxy:containerPortal:|,displayName:|,isa:|,proxyType:|,remoteGlobalIDString:|,remoteInfo:|,,,displayName:React-ImageManager,isa:PBXTargetDependency,targetProxy:containerPortal:|,displayName:|,isa:|,proxyType:|,remoteGlobalIDString:|,remoteInfo:|,,,displayName:React-rendererdebug,isa:PBXTargetDependency,targetProxy:containerPortal:|,displayName:|,isa:|,proxyType:|,remoteGlobalIDString:|,remoteInfo:|,,,displayName:DoubleConversion,isa:PBXTargetDependency,targetProxy:containerPortal:|,displayName:|,isa:|,proxyType:|,remoteGlobalIDString:|,remoteInfo:|,,,displayName:React-jsi,isa:PBXTargetDependency,targetProxy:containerPortal:|,displayName:|,isa:|,proxyType:|,remoteGlobalIDString:|,remoteInfo:|,,,displayName:RNGestureHandler,fileSystemSynchronizedGroups:,isa:PBXNativeTarget,name:RNGestureHandler,packageProductDependencies:,productName:RNGestureHandler,productReference:displayName:RNGestureHandler,explicitFileType:wrapper.framework,includeInIndex:0,isa:PBXFileReference,name:RNGestureHandler,path:RNGestureHandler.framework,sourceTree:BUILT_PRODUCTS_DIR,,productType:com.apple.product-type.framework,/dependencies/displayName:React-RCTFabric,isa:PBXTargetDependency,targetProxy:containerPortal:46EB2E00000000,displayName:ContainerItemProxy,isa:PBXContainerItemProxy,proxyType:1,remoteGlobalIDString:46EB2E00020EA0,remoteInfo:React-RCTFabric,,/target/dependencies/displayName:React-RCTImage,isa:PBXTargetDependency,targetProxy:containerPortal:46EB2E00000000,displayName:ContainerItemProxy,isa:PBXContainerItemProxy,proxyType:1,remoteGlobalIDString:46EB2E000215E0,remoteInfo:React-RCTImage,,/target/dependencies/displayName:React-RCTNetwork,isa:PBXTargetDependency,targetProxy:containerPortal:46EB2E00000000,displayName:ContainerItemProxy,isa:PBXContainerItemProxy,proxyType:1,remoteGlobalIDString:46EB2E000219A0,remoteInfo:React-RCTNetwork,,/target/dependencies/displayName:React-Codegen,isa:PBXTargetDependency,targetProxy:containerPortal:46EB2E00000000,displayName:ContainerItemProxy,isa:PBXContainerItemProxy,proxyType:1,remoteGlobalIDString:46EB2E0001AAC0,remoteInfo:React-Codegen,,/target/buildPhases/buildActionMask:2147483647,displayName:Headers,files:displayName:FBReactNativeSpec.h,fileRef:displayName:|,includeInIndex:|,isa:|,lastKnownFileType:|,path:|,sourceTree:|,,isa:PBXBuildFile,,displayName:FBReactNativeSpecJSI.h,fileRef:displayName:|,includeInIndex:|,isa:|,lastKnownFileType:|,path:|,sourceTree:|,,isa:PBXBuildFile,,displayName:RCTModulesConformingToProtocolsProvider.h,fileRef:displayName:|,includeInIndex:|,isa:|,lastKnownFileType:|,path:|,sourceTree:|,,isa:PBXBuildFile,,displayName:ComponentDescriptors.h,fileRef:displayName:|,includeInIndex:|,isa:|,lastKnownFileType:|,path:|,sourceTree:|,,isa:PBXBuildFile,,displayName:EventEmitters.h,fileRef:displayName:|,includeInIndex:|,isa:|,lastKnownFileType:|,path:|,sourceTree:|,,isa:PBXBuildFile,,displayName:Props.h,fileRef:displayName:|,includeInIndex:|,isa:|,lastKnownFileType:|,path:|,sourceTree:|,,isa:PBXBuildFile,,displayName:RCTComponentViewHelpers.h,fileRef:displayName:|,includeInIndex:|,isa:|,lastKnownFileType:|,path:|,sourceTree:|,,isa:PBXBuildFile,,displayName:ShadowNodes.h,fileRef:displayName:|,includeInIndex:|,isa:|,lastKnownFileType:|,path:|,sourceTree:|,,isa:PBXBuildFile,,displayName:States.h,fileRef:displayName:|,includeInIndex:|,isa:|,lastKnownFileType:|,path:|,sourceTree:|,,isa:PBXBuildFile,,displayName:ComponentDescriptors.h,fileRef:displayName:|,includeInIndex:|,isa:|,lastKnownFileType:|,path:|,sourceTree:|,,isa:PBXBuildFile,,displayName:EventEmitters.h,fileRef:displayName:|,includeInIndex:|,isa:|,lastKnownFileType:|,path:|,sourceTree:|,,isa:PBXBuildFile,,displayName:Props.h,fileRef:displayName:|,includeInIndex:|,isa:|,lastKnownFileType:|,path:|,sourceTree:|,,isa:PBXBuildFile,,displayName:RCTComponentViewHelpers.h,fileRef:displayName:|,includeInIndex:|,isa:|,lastKnownFileType:|,path:|,sourceTree:|,,isa:PBXBuildFile,,displayName:ShadowNodes.h,fileRef:displayName:|,includeInIndex:|,isa:|,lastKnownFileType:|,path:|,sourceTree:|,,isa:PBXBuildFile,,displayName:States.h,fileRef:displayName:|,includeInIndex:|,isa:|,lastKnownFileType:|,path:|,sourceTree:|,,isa:PBXBuildFile,,displayName:ComponentDescriptors.h,fileRef:displayName:|,includeInIndex:|,isa:|,lastKnownFileType:|,path:|,sourceTree:|,,isa:PBXBuildFile,,displayName:EventEmitters.h,fileRef:displayName:|,includeInIndex:|,isa:|,lastKnownFileType:|,path:|,sourceTree:|,,isa:PBXBuildFile,,displayName:Props.h,fileRef:displayName:|,includeInIndex:|,isa:|,lastKnownFileType:|,path:|,sourceTree:|,,isa:PBXBuildFile,,displayName:RCTComponentViewHelpers.h,fileRef:displayName:|,includeInIndex:|,isa:|,lastKnownFileType:|,path:|,sourceTree:|,,isa:PBXBuildFile,,displayName:ShadowNodes.h,fileRef:displayName:|,includeInIndex:|,isa:|,lastKnownFileType:|,path:|,sourceTree:|,,isa:PBXBuildFile,,displayName:States.h,fileRef:displayName:|,includeInIndex:|,isa:|,lastKnownFileType:|,path:|,sourceTree:|,,isa:PBXBuildFile,,displayName:ComponentDescriptors.h,fileRef:displayName:|,includeInIndex:|,isa:|,lastKnownFileType:|,path:|,sourceTree:|,,isa:PBXBuildFile,,displayName:EventEmitters.h,fileRef:displayName:|,includeInIndex:|,isa:|,lastKnownFileType:|,path:|,sourceTree:|,,isa:PBXBuildFile,,displayName:Props.h,fileRef:displayName:|,includeInIndex:|,isa:|,lastKnownFileType:|,path:|,sourceTree:|,,isa:PBXBuildFile,,displayName:RCTComponentViewHelpers.h,fileRef:displayName:|,includeInIndex:|,isa:|,lastKnownFileType:|,path:|,sourceTree:|,,isa:PBXBuildFile,,displayName:ShadowNodes.h,fileRef:displayName:|,includeInIndex:|,isa:|,lastKnownFileType:|,path:|,sourceTree:|,,isa:PBXBuildFile,,displayName:States.h,fileRef:displayName:|,includeInIndex:|,isa:|,lastKnownFileType:|,path:|,sourceTree:|,,isa:PBXBuildFile,,displayName:ComponentDescriptors.h,fileRef:displayName:|,includeInIndex:|,isa:|,lastKnownFileType:|,path:|,sourceTree:|,,isa:PBXBuildFile,,displayName:EventEmitters.h,fileRef:displayName:|,includeInIndex:|,isa:|,lastKnownFileType:|,path:|,sourceTree:|,,isa:PBXBuildFile,,displayName:Props.h,fileRef:displayName:|,includeInIndex:|,isa:|,lastKnownFileType:|,path:|,sourceTree:|,,isa:PBXBuildFile,,displayName:RCTComponentViewHelpers.h,fileRef:displayName:|,includeInIndex:|,isa:|,lastKnownFileType:|,path:|,sourceTree:|,,isa:PBXBuildFile,,displayName:ShadowNodes.h,fileRef:displayName:|,includeInIndex:|,isa:|,lastKnownFileType:|,path:|,sourceTree:|,,isa:PBXBuildFile,,displayName:States.h,fileRef:displayName:|,includeInIndex:|,isa:|,lastKnownFileType:|,path:|,sourceTree:|,,isa:PBXBuildFile,,displayName:ComponentDescriptors.h,fileRef:displayName:|,includeInIndex:|,isa:|,lastKnownFileType:|,path:|,sourceTree:|,,isa:PBXBuildFile,,displayName:EventEmitters.h,fileRef:displayName:|,includeInIndex:|,isa:|,lastKnownFileType:|,path:|,sourceTree:|,,isa:PBXBuildFile,,displayName:Props.h,fileRef:displayName:|,includeInIndex:|,isa:|,lastKnownFileType:|,path:|,sourceTree:|,,isa:PBXBuildFile,,displayName:RCTComponentViewHelpers.h,fileRef:displayName:|,includeInIndex:|,isa:|,lastKnownFileType:|,path:|,sourceTree:|,,isa:PBXBuildFile,,displayName:ShadowNodes.h,fileRef:displayName:|,includeInIndex:|,isa:|,lastKnownFileType:|,path:|,sourceTree:|,,isa:PBXBuildFile,,displayName:States.h,fileRef:displayName:|,includeInIndex:|,isa:|,lastKnownFileType:|,path:|,sourceTree:|,,isa:PBXBuildFile,,displayName:rnasyncstorage.h,fileRef:displayName:|,includeInIndex:|,isa:|,lastKnownFileType:|,path:|,sourceTree:|,,isa:PBXBuildFile,,displayName:rnasyncstorageJSI.h,fileRef:displayName:|,includeInIndex:|,isa:|,lastKnownFileType:|,path:|,sourceTree:|,,isa:PBXBuildFile,,displayName:RNCConfigModule.h,fileRef:displayName:|,includeInIndex:|,isa:|,lastKnownFileType:|,path:|,sourceTree:|,,isa:PBXBuildFile,,displayName:RNCConfigModuleJSI.h,fileRef:displayName:|,includeInIndex:|,isa:|,lastKnownFileType:|,path:|,sourceTree:|,,isa:PBXBuildFile,,displayName:rnclipboard.h,fileRef:displayName:|,includeInIndex:|,isa:|,lastKnownFileType:|,path:|,sourceTree:|,,isa:PBXBuildFile,,displayName:rnclipboardJSI.h,fileRef:displayName:|,includeInIndex:|,isa:|,lastKnownFileType:|,path:|,sourceTree:|,,isa:PBXBuildFile,,displayName:rngesturehandler_codegen.h,fileRef:displayName:|,includeInIndex:|,isa:|,lastKnownFileType:|,path:|,sourceTree:|,,isa:PBXBuildFile,,displayName:rngesturehandler_codegenJSI.h,fileRef:displayName:|,includeInIndex:|,isa:|,lastKnownFileType:|,path:|,sourceTree:|,,isa:PBXBuildFile,,displayName:RNGoogleSignInCGen.h,fileRef:displayName:|,includeInIndex:|,isa:|,lastKnownFileType:|,path:|,sourceTree:|,,isa:PBXBuildFile,,displayName:RNGoogleSignInCGenJSI.h,fileRef:displayName:|,includeInIndex:|,isa:|,lastKnownFileType:|,path:|,sourceTree:|,,isa:PBXBuildFile,,displayName:RNImagePickerSpec.h,fileRef:displayName:|,includeInIndex:|,isa:|,lastKnownFileType:|,path:|,sourceTree:|,,isa:PBXBuildFile,,displayName:RNImagePickerSpecJSI.h,fileRef:displayName:|,includeInIndex:|,isa:|,lastKnownFileType:|,path:|,sourceTree:|,,isa:PBXBuildFile,,displayName:rnpermissions.h,fileRef:displayName:|,includeInIndex:|,isa:|,lastKnownFileType:|,path:|,sourceTree:|,,isa:PBXBuildFile,,displayName:rnpermissionsJSI.h,fileRef:displayName:|,includeInIndex:|,isa:|,lastKnownFileType:|,path:|,sourceTree:|,,isa:PBXBuildFile,,displayName:rnreanimated.h,fileRef:displayName:|,includeInIndex:|,isa:|,lastKnownFileType:|,path:|,sourceTree:|,,isa:PBXBuildFile,,displayName:rnreanimatedJSI.h,fileRef:displayName:|,includeInIndex:|,isa:|,lastKnownFileType:|,path:|,sourceTree:|,,isa:PBXBuildFile,,displayName:rnscreens.h,fileRef:displayName:|,includeInIndex:|,isa:|,lastKnownFileType:|,path:|,sourceTree:|,,isa:PBXBuildFile,,displayName:rnscreensJSI.h,fileRef:displayName:|,includeInIndex:|,isa:|,lastKnownFileType:|,path:|,sourceTree:|,,isa:PBXBuildFile,,displayName:rnsvg.h,fileRef:displayName:|,includeInIndex:|,isa:|,lastKnownFileType:|,path:|,sourceTree:|,,isa:PBXBuildFile,,displayName:rnsvgJSI.h,fileRef:displayName:|,includeInIndex:|,isa:|,lastKnownFileType:|,path:|,sourceTree:|,,isa:PBXBuildFile,,displayName:RNVectorIconsSpec.h,fileRef:displayName:|,includeInIndex:|,isa:|,lastKnownFileType:|,path:|,sourceTree:|,,isa:PBXBuildFile,,displayName:RNVectorIconsSpecJSI.h,fileRef:displayName:|,includeInIndex:|,isa:|,lastKnownFileType:|,path:|,sourceTree:|,,isa:PBXBuildFile,,displayName:safeareacontext.h,fileRef:displayName:|,includeInIndex:|,isa:|,lastKnownFileType:|,path:|,sourceTree:|,,isa:PBXBuildFile,,displayName:safeareacontextJSI.h,fileRef:displayName:|,includeInIndex:|,isa:|,lastKnownFileType:|,path:|,sourceTree:|,,isa:PBXBuildFile,,displayName:React-Codegen-umbrella.h,fileRef:displayName:|,includeInIndex:|,isa:|,lastKnownFileType:|,path:|,sourceTree:|,,isa:PBXBuildFile,settings:ATTRIBUTES:|,,,isa:PBXHeadersBuildPhase,runOnlyForDeploymentPostprocessing:0,/files/displayName:ShadowNodes.h,fileRef:displayName:ShadowNodes.h,includeInIndex:1,isa:PBXFileReference,lastKnownFileType:sourcecode.c.h,path:ShadowNodes.h,sourceTree:<group>,,isa:PBXBuildFile,
PBXBuildFile -- Pods.xcodeproj/targets/buildConfigurationList:buildConfigurations:baseConfigurationReference:|,buildSettings:|,displayName:|,isa:|,name:|,,baseConfigurationReference:|,buildSettings:|,displayName:|,isa:|,name:|,,defaultConfigurationIsVisible:0,defaultConfigurationName:Release,displayName:ConfigurationList,isa:XCConfigurationList,,buildPhases:buildActionMask:2147483647,displayName:Headers,files:|,|,|,|,|,|,|,|,|,|,|,|,|,|,|,|,|,|,|,|,|,|,|,|,|,|,|,|,isa:PBXHeadersBuildPhase,runOnlyForDeploymentPostprocessing:0,,buildActionMask:2147483647,displayName:Sources,files:|,|,|,|,|,|,|,|,|,|,|,|,|,|,|,|,|,|,|,|,|,|,|,isa:PBXSourcesBuildPhase,runOnlyForDeploymentPostprocessing:0,,buildActionMask:2147483647,displayName:Frameworks,files:|,isa:PBXFrameworksBuildPhase,runOnlyForDeploymentPostprocessing:0,,buildActionMask:2147483647,displayName:Resources,files:,isa:PBXResourcesBuildPhase,runOnlyForDeploymentPostprocessing:0,,buildRules:,dependencies:displayName:React-Core,isa:PBXTargetDependency,targetProxy:containerPortal:|,displayName:|,isa:|,proxyType:|,remoteGlobalIDString:|,remoteInfo:|,,,displayName:RCT-Folly,isa:PBXTargetDependency,targetProxy:containerPortal:|,displayName:|,isa:|,proxyType:|,remoteGlobalIDString:|,remoteInfo:|,,,displayName:glog,isa:PBXTargetDependency,targetProxy:containerPortal:|,displayName:|,isa:|,proxyType:|,remoteGlobalIDString:|,remoteInfo:|,,,displayName:React-RCTFabric,isa:PBXTargetDependency,targetProxy:containerPortal:|,displayName:|,isa:|,proxyType:|,remoteGlobalIDString:|,remoteInfo:|,,,displayName:React-Codegen,isa:PBXTargetDependency,targetProxy:containerPortal:|,displayName:|,isa:|,proxyType:|,remoteGlobalIDString:|,remoteInfo:|,,,displayName:RCTRequired,isa:PBXTargetDependency,targetProxy:containerPortal:|,displayName:|,isa:|,proxyType:|,remoteGlobalIDString:|,remoteInfo:|,,,displayName:RCTTypeSafety,isa:PBXTargetDependency,targetProxy:containerPortal:|,displayName:|,isa:|,proxyType:|,remoteGlobalIDString:|,remoteInfo:|,,,displayName:ReactCommon,isa:PBXTargetDependency,targetProxy:containerPortal:|,displayName:|,isa:|,proxyType:|,remoteGlobalIDString:|,remoteInfo:|,,,displayName:React-NativeModulesApple,isa:PBXTargetDependency,targetProxy:containerPortal:|,displayName:|,isa:|,proxyType:|,remoteGlobalIDString:|,remoteInfo:|,,,displayName:Yoga,isa:PBXTargetDependency,targetProxy:containerPortal:|,displayName:|,isa:|,proxyType:|,remoteGlobalIDString:|,remoteInfo:|,,,displayName:React-Fabric,isa:PBXTargetDependency,targetProxy:containerPortal:|,displayName:|,isa:|,proxyType:|,remoteGlobalIDString:|,remoteInfo:|,,,displayName:React-graphics,isa:PBXTargetDependency,targetProxy:containerPortal:|,displayName:|,isa:|,proxyType:|,remoteGlobalIDString:|,remoteInfo:|,,,displayName:React-utils,isa:PBXTargetDependency,targetProxy:containerPortal:|,displayName:|,isa:|,proxyType:|,remoteGlobalIDString:|,remoteInfo:|,,,displayName:React-featureflags,isa:PBXTargetDependency,targetProxy:containerPortal:|,displayName:|,isa:|,proxyType:|,remoteGlobalIDString:|,remoteInfo:|,,,displayName:React-debug,isa:PBXTargetDependency,targetProxy:containerPortal:|,displayName:|,isa:|,proxyType:|,remoteGlobalIDString:|,remoteInfo:|,,,displayName:React-ImageManager,isa:PBXTargetDependency,targetProxy:containerPortal:|,displayName:|,isa:|,proxyType:|,remoteGlobalIDString:|,remoteInfo:|,,,displayName:React-rendererdebug,isa:PBXTargetDependency,targetProxy:containerPortal:|,displayName:|,isa:|,proxyType:|,remoteGlobalIDString:|,remoteInfo:|,,,displayName:DoubleConversion,isa:PBXTargetDependency,targetProxy:containerPortal:|,displayName:|,isa:|,proxyType:|,remoteGlobalIDString:|,remoteInfo:|,,,displayName:React-jsi,isa:PBXTargetDependency,targetProxy:containerPortal:|,displayName:|,isa:|,proxyType:|,remoteGlobalIDString:|,remoteInfo:|,,,displayName:RNGestureHandler,fileSystemSynchronizedGroups:,isa:PBXNativeTarget,name:RNGestureHandler,packageProductDependencies:,productName:RNGestureHandler,productReference:displayName:RNGestureHandler,explicitFileType:wrapper.framework,includeInIndex:0,isa:PBXFileReference,name:RNGestureHandler,path:RNGestureHandler.framework,sourceTree:BUILT_PRODUCTS_DIR,,productType:com.apple.product-type.framework,/dependencies/displayName:React-RCTFabric,isa:PBXTargetDependency,targetProxy:containerPortal:46EB2E00000000,displayName:ContainerItemProxy,isa:PBXContainerItemProxy,proxyType:1,remoteGlobalIDString:46EB2E00020EA0,remoteInfo:React-RCTFabric,,/target/dependencies/displayName:React-RCTImage,isa:PBXTargetDependency,targetProxy:containerPortal:46EB2E00000000,displayName:ContainerItemProxy,isa:PBXContainerItemProxy,proxyType:1,remoteGlobalIDString:46EB2E000215E0,remoteInfo:React-RCTImage,,/target/dependencies/displayName:React-RCTNetwork,isa:PBXTargetDependency,targetProxy:containerPortal:46EB2E00000000,displayName:ContainerItemProxy,isa:PBXContainerItemProxy,proxyType:1,remoteGlobalIDString:46EB2E000219A0,remoteInfo:React-RCTNetwork,,/target/dependencies/displayName:React-Codegen,isa:PBXTargetDependency,targetProxy:containerPortal:46EB2E00000000,displayName:ContainerItemProxy,isa:PBXContainerItemProxy,proxyType:1,remoteGlobalIDString:46EB2E0001AAC0,remoteInfo:React-Codegen,,/target/buildPhases/buildActionMask:2147483647,displayName:Headers,files:displayName:FBReactNativeSpec.h,fileRef:displayName:|,includeInIndex:|,isa:|,lastKnownFileType:|,path:|,sourceTree:|,,isa:PBXBuildFile,,displayName:FBReactNativeSpecJSI.h,fileRef:displayName:|,includeInIndex:|,isa:|,lastKnownFileType:|,path:|,sourceTree:|,,isa:PBXBuildFile,,displayName:RCTModulesConformingToProtocolsProvider.h,fileRef:displayName:|,includeInIndex:|,isa:|,lastKnownFileType:|,path:|,sourceTree:|,,isa:PBXBuildFile,,displayName:ComponentDescriptors.h,fileRef:displayName:|,includeInIndex:|,isa:|,lastKnownFileType:|,path:|,sourceTree:|,,isa:PBXBuildFile,,displayName:EventEmitters.h,fileRef:displayName:|,includeInIndex:|,isa:|,lastKnownFileType:|,path:|,sourceTree:|,,isa:PBXBuildFile,,displayName:Props.h,fileRef:displayName:|,includeInIndex:|,isa:|,lastKnownFileType:|,path:|,sourceTree:|,,isa:PBXBuildFile,,displayName:RCTComponentViewHelpers.h,fileRef:displayName:|,includeInIndex:|,isa:|,lastKnownFileType:|,path:|,sourceTree:|,,isa:PBXBuildFile,,displayName:ShadowNodes.h,fileRef:displayName:|,includeInIndex:|,isa:|,lastKnownFileType:|,path:|,sourceTree:|,,isa:PBXBuildFile,,displayName:States.h,fileRef:displayName:|,includeInIndex:|,isa:|,lastKnownFileType:|,path:|,sourceTree:|,,isa:PBXBuildFile,,displayName:ComponentDescriptors.h,fileRef:displayName:|,includeInIndex:|,isa:|,lastKnownFileType:|,path:|,sourceTree:|,,isa:PBXBuildFile,,displayName:EventEmitters.h,fileRef:displayName:|,includeInIndex:|,isa:|,lastKnownFileType:|,path:|,sourceTree:|,,isa:PBXBuildFile,,displayName:Props.h,fileRef:displayName:|,includeInIndex:|,isa:|,lastKnownFileType:|,path:|,sourceTree:|,,isa:PBXBuildFile,,displayName:RCTComponentViewHelpers.h,fileRef:displayName:|,includeInIndex:|,isa:|,lastKnownFileType:|,path:|,sourceTree:|,,isa:PBXBuildFile,,displayName:ShadowNodes.h,fileRef:displayName:|,includeInIndex:|,isa:|,lastKnownFileType:|,path:|,sourceTree:|,,isa:PBXBuildFile,,displayName:States.h,fileRef:displayName:|,includeInIndex:|,isa:|,lastKnownFileType:|,path:|,sourceTree:|,,isa:PBXBuildFile,,displayName:ComponentDescriptors.h,fileRef:displayName:|,includeInIndex:|,isa:|,lastKnownFileType:|,path:|,sourceTree:|,,isa:PBXBuildFile,,displayName:EventEmitters.h,fileRef:displayName:|,includeInIndex:|,isa:|,lastKnownFileType:|,path:|,sourceTree:|,,isa:PBXBuildFile,,displayName:Props.h,fileRef:displayName:|,includeInIndex:|,isa:|,lastKnownFileType:|,path:|,sourceTree:|,,isa:PBXBuildFile,,displayName:RCTComponentViewHelpers.h,fileRef:displayName:|,includeInIndex:|,isa:|,lastKnownFileType:|,path:|,sourceTree:|,,isa:PBXBuildFile,,displayName:ShadowNodes.h,fileRef:displayName:|,includeInIndex:|,isa:|,lastKnownFileType:|,path:|,sourceTree:|,,isa:PBXBuildFile,,displayName:States.h,fileRef:displayName:|,includeInIndex:|,isa:|,lastKnownFileType:|,path:|,sourceTree:|,,isa:PBXBuildFile,,displayName:ComponentDescriptors.h,fileRef:displayName:|,includeInIndex:|,isa:|,lastKnownFileType:|,path:|,sourceTree:|,,isa:PBXBuildFile,,displayName:EventEmitters.h,fileRef:displayName:|,includeInIndex:|,isa:|,lastKnownFileType:|,path:|,sourceTree:|,,isa:PBXBuildFile,,displayName:Props.h,fileRef:displayName:|,includeInIndex:|,isa:|,lastKnownFileType:|,path:|,sourceTree:|,,isa:PBXBuildFile,,displayName:RCTComponentViewHelpers.h,fileRef:displayName:|,includeInIndex:|,isa:|,lastKnownFileType:|,path:|,sourceTree:|,,isa:PBXBuildFile,,displayName:ShadowNodes.h,fileRef:displayName:|,includeInIndex:|,isa:|,lastKnownFileType:|,path:|,sourceTree:|,,isa:PBXBuildFile,,displayName:States.h,fileRef:displayName:|,includeInIndex:|,isa:|,lastKnownFileType:|,path:|,sourceTree:|,,isa:PBXBuildFile,,displayName:ComponentDescriptors.h,fileRef:displayName:|,includeInIndex:|,isa:|,lastKnownFileType:|,path:|,sourceTree:|,,isa:PBXBuildFile,,displayName:EventEmitters.h,fileRef:displayName:|,includeInIndex:|,isa:|,lastKnownFileType:|,path:|,sourceTree:|,,isa:PBXBuildFile,,displayName:Props.h,fileRef:displayName:|,includeInIndex:|,isa:|,lastKnownFileType:|,path:|,sourceTree:|,,isa:PBXBuildFile,,displayName:RCTComponentViewHelpers.h,fileRef:displayName:|,includeInIndex:|,isa:|,lastKnownFileType:|,path:|,sourceTree:|,,isa:PBXBuildFile,,displayName:ShadowNodes.h,fileRef:displayName:|,includeInIndex:|,isa:|,lastKnownFileType:|,path:|,sourceTree:|,,isa:PBXBuildFile,,displayName:States.h,fileRef:displayName:|,includeInIndex:|,isa:|,lastKnownFileType:|,path:|,sourceTree:|,,isa:PBXBuildFile,,displayName:ComponentDescriptors.h,fileRef:displayName:|,includeInIndex:|,isa:|,lastKnownFileType:|,path:|,sourceTree:|,,isa:PBXBuildFile,,displayName:EventEmitters.h,fileRef:displayName:|,includeInIndex:|,isa:|,lastKnownFileType:|,path:|,sourceTree:|,,isa:PBXBuildFile,,displayName:Props.h,fileRef:displayName:|,includeInIndex:|,isa:|,lastKnownFileType:|,path:|,sourceTree:|,,isa:PBXBuildFile,,displayName:RCTComponentViewHelpers.h,fileRef:displayName:|,includeInIndex:|,isa:|,lastKnownFileType:|,path:|,sourceTree:|,,isa:PBXBuildFile,,displayName:ShadowNodes.h,fileRef:displayName:|,includeInIndex:|,isa:|,lastKnownFileType:|,path:|,sourceTree:|,,isa:PBXBuildFile,,displayName:States.h,fileRef:displayName:|,includeInIndex:|,isa:|,lastKnownFileType:|,path:|,sourceTree:|,,isa:PBXBuildFile,,displayName:rnasyncstorage.h,fileRef:displayName:|,includeInIndex:|,isa:|,lastKnownFileType:|,path:|,sourceTree:|,,isa:PBXBuildFile,,displayName:rnasyncstorageJSI.h,fileRef:displayName:|,includeInIndex:|,isa:|,lastKnownFileType:|,path:|,sourceTree:|,,isa:PBXBuildFile,,displayName:RNCConfigModule.h,fileRef:displayName:|,includeInIndex:|,isa:|,lastKnownFileType:|,path:|,sourceTree:|,,isa:PBXBuildFile,,displayName:RNCConfigModuleJSI.h,fileRef:displayName:|,includeInIndex:|,isa:|,lastKnownFileType:|,path:|,sourceTree:|,,isa:PBXBuildFile,,displayName:rnclipboard.h,fileRef:displayName:|,includeInIndex:|,isa:|,lastKnownFileType:|,path:|,sourceTree:|,,isa:PBXBuildFile,,displayName:rnclipboardJSI.h,fileRef:displayName:|,includeInIndex:|,isa:|,lastKnownFileType:|,path:|,sourceTree:|,,isa:PBXBuildFile,,displayName:rngesturehandler_codegen.h,fileRef:displayName:|,includeInIndex:|,isa:|,lastKnownFileType:|,path:|,sourceTree:|,,isa:PBXBuildFile,,displayName:rngesturehandler_codegenJSI.h,fileRef:displayName:|,includeInIndex:|,isa:|,lastKnownFileType:|,path:|,sourceTree:|,,isa:PBXBuildFile,,displayName:RNGoogleSignInCGen.h,fileRef:displayName:|,includeInIndex:|,isa:|,lastKnownFileType:|,path:|,sourceTree:|,,isa:PBXBuildFile,,displayName:RNGoogleSignInCGenJSI.h,fileRef:displayName:|,includeInIndex:|,isa:|,lastKnownFileType:|,path:|,sourceTree:|,,isa:PBXBuildFile,,displayName:RNImagePickerSpec.h,fileRef:displayName:|,includeInIndex:|,isa:|,lastKnownFileType:|,path:|,sourceTree:|,,isa:PBXBuildFile,,displayName:RNImagePickerSpecJSI.h,fileRef:displayName:|,includeInIndex:|,isa:|,lastKnownFileType:|,path:|,sourceTree:|,,isa:PBXBuildFile,,displayName:rnpermissions.h,fileRef:displayName:|,includeInIndex:|,isa:|,lastKnownFileType:|,path:|,sourceTree:|,,isa:PBXBuildFile,,displayName:rnpermissionsJSI.h,fileRef:displayName:|,includeInIndex:|,isa:|,lastKnownFileType:|,path:|,sourceTree:|,,isa:PBXBuildFile,,displayName:rnreanimated.h,fileRef:displayName:|,includeInIndex:|,isa:|,lastKnownFileType:|,path:|,sourceTree:|,,isa:PBXBuildFile,,displayName:rnreanimatedJSI.h,fileRef:displayName:|,includeInIndex:|,isa:|,lastKnownFileType:|,path:|,sourceTree:|,,isa:PBXBuildFile,,displayName:rnscreens.h,fileRef:displayName:|,includeInIndex:|,isa:|,lastKnownFileType:|,path:|,sourceTree:|,,isa:PBXBuildFile,,displayName:rnscreensJSI.h,fileRef:displayName:|,includeInIndex:|,isa:|,lastKnownFileType:|,path:|,sourceTree:|,,isa:PBXBuildFile,,displayName:rnsvg.h,fileRef:displayName:|,includeInIndex:|,isa:|,lastKnownFileType:|,path:|,sourceTree:|,,isa:PBXBuildFile,,displayName:rnsvgJSI.h,fileRef:displayName:|,includeInIndex:|,isa:|,lastKnownFileType:|,path:|,sourceTree:|,,isa:PBXBuildFile,,displayName:RNVectorIconsSpec.h,fileRef:displayName:|,includeInIndex:|,isa:|,lastKnownFileType:|,path:|,sourceTree:|,,isa:PBXBuildFile,,displayName:RNVectorIconsSpecJSI.h,fileRef:displayName:|,includeInIndex:|,isa:|,lastKnownFileType:|,path:|,sourceTree:|,,isa:PBXBuildFile,,displayName:safeareacontext.h,fileRef:displayName:|,includeInIndex:|,isa:|,lastKnownFileType:|,path:|,sourceTree:|,,isa:PBXBuildFile,,displayName:safeareacontextJSI.h,fileRef:displayName:|,includeInIndex:|,isa:|,lastKnownFileType:|,path:|,sourceTree:|,,isa:PBXBuildFile,,displayName:React-Codegen-umbrella.h,fileRef:displayName:|,includeInIndex:|,isa:|,lastKnownFileType:|,path:|,sourceTree:|,,isa:PBXBuildFile,settings:ATTRIBUTES:|,,,isa:PBXHeadersBuildPhase,runOnlyForDeploymentPostprocessing:0,/files/displayName:States.h,fileRef:displayName:States.h,includeInIndex:1,isa:PBXFileReference,lastKnownFileType:sourcecode.c.h,path:States.h,sourceTree:<group>,,isa:PBXBuildFile,
PBXBuildFile -- Pods.xcodeproj/targets/buildConfigurationList:buildConfigurations:baseConfigurationReference:|,buildSettings:|,displayName:|,isa:|,name:|,,baseConfigurationReference:|,buildSettings:|,displayName:|,isa:|,name:|,,defaultConfigurationIsVisible:0,defaultConfigurationName:Release,displayName:ConfigurationList,isa:XCConfigurationList,,buildPhases:buildActionMask:2147483647,displayName:Headers,files:|,|,|,|,isa:PBXHeadersBuildPhase,runOnlyForDeploymentPostprocessing:0,,buildActionMask:2147483647,displayName:Sources,files:|,|,|,|,isa:PBXSourcesBuildPhase,runOnlyForDeploymentPostprocessing:0,,buildActionMask:2147483647,displayName:Frameworks,files:|,isa:PBXFrameworksBuildPhase,runOnlyForDeploymentPostprocessing:0,,buildActionMask:2147483647,displayName:Resources,files:,isa:PBXResourcesBuildPhase,runOnlyForDeploymentPostprocessing:0,,buildRules:,dependencies:displayName:React-Core,isa:PBXTargetDependency,targetProxy:containerPortal:|,displayName:|,isa:|,proxyType:|,remoteGlobalIDString:|,remoteInfo:|,,,displayName:BVLinearGradient,fileSystemSynchronizedGroups:,isa:PBXNativeTarget,name:BVLinearGradient,packageProductDependencies:,productName:BVLinearGradient,productReference:displayName:BVLinearGradient,explicitFileType:wrapper.framework,includeInIndex:0,isa:PBXFileReference,name:BVLinearGradient,path:BVLinearGradient.framework,sourceTree:BUILT_PRODUCTS_DIR,,productType:com.apple.product-type.framework,/dependencies/displayName:React-Core,isa:PBXTargetDependency,targetProxy:containerPortal:46EB2E00000000,displayName:ContainerItemProxy,isa:PBXContainerItemProxy,proxyType:1,remoteGlobalIDString:46EB2E0001B8C0,remoteInfo:React-Core,,/target/dependencies/displayName:Yoga,isa:PBXTargetDependency,targetProxy:containerPortal:46EB2E00000000,displayName:ContainerItemProxy,isa:PBXContainerItemProxy,proxyType:1,remoteGlobalIDString:46EB2E000263A0,remoteInfo:Yoga,,/target/buildPhases/buildActionMask:2147483647,displayName:Headers,files:displayName:AbsoluteLayout.h,fileRef:displayName:|,includeInIndex:|,isa:|,lastKnownFileType:|,path:|,sourceTree:|,,isa:PBXBuildFile,,displayName:Align.h,fileRef:displayName:|,includeInIndex:|,isa:|,lastKnownFileType:|,path:|,sourceTree:|,,isa:PBXBuildFile,,displayName:Baseline.h,fileRef:displayName:|,includeInIndex:|,isa:|,lastKnownFileType:|,path:|,sourceTree:|,,isa:PBXBuildFile,,displayName:BoundAxis.h,fileRef:displayName:|,includeInIndex:|,isa:|,lastKnownFileType:|,path:|,sourceTree:|,,isa:PBXBuildFile,,displayName:Cache.h,fileRef:displayName:|,includeInIndex:|,isa:|,lastKnownFileType:|,path:|,sourceTree:|,,isa:PBXBuildFile,,displayName:CalculateLayout.h,fileRef:displayName:|,includeInIndex:|,isa:|,lastKnownFileType:|,path:|,sourceTree:|,,isa:PBXBuildFile,,displayName:FlexDirection.h,fileRef:displayName:|,includeInIndex:|,isa:|,lastKnownFileType:|,path:|,sourceTree:|,,isa:PBXBuildFile,,displayName:FlexLine.h,fileRef:displayName:|,includeInIndex:|,isa:|,lastKnownFileType:|,path:|,sourceTree:|,,isa:PBXBuildFile,,displayName:PixelGrid.h,fileRef:displayName:|,includeInIndex:|,isa:|,lastKnownFileType:|,path:|,sourceTree:|,,isa:PBXBuildFile,,displayName:SizingMode.h,fileRef:displayName:|,includeInIndex:|,isa:|,lastKnownFileType:|,path:|,sourceTree:|,,isa:PBXBuildFile,,displayName:TrailingPosition.h,fileRef:displayName:|,includeInIndex:|,isa:|,lastKnownFileType:|,path:|,sourceTree:|,,isa:PBXBuildFile,,displayName:Config.h,fileRef:displayName:|,includeInIndex:|,isa:|,lastKnownFileType:|,path:|,sourceTree:|,,isa:PBXBuildFile,,displayName:AssertFatal.h,fileRef:displayName:|,includeInIndex:|,isa:|,lastKnownFileType:|,path:|,sourceTree:|,,isa:PBXBuildFile,,displayName:Log.h,fileRef:displayName:|,includeInIndex:|,isa:|,lastKnownFileType:|,path:|,sourceTree:|,,isa:PBXBuildFile,,displayName:Align.h,fileRef:displayName:|,includeInIndex:|,isa:|,lastKnownFileType:|,path:|,sourceTree:|,,isa:PBXBuildFile,,displayName:Dimension.h,fileRef:displayName:|,includeInIndex:|,isa:|,lastKnownFileType:|,path:|,sourceTree:|,,isa:PBXBuildFile,,displayName:Direction.h,fileRef:displayName:|,includeInIndex:|,isa:|,lastKnownFileType:|,path:|,sourceTree:|,,isa:PBXBuildFile,,displayName:Display.h,fileRef:displayName:|,includeInIndex:|,isa:|,lastKnownFileType:|,path:|,sourceTree:|,,isa:PBXBuildFile,,displayName:Edge.h,fileRef:displayName:|,includeInIndex:|,isa:|,lastKnownFileType:|,path:|,sourceTree:|,,isa:PBXBuildFile,,displayName:Errata.h,fileRef:displayName:|,includeInIndex:|,isa:|,lastKnownFileType:|,path:|,sourceTree:|,,isa:PBXBuildFile,,displayName:ExperimentalFeature.h,fileRef:displayName:|,includeInIndex:|,isa:|,lastKnownFileType:|,path:|,sourceTree:|,,isa:PBXBuildFile,,displayName:FlexDirection.h,fileRef:displayName:|,includeInIndex:|,isa:|,lastKnownFileType:|,path:|,sourceTree:|,,isa:PBXBuildFile,,displayName:Gutter.h,fileRef:displayName:|,includeInIndex:|,isa:|,lastKnownFileType:|,path:|,sourceTree:|,,isa:PBXBuildFile,,displayName:Justify.h,fileRef:displayName:|,includeInIndex:|,isa:|,lastKnownFileType:|,path:|,sourceTree:|,,isa:PBXBuildFile,,displayName:LogLevel.h,fileRef:displayName:|,includeInIndex:|,isa:|,lastKnownFileType:|,path:|,sourceTree:|,,isa:PBXBuildFile,,displayName:MeasureMode.h,fileRef:displayName:|,includeInIndex:|,isa:|,lastKnownFileType:|,path:|,sourceTree:|,,isa:PBXBuildFile,,displayName:NodeType.h,fileRef:displayName:|,includeInIndex:|,isa:|,lastKnownFileType:|,path:|,sourceTree:|,,isa:PBXBuildFile,,displayName:Overflow.h,fileRef:displayName:|,includeInIndex:|,isa:|,lastKnownFileType:|,path:|,sourceTree:|,,isa:PBXBuildFile,,displayName:PhysicalEdge.h,fileRef:displayName:|,includeInIndex:|,isa:|,lastKnownFileType:|,path:|,sourceTree:|,,isa:PBXBuildFile,,displayName:PositionType.h,fileRef:displayName:|,includeInIndex:|,isa:|,lastKnownFileType:|,path:|,sourceTree:|,,isa:PBXBuildFile,,displayName:Unit.h,fileRef:displayName:|,includeInIndex:|,isa:|,lastKnownFileType:|,path:|,sourceTree:|,,isa:PBXBuildFile,,displayName:Wrap.h,fileRef:displayName:|,includeInIndex:|,isa:|,lastKnownFileType:|,path:|,sourceTree:|,,isa:PBXBuildFile,,displayName:YogaEnums.h,fileRef:displayName:|,includeInIndex:|,isa:|,lastKnownFileType:|,path:|,sourceTree:|,,isa:PBXBuildFile,,displayName:event.h,fileRef:displayName:|,includeInIndex:|,isa:|,lastKnownFileType:|,path:|,sourceTree:|,,isa:PBXBuildFile,,displayName:CachedMeasurement.h,fileRef:displayName:|,includeInIndex:|,isa:|,lastKnownFileType:|,path:|,sourceTree:|,,isa:PBXBuildFile,,displayName:LayoutResults.h,fileRef:displayName:|,includeInIndex:|,isa:|,lastKnownFileType:|,path:|,sourceTree:|,,isa:PBXBuildFile,,displayName:Node.h,fileRef:displayName:|,includeInIndex:|,isa:|,lastKnownFileType:|,path:|,sourceTree:|,,isa:PBXBuildFile,,displayName:Comparison.h,fileRef:displayName:|,includeInIndex:|,isa:|,lastKnownFileType:|,path:|,sourceTree:|,,isa:PBXBuildFile,,displayName:FloatOptional.h,fileRef:displayName:|,includeInIndex:|,isa:|,lastKnownFileType:|,path:|,sourceTree:|,,isa:PBXBuildFile,,displayName:SmallValueBuffer.h,fileRef:displayName:|,includeInIndex:|,isa:|,lastKnownFileType:|,path:|,sourceTree:|,,isa:PBXBuildFile,,displayName:Style.h,fileRef:displayName:|,includeInIndex:|,isa:|,lastKnownFileType:|,path:|,sourceTree:|,,isa:PBXBuildFile,,displayName:StyleLength.h,fileRef:displayName:|,includeInIndex:|,isa:|,lastKnownFileType:|,path:|,sourceTree:|,,isa:PBXBuildFile,,displayName:StyleValueHandle.h,fileRef:displayName:|,includeInIndex:|,isa:|,lastKnownFileType:|,path:|,sourceTree:|,,isa:PBXBuildFile,,displayName:StyleValuePool.h,fileRef:displayName:|,includeInIndex:|,isa:|,lastKnownFileType:|,path:|,sourceTree:|,,isa:PBXBuildFile,,displayName:YGConfig.h,fileRef:displayName:|,includeInIndex:|,isa:|,lastKnownFileType:|,name:|,path:|,sourceTree:|,,isa:PBXBuildFile,,displayName:YGEnums.h,fileRef:displayName:|,includeInIndex:|,isa:|,lastKnownFileType:|,name:|,path:|,sourceTree:|,,isa:PBXBuildFile,,displayName:YGMacros.h,fileRef:displayName:|,includeInIndex:|,isa:|,lastKnownFileType:|,name:|,path:|,sourceTree:|,,isa:PBXBuildFile,,displayName:YGNode.h,fileRef:displayName:|,includeInIndex:|,isa:|,lastKnownFileType:|,name:|,path:|,sourceTree:|,,isa:PBXBuildFile,,displayName:YGNodeLayout.h,fileRef:displayName:|,includeInIndex:|,isa:|,lastKnownFileType:|,name:|,path:|,sourceTree:|,,isa:PBXBuildFile,,displayName:YGNodeStyle.h,fileRef:displayName:|,includeInIndex:|,isa:|,lastKnownFileType:|,name:|,path:|,sourceTree:|,,isa:PBXBuildFile,,displayName:YGPixelGrid.h,fileRef:displayName:|,includeInIndex:|,isa:|,lastKnownFileType:|,name:|,path:|,sourceTree:|,,isa:PBXBuildFile,,displayName:YGValue.h,fileRef:displayName:|,includeInIndex:|,isa:|,lastKnownFileType:|,name:|,path:|,sourceTree:|,,isa:PBXBuildFile,,displayName:Yoga.h,fileRef:displayName:|,includeInIndex:|,isa:|,lastKnownFileType:|,name:|,path:|,sourceTree:|,,isa:PBXBuildFile,,displayName:Yoga-umbrella.h,fileRef:displayName:|,includeInIndex:|,isa:|,lastKnownFileType:|,path:|,sourceTree:|,,isa:PBXBuildFile,settings:ATTRIBUTES:|,,,isa:PBXHeadersBuildPhase,runOnlyForDeploymentPostprocessing:0,/files/displayName:Align.h,fileRef:displayName:Align.h,includeInIndex:1,isa:PBXFileReference,lastKnownFileType:sourcecode.c.h,path:Align.h,sourceTree:<group>,,isa:PBXBuildFile,
PBXBuildFile -- Pods.xcodeproj/targets/buildConfigurationList:buildConfigurations:baseConfigurationReference:|,buildSettings:|,displayName:|,isa:|,name:|,,baseConfigurationReference:|,buildSettings:|,displayName:|,isa:|,name:|,,defaultConfigurationIsVisible:0,defaultConfigurationName:Release,displayName:ConfigurationList,isa:XCConfigurationList,,buildPhases:buildActionMask:2147483647,displayName:Headers,files:|,|,|,|,isa:PBXHeadersBuildPhase,runOnlyForDeploymentPostprocessing:0,,buildActionMask:2147483647,displayName:Sources,files:|,|,|,|,isa:PBXSourcesBuildPhase,runOnlyForDeploymentPostprocessing:0,,buildActionMask:2147483647,displayName:Frameworks,files:|,isa:PBXFrameworksBuildPhase,runOnlyForDeploymentPostprocessing:0,,buildActionMask:2147483647,displayName:Resources,files:,isa:PBXResourcesBuildPhase,runOnlyForDeploymentPostprocessing:0,,buildRules:,dependencies:displayName:React-Core,isa:PBXTargetDependency,targetProxy:containerPortal:|,displayName:|,isa:|,proxyType:|,remoteGlobalIDString:|,remoteInfo:|,,,displayName:BVLinearGradient,fileSystemSynchronizedGroups:,isa:PBXNativeTarget,name:BVLinearGradient,packageProductDependencies:,productName:BVLinearGradient,productReference:displayName:BVLinearGradient,explicitFileType:wrapper.framework,includeInIndex:0,isa:PBXFileReference,name:BVLinearGradient,path:BVLinearGradient.framework,sourceTree:BUILT_PRODUCTS_DIR,,productType:com.apple.product-type.framework,/dependencies/displayName:React-Core,isa:PBXTargetDependency,targetProxy:containerPortal:46EB2E00000000,displayName:ContainerItemProxy,isa:PBXContainerItemProxy,proxyType:1,remoteGlobalIDString:46EB2E0001B8C0,remoteInfo:React-Core,,/target/dependencies/displayName:Yoga,isa:PBXTargetDependency,targetProxy:containerPortal:46EB2E00000000,displayName:ContainerItemProxy,isa:PBXContainerItemProxy,proxyType:1,remoteGlobalIDString:46EB2E000263A0,remoteInfo:Yoga,,/target/buildPhases/buildActionMask:2147483647,displayName:Headers,files:displayName:AbsoluteLayout.h,fileRef:displayName:|,includeInIndex:|,isa:|,lastKnownFileType:|,path:|,sourceTree:|,,isa:PBXBuildFile,,displayName:Align.h,fileRef:displayName:|,includeInIndex:|,isa:|,lastKnownFileType:|,path:|,sourceTree:|,,isa:PBXBuildFile,,displayName:Baseline.h,fileRef:displayName:|,includeInIndex:|,isa:|,lastKnownFileType:|,path:|,sourceTree:|,,isa:PBXBuildFile,,displayName:BoundAxis.h,fileRef:displayName:|,includeInIndex:|,isa:|,lastKnownFileType:|,path:|,sourceTree:|,,isa:PBXBuildFile,,displayName:Cache.h,fileRef:displayName:|,includeInIndex:|,isa:|,lastKnownFileType:|,path:|,sourceTree:|,,isa:PBXBuildFile,,displayName:CalculateLayout.h,fileRef:displayName:|,includeInIndex:|,isa:|,lastKnownFileType:|,path:|,sourceTree:|,,isa:PBXBuildFile,,displayName:FlexDirection.h,fileRef:displayName:|,includeInIndex:|,isa:|,lastKnownFileType:|,path:|,sourceTree:|,,isa:PBXBuildFile,,displayName:FlexLine.h,fileRef:displayName:|,includeInIndex:|,isa:|,lastKnownFileType:|,path:|,sourceTree:|,,isa:PBXBuildFile,,displayName:PixelGrid.h,fileRef:displayName:|,includeInIndex:|,isa:|,lastKnownFileType:|,path:|,sourceTree:|,,isa:PBXBuildFile,,displayName:SizingMode.h,fileRef:displayName:|,includeInIndex:|,isa:|,lastKnownFileType:|,path:|,sourceTree:|,,isa:PBXBuildFile,,displayName:TrailingPosition.h,fileRef:displayName:|,includeInIndex:|,isa:|,lastKnownFileType:|,path:|,sourceTree:|,,isa:PBXBuildFile,,displayName:Config.h,fileRef:displayName:|,includeInIndex:|,isa:|,lastKnownFileType:|,path:|,sourceTree:|,,isa:PBXBuildFile,,displayName:AssertFatal.h,fileRef:displayName:|,includeInIndex:|,isa:|,lastKnownFileType:|,path:|,sourceTree:|,,isa:PBXBuildFile,,displayName:Log.h,fileRef:displayName:|,includeInIndex:|,isa:|,lastKnownFileType:|,path:|,sourceTree:|,,isa:PBXBuildFile,,displayName:Align.h,fileRef:displayName:|,includeInIndex:|,isa:|,lastKnownFileType:|,path:|,sourceTree:|,,isa:PBXBuildFile,,displayName:Dimension.h,fileRef:displayName:|,includeInIndex:|,isa:|,lastKnownFileType:|,path:|,sourceTree:|,,isa:PBXBuildFile,,displayName:Direction.h,fileRef:displayName:|,includeInIndex:|,isa:|,lastKnownFileType:|,path:|,sourceTree:|,,isa:PBXBuildFile,,displayName:Display.h,fileRef:displayName:|,includeInIndex:|,isa:|,lastKnownFileType:|,path:|,sourceTree:|,,isa:PBXBuildFile,,displayName:Edge.h,fileRef:displayName:|,includeInIndex:|,isa:|,lastKnownFileType:|,path:|,sourceTree:|,,isa:PBXBuildFile,,displayName:Errata.h,fileRef:displayName:|,includeInIndex:|,isa:|,lastKnownFileType:|,path:|,sourceTree:|,,isa:PBXBuildFile,,displayName:ExperimentalFeature.h,fileRef:displayName:|,includeInIndex:|,isa:|,lastKnownFileType:|,path:|,sourceTree:|,,isa:PBXBuildFile,,displayName:FlexDirection.h,fileRef:displayName:|,includeInIndex:|,isa:|,lastKnownFileType:|,path:|,sourceTree:|,,isa:PBXBuildFile,,displayName:Gutter.h,fileRef:displayName:|,includeInIndex:|,isa:|,lastKnownFileType:|,path:|,sourceTree:|,,isa:PBXBuildFile,,displayName:Justify.h,fileRef:displayName:|,includeInIndex:|,isa:|,lastKnownFileType:|,path:|,sourceTree:|,,isa:PBXBuildFile,,displayName:LogLevel.h,fileRef:displayName:|,includeInIndex:|,isa:|,lastKnownFileType:|,path:|,sourceTree:|,,isa:PBXBuildFile,,displayName:MeasureMode.h,fileRef:displayName:|,includeInIndex:|,isa:|,lastKnownFileType:|,path:|,sourceTree:|,,isa:PBXBuildFile,,displayName:NodeType.h,fileRef:displayName:|,includeInIndex:|,isa:|,lastKnownFileType:|,path:|,sourceTree:|,,isa:PBXBuildFile,,displayName:Overflow.h,fileRef:displayName:|,includeInIndex:|,isa:|,lastKnownFileType:|,path:|,sourceTree:|,,isa:PBXBuildFile,,displayName:PhysicalEdge.h,fileRef:displayName:|,includeInIndex:|,isa:|,lastKnownFileType:|,path:|,sourceTree:|,,isa:PBXBuildFile,,displayName:PositionType.h,fileRef:displayName:|,includeInIndex:|,isa:|,lastKnownFileType:|,path:|,sourceTree:|,,isa:PBXBuildFile,,displayName:Unit.h,fileRef:displayName:|,includeInIndex:|,isa:|,lastKnownFileType:|,path:|,sourceTree:|,,isa:PBXBuildFile,,displayName:Wrap.h,fileRef:displayName:|,includeInIndex:|,isa:|,lastKnownFileType:|,path:|,sourceTree:|,,isa:PBXBuildFile,,displayName:YogaEnums.h,fileRef:displayName:|,includeInIndex:|,isa:|,lastKnownFileType:|,path:|,sourceTree:|,,isa:PBXBuildFile,,displayName:event.h,fileRef:displayName:|,includeInIndex:|,isa:|,lastKnownFileType:|,path:|,sourceTree:|,,isa:PBXBuildFile,,displayName:CachedMeasurement.h,fileRef:displayName:|,includeInIndex:|,isa:|,lastKnownFileType:|,path:|,sourceTree:|,,isa:PBXBuildFile,,displayName:LayoutResults.h,fileRef:displayName:|,includeInIndex:|,isa:|,lastKnownFileType:|,path:|,sourceTree:|,,isa:PBXBuildFile,,displayName:Node.h,fileRef:displayName:|,includeInIndex:|,isa:|,lastKnownFileType:|,path:|,sourceTree:|,,isa:PBXBuildFile,,displayName:Comparison.h,fileRef:displayName:|,includeInIndex:|,isa:|,lastKnownFileType:|,path:|,sourceTree:|,,isa:PBXBuildFile,,displayName:FloatOptional.h,fileRef:displayName:|,includeInIndex:|,isa:|,lastKnownFileType:|,path:|,sourceTree:|,,isa:PBXBuildFile,,displayName:SmallValueBuffer.h,fileRef:displayName:|,includeInIndex:|,isa:|,lastKnownFileType:|,path:|,sourceTree:|,,isa:PBXBuildFile,,displayName:Style.h,fileRef:displayName:|,includeInIndex:|,isa:|,lastKnownFileType:|,path:|,sourceTree:|,,isa:PBXBuildFile,,displayName:StyleLength.h,fileRef:displayName:|,includeInIndex:|,isa:|,lastKnownFileType:|,path:|,sourceTree:|,,isa:PBXBuildFile,,displayName:StyleValueHandle.h,fileRef:displayName:|,includeInIndex:|,isa:|,lastKnownFileType:|,path:|,sourceTree:|,,isa:PBXBuildFile,,displayName:StyleValuePool.h,fileRef:displayName:|,includeInIndex:|,isa:|,lastKnownFileType:|,path:|,sourceTree:|,,isa:PBXBuildFile,,displayName:YGConfig.h,fileRef:displayName:|,includeInIndex:|,isa:|,lastKnownFileType:|,name:|,path:|,sourceTree:|,,isa:PBXBuildFile,,displayName:YGEnums.h,fileRef:displayName:|,includeInIndex:|,isa:|,lastKnownFileType:|,name:|,path:|,sourceTree:|,,isa:PBXBuildFile,,displayName:YGMacros.h,fileRef:displayName:|,includeInIndex:|,isa:|,lastKnownFileType:|,name:|,path:|,sourceTree:|,,isa:PBXBuildFile,,displayName:YGNode.h,fileRef:displayName:|,includeInIndex:|,isa:|,lastKnownFileType:|,name:|,path:|,sourceTree:|,,isa:PBXBuildFile,,displayName:YGNodeLayout.h,fileRef:displayName:|,includeInIndex:|,isa:|,lastKnownFileType:|,name:|,path:|,sourceTree:|,,isa:PBXBuildFile,,displayName:YGNodeStyle.h,fileRef:displayName:|,includeInIndex:|,isa:|,lastKnownFileType:|,name:|,path:|,sourceTree:|,,isa:PBXBuildFile,,displayName:YGPixelGrid.h,fileRef:displayName:|,includeInIndex:|,isa:|,lastKnownFileType:|,name:|,path:|,sourceTree:|,,isa:PBXBuildFile,,displayName:YGValue.h,fileRef:displayName:|,includeInIndex:|,isa:|,lastKnownFileType:|,name:|,path:|,sourceTree:|,,isa:PBXBuildFile,,displayName:Yoga.h,fileRef:displayName:|,includeInIndex:|,isa:|,lastKnownFileType:|,name:|,path:|,sourceTree:|,,isa:PBXBuildFile,,displayName:Yoga-umbrella.h,fileRef:displayName:|,includeInIndex:|,isa:|,lastKnownFileType:|,path:|,sourceTree:|,,isa:PBXBuildFile,settings:ATTRIBUTES:|,,,isa:PBXHeadersBuildPhase,runOnlyForDeploymentPostprocessing:0,/files/displayName:FlexDirection.h,fileRef:displayName:FlexDirection.h,includeInIndex:1,isa:PBXFileReference,lastKnownFileType:sourcecode.c.h,path:FlexDirection.h,sourceTree:<group>,,isa:PBXBuildFile,
